Rk,Player,Pos,Age,Tm,G,MP,PER,TS%,3PAr,FTr,ORB%,DRB%,TRB%,AST%,STL%,BLK%,TOV%,USG%,,OWS,DWS,WS,WS/48,,OBPM,DBPM,BPM,VORP
1,Alex Abrines,SG,24,OKC,37,580,7.8,0.55,0.698,0.165,2.7,9.9,6.2,3.6,1.7,0.3,10.8,12.6,,0.4,0.5,0.9,0.077,,-1.5,-1.6,-3.1,-0.2
2,Quincy Acy,PF,27,BRK,35,664,7,0.519,0.757,0.221,3.2,19.1,11.1,4.8,0.9,0.9,16.4,15.2,,-0.3,0.6,0.4,0.025,,-3,-0.4,-3.4,-0.2
3,Steven Adams,C,24,OKC,36,1156,21.5,0.651,0.003,0.323,17,13.3,15.2,4.7,1.8,2.9,12.6,16.2,,3.6,1.5,5,0.209,,2.6,0.8,3.5,1.6
4,Bam Adebayo,C,20,MIA,31,604,16.9,0.627,0.015,0.5,10.3,19.7,15,8.5,1.5,2.9,14.9,14.7,,1.3,0.8,2.1,0.166,,-0.6,1.9,1.4,0.5
5,Arron Afflalo,SG,32,ORL,32,431,4.7,0.491,0.409,0.215,0.8,9.2,4.9,5,0.2,0.7,9.8,11.4,,-0.1,0,-0.1,-0.006,,-4.1,-2,-6.1,-0.4
6,Cole Aldrich,C,29,MIN,9,20,12.1,0.444,0,0.286,11.5,11.8,11.7,7.3,5,0,11.3,19.7,,0,0,0,0.058,,-2.8,0.6,-2.2,0
7,LaMarcus Aldridge,C,32,SAS,40,1351,24.4,0.562,0.086,0.304,11.2,17.3,14.3,10.5,0.8,2.7,6.7,28.8,,4,1.9,5.9,0.21,,2.7,-0.2,2.5,1.5
8,Jarrett Allen,C,19,BRK,31,524,15.2,0.576,0.042,0.324,10.6,16.4,13.5,3.5,1.4,4.4,13.4,15.2,,0.7,0.7,1.4,0.126,,-2.4,2,-0.4,0.2
9,Kadeem Allen,PG,25,BOS,3,8,4.2,0.399,1,2,13.9,13.3,13.6,0,0,0,21,26.7,,0,0,0,-0.097,,-7.1,-8.1,-15.3,0
10,Tony Allen,SF,36,NOP,22,273,8.8,0.514,0.132,0.231,8.6,10.7,9.7,4.7,1.9,0.9,15.9,19.2,,-0.1,0.2,0,0.009,,-3.9,-1.7,-5.6,-0.2
11,Al-Farouq Aminu,PF,27,POR,27,819,11.8,0.542,0.582,0.12,4.4,20.2,12.4,5.5,1.5,2.1,11.6,14.4,,0.5,1.3,1.7,0.102,,-0.8,1.8,1,0.6
12,Justin Anderson,SF,24,PHI,11,135,8.6,0.462,0.569,0.137,8.2,16.1,12.3,4.3,1.1,0.6,6.9,18.1,,0,0.1,0.2,0.054,,-2.6,-2.7,-5.2,-0.1
13,Kyle Anderson,SF,24,SAS,34,926,15.7,0.585,0.083,0.38,4.6,19.5,12.1,14.3,2.5,2.2,16.1,13.9,,1.2,1.8,3,0.154,,-0.5,3.9,3.4,1.3
14,Ryan Anderson,PF,29,HOU,38,1074,12.2,0.581,0.719,0.166,6.3,15.9,11.1,4.7,0.7,1.1,8.9,14.9,,1.6,0.8,2.4,0.109,,0.8,-1.2,-0.4,0.4
15,Ike Anigbogu,C,19,IND,7,21,24.3,0.517,0,0.75,27.7,16.1,21.8,0,2.4,8.2,15.8,26.8,,0,0,0.1,0.157,,-4.3,-3.5,-7.8,0
16,Giannis Antetokounmpo,PF,23,MIL,37,1395,30.1,0.621,0.088,0.483,7.1,25.3,16.2,23.1,2.2,3,10.8,31.5,,5.6,1.7,7.2,0.249,,5.6,1.5,7.1,3.2
17,Carmelo Anthony,PF,33,OKC,40,1314,14.6,0.523,0.378,0.196,2.4,18.4,10.2,7.6,1.1,1.7,7.7,24.3,,1.2,1.5,2.7,0.097,,-1.1,-1.8,-2.9,-0.3
18,OG Anunoby,SF,20,TOR,39,836,9.7,0.591,0.609,0.161,2.9,8.9,6,5.2,2,0.2,11.6,12.1,,0.8,0.9,1.6,0.094,,0.6,0.2,0.8,0.6
19,Ryan Arcidiacono,PG,23,CHI,1,5,-13,0,1,0,0,0,0,25,0,0,0,17.6,,0,0,0,-0.361,,-12.7,-9.9,-22.6,0
20,Trevor Ariza,SF,32,HOU,37,1337,12.3,0.593,0.74,0.137,1.6,13.3,7.5,6.9,2,0.5,7.4,13.6,,1.9,1.3,3.2,0.116,,1.5,0.4,1.9,1.3
21,Darrell Arthur,PF,29,DEN,5,43,-9.4,0.25,0.643,0,2.6,13,7.8,3.1,2.3,0,33.3,21.2,,-0.3,0,-0.3,-0.309,,-13.1,-1.9,-14.9,-0.1
22,Jamel Artis,SG,25,ORL,5,55,0.8,0.246,0.294,0.176,2,12,6.9,9.7,0,0,0,14.5,,-0.2,0,-0.2,-0.132,,-8,-3,-11,-0.1
23,Omer Asik,C,31,NOP,10,78,5.7,0.444,0,0.5,6,27.8,17.3,3.2,0,0,12,9.4,,0,0,0,0.019,,-6.5,-2,-8.5,-0.1
24,D.J. Augustin,PG,30,ORL,34,699,13.9,0.609,0.53,0.414,1.1,7.2,4.1,21.3,1.9,0,17.3,17.6,,1.1,0.3,1.3,0.093,,0.8,-2.4,-1.7,0.1
25,Luke Babbitt,SF,28,ATL,30,517,11.4,0.622,0.642,0.149,0.9,15.3,7.9,6.7,0.7,0.7,8.7,14.7,,0.7,0.1,0.9,0.081,,-0.1,-2.4,-2.5,-0.1
26,Dwayne Bacon,SG,22,CHO,30,453,5,0.428,0.274,0.124,0.2,21.2,10.5,6.3,1,0.4,11.2,12.8,,-0.5,0.5,0,0,,-5.9,0.6,-5.4,-0.4
27,Ron Baker,SG,24,NYK,20,292,10.4,0.531,0.489,0.533,1.2,4.5,2.9,17.3,3.6,1.5,21.3,10.6,,0.2,0.4,0.5,0.083,,-1.3,0.9,-0.4,0.1
28,Lonzo Ball,PG,20,LAL,34,1143,11.8,0.428,0.483,0.133,4,18.4,11.1,29.4,2.1,2.3,19,17.9,,-0.7,1.5,0.7,0.031,,-1.8,2.3,0.5,0.7
29,J.J. Barea,PG,33,DAL,42,972,18.9,0.552,0.455,0.183,1,14.3,7.4,44,1.2,0.2,15.6,25.3,,1.7,0.7,2.3,0.116,,3,-1.9,1.2,0.8
30,Harrison Barnes,PF,25,DAL,42,1461,16.1,0.542,0.248,0.259,3.6,18.3,10.7,10.4,0.9,0.4,8.8,24.8,,1.2,1,2.3,0.075,,-0.6,-1.1,-1.7,0.1
31,Will Barton,SG,27,DEN,39,1198,16.6,0.543,0.403,0.219,3,14.9,8.9,20.1,1.6,1.7,10.8,21.1,,2,1.1,3.1,0.123,,1.5,-0.1,1.4,1
32,Nicolas Batum,SG,29,CHO,24,740,12.2,0.497,0.402,0.158,2.1,12.4,7.2,24.2,1.4,1,15.8,17.3,,0.2,0.8,0.9,0.06,,-0.8,0.6,-0.1,0.3
33,Jerryd Bayless,SG,29,PHI,32,809,8.3,0.552,0.57,0.186,1.6,7.7,4.8,8.4,1.3,0.6,13.5,15.4,,0.3,0.7,1,0.057,,-1.4,-1.1,-2.5,-0.1
34,Aron Baynes,C,31,BOS,43,795,12.5,0.516,0.027,0.243,9.8,21.4,15.7,7.6,0.8,2.9,14.1,16.5,,0.4,1.5,1.9,0.114,,-3.8,2.2,-1.6,0.1
35,Kent Bazemore,SG,28,ATL,40,1134,14.7,0.535,0.398,0.296,1.7,16.2,8.8,20.6,3.3,2.1,17.7,21.9,,0.1,1.3,1.4,0.06,,-0.7,1.5,0.8,0.8
36,Bradley Beal,SG,24,WAS,40,1425,19.9,0.558,0.347,0.277,2.5,11.2,6.8,17.4,1.6,1.2,8.7,28.6,,2.6,1.5,4.1,0.139,,3.1,-0.9,2.1,1.5
37,Malik Beasley,SG,21,DEN,35,362,9.1,0.509,0.431,0.183,2.8,13.3,8.1,8.7,1.1,0.7,12.6,16.2,,0,0.2,0.3,0.037,,-2.8,-1.8,-4.6,-0.2
38,Michael Beasley,PF,29,NYK,33,615,19.2,0.57,0.098,0.229,6.9,22.4,14.8,12.6,1.1,2.3,16,29.5,,0.3,0.7,1,0.079,,-1,-0.5,-1.5,0.1
39,Marco Belinelli,SG,31,ATL,40,940,15.2,0.561,0.501,0.225,1.2,8.4,4.7,14,2,0.3,9.5,21.7,,1.3,0.4,1.6,0.084,,1.1,-2.7,-1.6,0.1
40,Jordan Bell,C,23,GSW,35,518,19.8,0.663,0.024,0.224,10.6,19.2,15.3,17,2.4,6,20.3,14.4,,1.2,1,2.2,0.206,,1.3,4.5,5.8,1
41,DeAndre' Bembry,SF,23,ATL,18,311,4.7,0.447,0.227,0.239,2.5,12.7,7.5,12,2.1,2.3,27,18.8,,-0.8,0.2,-0.6,-0.094,,-7.2,0.4,-6.8,-0.4
42,Dragan Bender,PF,20,PHO,42,902,7.3,0.524,0.705,0.091,1.6,13.9,7.7,7.7,0.6,2.3,16.1,12.7,,-0.1,0.4,0.2,0.012,,-2.1,-0.3,-2.5,-0.1
43,Davis Bertans,PF,25,SAS,38,455,15.8,0.631,0.721,0.136,2.2,15.1,8.7,8.5,0.9,2.6,8.9,17.7,,0.9,0.6,1.6,0.164,,2.1,-0.5,1.6,0.4
44,Patrick Beverley,SG,29,LAC,11,334,12.8,0.53,0.504,0.143,5.2,9.6,7.4,14.6,2.8,1.3,16.5,19.8,,0.1,0.3,0.4,0.062,,0.5,0.4,0.9,0.2
45,Khem Birch,C,25,ORL,7,21,12.3,0.5,0,0,15.4,10.5,13,7.6,0,0,0,16.6,,0,0,0,0.1,,-0.6,-3.7,-4.2,0
46,Jabari Bird,SG,23,BOS,4,22,6.1,0.403,0.5,1.25,0,9.7,4.9,6.2,2.3,0,0,12.7,,0,0,0,0.064,,-4.5,0,-4.4,0
47,Bismack Biyombo,C,25,ORL,41,711,11.9,0.535,0.007,0.483,10.6,23.7,17.1,3.1,0.4,5.5,19,13.8,,0.2,0.7,0.9,0.059,,-4.9,1.3,-3.6,-0.3
48,Nemanja Bjelica,PF,29,MIN,27,383,13.4,0.63,0.482,0.143,3.9,16.6,10.2,5.7,1.6,0.9,11.8,15.7,,0.6,0.3,0.9,0.114,,0.7,-1.3,-0.6,0.1
49,Tarik Black,C,26,HOU,31,306,13.5,0.562,0.103,0.474,13.8,21.8,17.8,3.9,1.7,5,20.3,16.8,,0.2,0.5,0.7,0.105,,-3.6,1.4,-2.2,0
50,Antonio Blakeney,SG,21,CHI,11,163,8.1,0.457,0.364,0.247,1.9,11.6,6.6,6.8,0.6,0,8.6,25.1,,-0.2,0.1,-0.2,-0.054,,-5,-4.4,-9.4,-0.3
51,Eric Bledsoe,PG,28,TOT,32,996,18.9,0.566,0.35,0.362,2.7,11.8,7.3,21.6,3.3,1.8,16,27.3,,0.8,1,1.8,0.087,,1.4,-0.5,0.9,0.7
51,Eric Bledsoe,PG,28,PHO,3,83,13.3,0.509,0.325,0.35,3.8,5.2,4.5,17.8,2.3,1.9,17.8,28.5,,-0.1,0,0,-0.012,,-2,-2.4,-4.4,0
51,Eric Bledsoe,PG,28,MIL,29,913,19.4,0.571,0.353,0.363,2.6,12.4,7.5,22,3.4,1.7,15.8,27.2,,0.9,1,1.8,0.096,,1.7,-0.3,1.4,0.8
52,Vander Blue,SG,25,LAL,5,45,-1.8,0.255,0.4,0.4,0,2.4,1.2,8.2,1.1,0,33.8,8.2,,-0.1,0,-0.1,-0.104,,-8.8,-1.5,-10.3,-0.1
53,Bogdan Bogdanovic,SG,25,SAC,37,964,14,0.58,0.407,0.183,1.4,9.9,5.5,17.2,1.9,1,14.9,18.8,,0.9,0.4,1.3,0.065,,0.5,-1.5,-1,0.3
54,Bojan Bogdanovic,SF,28,IND,39,1211,12.8,0.592,0.458,0.189,0.9,10.5,5.8,6.9,1.1,0.1,9.6,18.4,,1.5,0.5,2,0.081,,0.8,-2.3,-1.5,0.2
55,Andrew Bogut,C,33,LAL,24,216,10.8,0.696,0,0.08,12.6,25.8,19.1,9.2,0.9,4.9,42.3,8.7,,0.1,0.3,0.4,0.087,,-3.9,3.5,-0.4,0.1
56,Joel Bolomboy,PF,24,MIL,6,38,11.9,0.521,0.167,1,19,12.7,15.9,0,2.6,0,18.8,12.8,,0,0,0.1,0.079,,-2.8,-4.9,-7.7,-0.1
57,Devin Booker,SG,21,PHO,32,1093,19,0.575,0.359,0.342,1.3,12.5,6.8,22.4,1.3,0.6,13.8,31,,1.7,0.4,2.2,0.096,,3.3,-2.5,0.8,0.8
58,Trevor Booker,PF,30,TOT,31,592,16.3,0.551,0.07,0.305,11.8,20.3,16,13.9,1.3,1.3,15.3,19.2,,0.7,0.7,1.4,0.114,,-0.9,1.1,0.2,0.3
58,Trevor Booker,PF,30,BRK,18,395,15.6,0.536,0.087,0.287,10.1,21.7,15.9,16.1,1,1,15.1,21.4,,0.3,0.4,0.7,0.088,,-1.3,0.9,-0.3,0.2
58,Trevor Booker,PF,30,PHI,13,197,17.7,0.596,0.02,0.36,15.2,17.4,16.3,9.5,1.9,2.1,16,14.7,,0.4,0.3,0.7,0.166,,-0.2,1.5,1.3,0.2
59,Avery Bradley,SG,27,DET,32,1011,11.1,0.51,0.341,0.166,1.8,6.8,4.3,11.1,1.9,0.5,13.4,24.5,,-0.6,0.9,0.3,0.016,,-1.9,-1.1,-3,-0.3
60,Tony Bradley,C,20,UTA,8,28,10.1,0.337,0.091,0.182,16,29.3,22.5,5.4,0,0,0,19.4,,0,0,0,0.009,,-6.7,-3.6,-10.3,-0.1
61,Corey Brewer,SF,31,LAL,40,478,9.2,0.538,0.288,0.351,2.4,10.3,6.3,8.4,3,1.2,18.5,13.7,,-0.1,0.6,0.5,0.05,,-3.5,1,-2.5,-0.1
62,Malcolm Brogdon,PG,25,MIL,38,1161,14.2,0.565,0.316,0.155,1.9,10.8,6.3,16.7,1.5,0.7,10.9,19.6,,1.5,0.5,1.9,0.08,,0.6,-2.2,-1.6,0.1
63,Aaron Brooks,PG,33,MIN,19,147,9.8,0.502,0.417,0.083,3.9,6.4,5.2,15.5,1.7,0,12.3,17.2,,0.1,0.1,0.1,0.048,,-0.9,-2.7,-3.6,-0.1
64,Dillon Brooks,SF,22,MEM,39,1057,7.9,0.549,0.367,0.184,2,10.2,6.1,6.4,1.4,1.1,13.5,13.9,,0.2,0.6,0.8,0.035,,-2.3,-0.4,-2.6,-0.2
65,Bobby Brown,PG,33,HOU,20,115,5.4,0.425,0.69,0.034,0,6.9,3.5,14.8,1.7,0,13.3,25.6,,-0.3,0.1,-0.2,-0.083,,-4.9,-4.5,-9.4,-0.2
66,Jaylen Brown,SF,21,BOS,38,1191,13.3,0.552,0.399,0.308,3.7,15.8,9.9,6.5,1.8,1.2,11.4,20.6,,0.5,2.1,2.6,0.106,,-1,0.9,0,0.6
67,Lorenzo Brown,PG,27,TOR,9,60,4.9,0.222,0.444,0,0,16.7,8.5,12.3,2.4,0,0,6.5,,0,0.1,0,0.029,,-4.7,1.9,-2.8,0
68,Sterling Brown,SG,22,MIL,14,99,13.5,0.575,0.273,0.121,6.1,12.2,9.1,4.6,3.5,1.8,12.6,18.4,,0.1,0.1,0.2,0.085,,-1.4,-1.1,-2.5,0
69,Nicolas Brussino,SF,24,ATL,4,10,-4.7,0,1,0,0,34.9,17.1,0,0,0,0,8.8,,0,0,0,-0.182,,-13.6,-5.4,-19,0
70,Thomas Bryant,C,20,LAL,3,6,-0.7,0.266,1,2,0,17.8,8.8,0,0,0,0,13.1,,0,0,0,-0.102,,-8.6,-5.8,-14.5,0
71,Reggie Bullock,SF,26,DET,25,561,12.9,0.64,0.563,0.077,1.8,6.3,3.9,6.4,1.8,0.6,5.8,12.3,,1,0.5,1.5,0.128,,1.2,-0.1,1.1,0.4
72,Alec Burks,SG,26,UTA,39,732,15.4,0.535,0.329,0.313,2.3,18.4,10.2,10.1,2.1,0.9,9.9,23.9,,0.4,0.9,1.3,0.087,,-1.6,-0.6,-2.2,0
73,Jimmy Butler,SG,28,MIN,40,1476,23.1,0.583,0.216,0.417,4.4,12.6,8.4,21.8,2.6,0.7,9.8,24.6,,4.7,1.4,6,0.196,,4.5,0.1,4.7,2.5
74,Dwight Buycks,PG,28,DET,7,97,15.4,0.558,0.25,0.182,2.3,10.8,6.4,28.3,1,0.9,20.2,27.2,,0,0.1,0.1,0.046,,-1.7,-2.1,-3.7,0
75,Bruno Caboclo,SF,22,TOR,2,7,-0.1,0,1,0,0,15.9,8.1,16.8,7,0,0,12.5,,0,0,0,-0.116,,-6.6,4.2,-2.3,0
76,Jose Calderon,PG,36,CLE,30,532,10,0.64,0.6,0.156,1.7,7.7,4.8,16.7,1.7,0,19.3,10,,0.8,0.2,1,0.086,,0,-1.8,-1.8,0
77,Kentavious Caldwell-Pope,SG,24,LAL,34,1148,12.2,0.524,0.503,0.217,2.6,12.8,7.6,8.9,2.3,0.7,10.1,17.6,,0.6,1.2,1.8,0.074,,-0.4,0.3,-0.2,0.5
78,Isaiah Canaan,PG-SG,26,TOT,11,236,17.6,0.598,0.471,0.443,0.9,11,5.9,30.7,2.2,0,14.3,17.4,,0.6,0.1,0.8,0.156,,2.2,-2.4,-0.2,0.1
78,Isaiah Canaan,SG,26,HOU,1,4,-7.2,0,0,0,0,28.2,14.2,0,0,0,0,10.8,,0,0,0,-0.229,,-16.9,-4.3,-21.1,0
78,Isaiah Canaan,PG,26,PHO,10,232,18,0.605,0.478,0.449,0.9,10.7,5.7,31.2,2.3,0,14.5,17.5,,0.7,0.1,0.8,0.162,,2.5,-2.3,0.2,0.1
79,Clint Capela,C,23,HOU,34,887,25.9,0.672,0.003,0.36,14.1,34.1,24.2,7.8,1.2,5.8,13.5,20.4,,3,1.6,4.6,0.247,,0.8,2.7,3.5,1.2
80,DeMarre Carroll,SF,31,BRK,36,1037,13.4,0.522,0.473,0.316,5.9,18.7,12.2,9.5,1.3,1.1,10.5,19.6,,0.8,1.1,1.9,0.087,,-0.4,0.4,0,0.5
81,Vince Carter,SF,41,SAC,25,387,10.1,0.46,0.533,0.105,2,13,7.3,9.3,2.5,4.2,7.6,13.8,,-0.1,0.4,0.3,0.036,,-2.4,1.5,-0.9,0.1
82,Michael Carter-Williams,PG,26,CHO,27,439,8.7,0.413,0.23,0.478,5.3,13.4,9.3,20.3,2.3,2.1,20.4,16.9,,-0.5,0.6,0.2,0.018,,-4.1,2.4,-1.7,0
83,Alex Caruso,PG,23,LAL,11,96,1.5,0.382,0.235,0.176,2.2,8.9,5.5,14.8,1,0.8,30.4,11.4,,-0.2,0.1,-0.1,-0.062,,-7.5,-0.7,-8.2,-0.1
84,Omri Casspi,SF,29,GSW,34,551,17.1,0.673,0.118,0.349,4.6,23.7,15.1,9.6,1,2.6,13.3,15.9,,1.2,0.8,2,0.177,,-0.1,0.5,0.4,0.3
85,Willie Cauley-Stein,C,24,SAC,37,967,18,0.536,0.02,0.342,7,21.4,13.9,14.1,1.8,3,11.4,21.2,,1,0.9,1.9,0.093,,-1,1.2,0.2,0.5
86,Tyler Cavanaugh,PF,23,ATL,28,407,14.9,0.613,0.605,0.149,9.3,18,13.6,9.2,1.1,0.7,8.3,14.3,,1,0.2,1.2,0.137,,2.1,-1.6,0.5,0.3
87,Mario Chalmers,PG,31,MEM,36,815,10.2,0.481,0.434,0.295,1.1,13.1,7.1,21.5,2.8,0.7,17,19.3,,-0.4,0.8,0.4,0.026,,-2.4,-0.1,-2.4,-0.1
88,Tyson Chandler,C,35,PHO,31,800,14.3,0.642,0,0.511,12.6,27.9,20.1,6.1,0.7,2,19.6,10.5,,1.3,0.7,2,0.12,,-1,1,0.1,0.4
89,Wilson Chandler,SF,30,DEN,36,1127,10.2,0.527,0.396,0.218,5.2,14.4,9.8,9.5,0.7,1.1,14,14.9,,0.8,0.7,1.5,0.062,,-1,-0.3,-1.3,0.2
90,Marquese Chriss,PF,20,PHO,42,890,10.9,0.511,0.431,0.304,4.6,20.6,12.5,8.8,1.6,3.7,15.5,16.5,,-0.1,0.9,0.8,0.043,,-2.3,1.5,-0.9,0.3
91,Ian Clark,SG,26,NOP,33,486,7.8,0.499,0.53,0.139,0.5,8.7,4.8,12,1.1,0.3,10.1,16.1,,0,0.1,0.1,0.015,,-2.3,-2.7,-5,-0.4
92,Jordan Clarkson,SG,25,LAL,40,915,16.5,0.531,0.315,0.181,3.7,9,6.3,22.2,1.4,0.1,11.5,27,,0.8,0.6,1.4,0.074,,0.9,-2.7,-1.8,0
93,Gian Clavell,SG,24,DAL,7,64,7.6,0.53,0.833,0.111,1.7,11,6.2,6.7,1.6,0,9.6,14.9,,0,0,0.1,0.043,,-1.3,-1.7,-3.1,0
94,Antonius Cleveland,SG,23,DAL,13,81,5.2,0.317,0.071,0.286,2.7,11.5,6.9,3.3,3.7,4.5,11.3,10,,-0.1,0.1,0,-0.004,,-7.2,4.7,-2.5,0
95,John Collins,PF,20,ATL,34,760,21,0.618,0.019,0.374,14.7,20.5,17.6,7.9,1.6,4.4,13.8,20.1,,1.8,0.8,2.6,0.165,,0.8,1.1,1.9,0.8
96,Zach Collins,C,20,POR,24,337,7.4,0.432,0.317,0.154,6,17.8,12,8.3,1.2,2.6,14.6,17,,-0.4,0.5,0.1,0.016,,-4.6,1.2,-3.4,-0.1
97,Kyle Collinsworth,SF,26,DAL,4,23,8.5,0.694,0.5,1,0,10.2,4.9,11.6,2.2,0,25.8,7.7,,0,0,0,0.073,,-2.9,0.1,-2.7,0
98,Darren Collison,PG,30,IND,39,1175,18.1,0.604,0.324,0.245,2.2,8.6,5.5,26,1.9,0.5,11.6,17.3,,3.3,0.7,4,0.164,,3,-1.5,1.5,1
99,Nick Collison,PF,37,OKC,8,44,14.5,0.838,0,0.667,7.6,21.2,14.2,9.8,0,0,20.5,9.7,,0.1,0,0.2,0.177,,-0.7,-1.8,-2.5,0
100,Mike Conley,PG,30,MEM,12,373,16,0.52,0.458,0.393,0,8.6,4.3,22.9,1.7,0.7,8.4,26.5,,0.5,0.2,0.7,0.085,,1.3,-3.2,-1.9,0
101,Pat Connaughton,SG,25,POR,40,799,10.6,0.6,0.567,0.153,1.5,10.7,6.2,8.8,0.4,1.1,10.7,13.4,,1.1,0.7,1.8,0.107,,-0.2,-0.6,-0.8,0.2
102,Quinn Cook,PG,24,GSW,10,103,10.2,0.543,0.483,0.034,2.4,8.9,5.9,19.9,0,0,9.2,13.7,,0.2,0,0.2,0.101,,-0.3,-3.9,-4.2,-0.1
103,Charles Cooke,SG,23,NOP,6,18,1.3,0.338,0.5,0.25,0,0,0,7.4,2.7,0,10.1,24.1,,-0.1,0,-0.1,-0.183,,-9,-6,-15,-0.1
104,Jack Cooley,PF,26,SAC,1,2,49.2,0.532,0,2,0,59.7,28.7,63.2,0,0,0,42.3,,0,0,0,0.535,,12.9,5.8,18.8,0
105,Matt Costello,C,24,SAS,2,15,8.1,0.5,0,0,0,37,18.6,0,0,11.1,0,6,,0,0,0,0.133,,-9.3,3.2,-6.1,0
106,DeMarcus Cousins,C,27,NOP,39,1387,23.7,0.593,0.339,0.436,6.9,31.7,19.8,23.4,2,3.6,18.6,32.9,,1.8,2.1,4,0.138,,2.2,3,5.2,2.5
107,Robert Covington,PF,27,PHI,36,1161,13.8,0.579,0.659,0.167,2.9,16.7,10,8.6,2.7,1.8,13.3,18.1,,0.9,1.8,2.8,0.115,,0.8,1.5,2.3,1.3
108,Allen Crabbe,SG,25,BRK,36,1035,10.7,0.536,0.654,0.195,1.5,14.5,8,8.5,1.1,0.8,10.2,18.1,,0.5,0.9,1.4,0.064,,-0.4,-0.4,-0.8,0.3
109,Torrey Craig,SF,27,DEN,13,201,8.5,0.565,0.629,0.429,2.8,15.1,8.9,7.3,1,1.3,12.6,10.3,,0.2,0.1,0.3,0.081,,-1.5,-0.5,-2,0
110,Jamal Crawford,SG,37,MIN,42,789,14.1,0.531,0.413,0.188,0.9,6.1,3.5,19,1.4,0.4,11.7,24.6,,0.7,0.3,1,0.059,,0.2,-3.9,-3.7,-0.3
111,Jordan Crawford,SG,29,NOP,2,37,16,0.643,0.357,0,6.3,2.9,4.6,36.4,0,2.2,22.2,21.3,,0.1,0,0.1,0.123,,1.5,-5,-3.5,0
112,Jae Crowder,SF,27,CLE,40,1032,9.6,0.519,0.51,0.235,3.9,10.5,7.3,6.1,1.5,0.7,9.2,15.5,,0.6,0.4,1,0.048,,-1,-1.5,-2.4,-0.1
113,Dante Cunningham,SF,30,NOP,38,858,8.5,0.522,0.503,0.179,4.9,13.6,9.5,3.3,1.1,1.2,5.1,10.1,,0.6,0.5,1.1,0.06,,-1.4,-0.5,-1.9,0
114,Stephen Curry,PG,29,GSW,28,911,29.6,0.671,0.56,0.376,2.4,14.1,8.8,30.9,2.5,0.3,12.2,31.6,,4.5,1.2,5.7,0.301,,10.5,-1.2,9.3,2.6
115,Troy Daniels,SG,26,PHO,42,769,10.6,0.607,0.804,0.136,0.5,6.6,3.5,4.9,0.6,0.2,8.8,16.9,,1.1,0,1.1,0.068,,1.5,-4,-2.5,-0.1
116,Anthony Davis,PF,24,NOP,34,1197,28.5,0.64,0.114,0.46,7.8,24.5,16.5,11.3,1.5,4.8,8.9,27.5,,4.6,1.5,6.1,0.246,,3.3,1.4,4.7,2
117,Deyonta Davis,C,21,MEM,26,298,17.5,0.659,0,0.28,8.6,23.8,16.2,7.5,1,4.9,13.4,15,,0.6,0.4,1,0.163,,-1.5,1.5,0,0.1
118,Ed Davis,C,28,POR,40,720,14.9,0.571,0,0.377,15.1,25.8,20.5,2.8,1.4,2.9,17.1,13.2,,1,1.3,2.2,0.149,,-2.3,1.4,-0.9,0.2
119,Dewayne Dedmon,C,28,ATL,21,507,17.7,0.656,0.195,0.201,8.8,27.1,17.8,9,0.9,3.1,17.2,18.1,,0.9,0.5,1.3,0.125,,-0.3,0.5,0.2,0.3
120,Sam Dekker,PF,23,LAC,35,519,10.3,0.489,0.315,0.21,4.8,15.3,10,5.2,1.6,1.1,10.2,16.6,,0,0.4,0.4,0.039,,-3,-0.9,-3.9,-0.3
121,Malcolm Delaney,PG,28,ATL,32,607,9.8,0.516,0.437,0.299,1.1,10,5.5,17.1,1.6,0.3,13.7,15.8,,0.3,0.2,0.5,0.04,,-1.9,-1.9,-3.8,-0.3
122,Matthew Dellavedova,PG,27,MIL,24,453,9.4,0.504,0.477,0.131,2.9,8,5.5,29.4,0.7,0,21.5,14.6,,0.3,0,0.3,0.035,,-1.6,-4.3,-5.9,-0.5
123,Luol Deng,SF,32,LAL,1,13,5.5,0.5,0,0,0,0,0,10.2,3.6,0,33.3,9.6,,0,0,0,-0.021,,-7.3,-1.6,-8.9,0
124,DeMar DeRozan,SG,28,TOR,39,1351,24,0.58,0.171,0.433,2.6,11.1,7,24.3,1.7,0.7,9.6,30.3,,4.4,1.4,5.8,0.207,,4,-0.8,3.2,1.8
125,Cheick Diallo,PF,21,NOP,21,140,11.9,0.578,0,0.318,8.4,24.8,16.9,5.2,0.3,0.6,13.8,18.2,,0.1,0.1,0.2,0.077,,-4.2,-2.9,-7,-0.2
126,Gorgui Dieng,C,28,MIN,39,712,15.5,0.562,0.18,0.325,9.1,22.3,15.6,8.8,1.9,1.6,12.3,16.3,,1.1,0.8,1.9,0.13,,-0.2,0.6,0.5,0.4
127,Spencer Dinwiddie,PG,24,BRK,39,1088,18.1,0.548,0.52,0.283,2.1,9.5,5.8,36.8,1.4,1.1,10.4,20.9,,2.8,0.9,3.7,0.164,,3.7,-1.3,2.4,1.2
128,Tyler Dorsey,SG,21,ATL,14,91,8.3,0.467,0.629,0.229,2.5,14.1,8.2,8.1,1.1,1,11.5,21,,-0.1,0,0,-0.024,,-3.6,-3.4,-7,-0.1
129,Damyean Dotson,SG,23,NYK,20,175,9.5,0.516,0.431,0.059,2.6,14.5,8.7,7.4,0.9,0.5,7.1,14.1,,0.1,0.1,0.2,0.064,,-1.6,-1.5,-3.1,0
130,Milton Doyle,SG,24,BRK,4,40,3.9,0.326,0.5,0.125,0,13.2,6.6,10.8,1.2,1.9,5.6,19,,-0.1,0,-0.1,-0.082,,-7,-0.9,-7.9,-0.1
131,Goran Dragic,PG,31,MIA,37,1181,16.1,0.524,0.288,0.247,2.6,12.8,7.7,25.9,1.5,0.6,13,26.5,,0.9,1.1,2,0.08,,0.5,-0.8,-0.3,0.5
132,Andre Drummond,C,24,DET,37,1212,22.7,0.563,0.005,0.45,16.3,35.9,25.8,18.2,2.2,3.2,18.4,20.9,,2.2,2.5,4.8,0.188,,0.9,5.4,6.3,2.6
133,Jared Dudley,PF,32,PHO,16,205,11.9,0.609,0.649,0.297,2.6,15.3,8.8,18.9,1.9,0.8,14.3,10,,0.4,0.1,0.5,0.121,,0.4,-0.2,0.1,0.1
134,Kris Dunn,PG,23,CHI,36,1045,15.3,0.493,0.187,0.143,2.2,15.4,8.6,35.9,3.3,1.2,18.2,25.9,,-0.7,1.4,0.7,0.032,,-1.1,1.6,0.5,0.7
135,Kevin Durant,PF,29,GSW,33,1146,24.7,0.617,0.334,0.292,2.1,19,11.4,23.8,1,5.2,13.4,30.3,,3,1.8,4.8,0.199,,3.6,1.5,5.1,2
136,Henry Ellenson,PF,21,DET,16,115,9.7,0.471,0.393,0.054,2.9,28.5,15.3,8.6,1.3,0,13.6,25.6,,-0.2,0.2,-0.1,-0.026,,-5.7,-2,-7.7,-0.2
137,Wayne Ellington,SG,30,MIA,40,978,14.1,0.61,0.85,0.099,1.3,11.4,6.4,5.8,1.4,0.3,5.4,17.1,,1.7,0.8,2.5,0.123,,2.8,-2,0.8,0.7
138,Joel Embiid,C,23,PHI,29,906,23.4,0.585,0.179,0.487,7.7,28.8,18.6,19.1,0.9,5.3,16.7,32.9,,1.4,1.6,3,0.159,,0.4,2.6,3,1.1
139,James Ennis,SF,27,MEM,37,874,11.9,0.624,0.39,0.35,5.7,11.8,8.7,6.7,1.4,0.7,13.9,12.5,,1.3,0.5,1.8,0.1,,-0.2,-0.4,-0.6,0.3
140,Tyler Ennis,PG,23,LAL,21,214,11.3,0.439,0.275,0.203,2.9,11.5,7.2,24.9,2.2,1.5,11.7,16.6,,0,0.2,0.3,0.061,,-2.9,-0.3,-3.2,-0.1
141,Jawun Evans,PG,21,LAC,32,562,8,0.422,0.22,0.205,1.6,11,6.2,18.2,2.5,0.6,13.1,19.5,,-0.6,0.5,-0.1,-0.007,,-4.1,-0.4,-4.6,-0.4
142,Tyreke Evans,SG,28,MEM,38,1172,22.8,0.579,0.347,0.258,3.1,16.3,9.7,29.5,1.8,1.1,10.2,28.3,,3,1,4,0.164,,5.2,-0.5,4.7,2
143,Kenneth Faried,PF,28,DEN,26,406,18.9,0.596,0.008,0.385,15.7,20.7,18.2,6.3,1,2.5,12.3,17.4,,1,0.4,1.4,0.168,,0,-0.5,-0.5,0.2
144,Derrick Favors,C,26,UTA,38,1067,18.6,0.591,0.056,0.314,9.7,18.4,14,8.8,1.2,3,11.2,19.4,,2.1,1.2,3.4,0.151,,0,1.5,1.5,0.9
145,Kay Felder,PG,22,CHI,14,134,3.8,0.386,0.273,0.182,0.8,10.8,5.6,23,1.1,0.6,17.4,28.3,,-0.5,0.1,-0.5,-0.165,,-8.2,-3.2,-11.4,-0.3
146,Cristiano Felicio,C,25,CHI,24,329,10.4,0.626,0,0.419,7.6,13.8,10.6,6.7,0.6,1.3,17.9,11.9,,0.4,0.2,0.6,0.082,,-2.9,-0.2,-3.1,-0.1
147,Raymond Felton,PG,33,OKC,41,701,13.8,0.496,0.374,0.086,1.6,11.7,6.5,22.6,1.7,0.8,9.7,19.9,,0.7,0.7,1.4,0.094,,-0.9,-1.9,-2.8,-0.1
148,Terrance Ferguson,SG,19,OKC,26,268,5.9,0.509,0.609,0.031,1.7,4.4,3,2.6,2.1,0.4,7.2,11.4,,0.1,0.2,0.3,0.053,,-2.5,-1.6,-4,-0.1
149,Yogi Ferrell,SG,24,DAL,42,1181,11.2,0.565,0.469,0.173,1.6,12.4,6.8,12,1.3,0.3,11.6,16.1,,0.9,0.8,1.7,0.068,,-0.4,-0.3,-0.6,0.4
150,Dorian Finney-Smith,PF,24,DAL,8,94,5.4,0.568,0.636,0.091,5.8,6.2,6,7.7,0,1,23.4,14.5,,0,0,0,-0.005,,-2.7,-1.9,-4.7,-0.1
151,Bryn Forbes,SG,24,SAS,42,863,8.7,0.52,0.475,0.099,1.2,6.3,3.7,7.7,1,0.2,7.5,16.6,,0.3,0.8,1.1,0.061,,-1.1,-1.8,-2.8,-0.2
152,Evan Fournier,SF,25,ORL,33,1080,15.4,0.58,0.386,0.227,1.8,9.1,5.4,14.4,1.4,0.8,11.7,23,,1.3,0.4,1.7,0.077,,1.4,-1.9,-0.4,0.4
153,De'Aaron Fox,PG,20,SAC,33,859,10.3,0.467,0.154,0.238,2.1,10.6,6.1,24.1,1.8,0.9,18.1,22.9,,-1,0.3,-0.7,-0.039,,-3.6,-1.6,-5.1,-0.7
154,Tim Frazier,PG,27,WAS,33,516,10.6,0.495,0.343,0.152,1.9,12.5,7.2,29.7,2.6,0.5,26.3,12.9,,0.1,0.7,0.8,0.074,,-2.5,0.5,-2,0
155,Channing Frye,C,34,CLE,34,401,12.6,0.589,0.504,0.061,2,19.2,10.8,7.7,1.4,1.7,8.5,14.4,,0.5,0.3,0.8,0.093,,-1,-0.9,-1.9,0
156,Markelle Fultz,SG,19,PHI,4,76,3.7,0.372,0,0.444,4.4,8.2,6.3,13,1.3,1.1,15.7,21.2,,-0.2,0.1,-0.1,-0.086,,-8.6,-1.4,-9.9,-0.2
157,Danilo Gallinari,SF,29,LAC,11,349,10.4,0.475,0.446,0.259,0.6,14.5,7.5,12.1,1.1,0.5,9.4,21.3,,0,0.2,0.2,0.024,,-2.1,-1.8,-3.8,-0.2
158,Langston Galloway,SG,26,DET,33,493,13.2,0.533,0.677,0.135,1.3,12.1,6.5,7.5,1.7,0.7,4.7,19.2,,0.5,0.5,1,0.1,,0.4,-1.5,-1.1,0.1
159,Marc Gasol,C,33,MEM,39,1349,17.5,0.526,0.28,0.346,4.4,24.6,14.5,20.1,1,4.2,14.7,27.1,,0.5,1.6,2.1,0.075,,-0.9,1.8,0.9,1
160,Pau Gasol,C,37,SAS,40,992,19.5,0.563,0.239,0.284,7,29.5,18.3,19.8,0.6,3.4,12.9,19.6,,1.9,1.8,3.7,0.178,,0.8,3,3.7,1.4
161,Rudy Gay,PF,31,SAS,34,771,17.7,0.557,0.223,0.301,6.7,18.7,12.7,10.8,1.8,2.4,13.4,23.6,,0.8,1.3,2.1,0.13,,-0.4,1.1,0.7,0.5
162,Paul George,SF,27,OKC,38,1391,18.3,0.573,0.452,0.264,2.5,14.9,8.5,13.5,3.2,1.6,13.7,25.3,,1.9,2.2,4.1,0.141,,2,0.6,2.6,1.6
163,Marcus Georges-Hunt,SG,23,MIN,23,84,7.2,0.554,0.368,0.211,1.4,1.4,1.4,5,2.4,0,8.8,12,,0,0,0.1,0.048,,-1.5,-2.1,-3.6,0
164,Taj Gibson,PF,32,MIN,42,1411,15.8,0.612,0.077,0.287,8.7,18.9,13.7,5.9,1.2,1.9,10.5,14.4,,2.9,1.2,4.1,0.14,,1,0.7,1.7,1.3
165,Manu Ginobili,SG,40,SAS,34,715,13.7,0.566,0.439,0.261,1.7,10.6,6.2,17.8,1.8,1.4,17.3,21.5,,0.4,1,1.4,0.094,,-0.1,-0.2,-0.3,0.3
166,Rudy Gobert,C,25,UTA,18,539,19.1,0.638,0,0.646,9.8,27.2,18.3,6.2,0.9,6.8,17.7,16.8,,0.9,0.9,1.8,0.163,,-2,3.9,1.9,0.5
167,Aaron Gordon,PF,22,ORL,32,1070,19.1,0.589,0.4,0.298,4.6,21.8,13.1,9.6,1.3,1.8,9.6,23.4,,1.8,0.9,2.7,0.123,,1.8,-0.5,1.3,0.9
168,Eric Gordon,SG,29,HOU,37,1211,15,0.575,0.625,0.286,1,6.7,3.9,12.7,1,0.9,12,25.7,,1.6,0.7,2.3,0.091,,1.3,-3.2,-2,0
169,Marcin Gortat,C,33,WAS,40,1093,15,0.561,0,0.338,8.3,24.7,16.5,10,1,2.6,13.7,15.2,,1.3,1.6,2.9,0.127,,-1.6,2.5,0.9,0.8
170,Treveon Graham,SG,24,CHO,25,429,10.5,0.566,0.425,0.245,4.4,9.9,7.1,9.6,1.4,0.2,10.7,13.2,,0.5,0.4,0.9,0.1,,-0.3,0,-0.3,0.2
171,Jerami Grant,PF,23,OKC,40,829,14.2,0.573,0.251,0.434,5.8,14.8,10.2,5.2,1.2,4.3,10.6,15.4,,1.1,1.1,2.2,0.127,,-1.6,0.8,-0.9,0.2
172,Jerian Grant,PG,25,CHI,41,904,14.3,0.515,0.375,0.361,1.8,9.9,5.8,31.8,1.7,0.4,13.4,18.2,,1.1,0.6,1.7,0.091,,-0.3,-1.7,-2,0
173,Danny Green,SG,30,SAS,32,855,11.5,0.526,0.555,0.059,1.8,13.2,7.6,9.8,2,3.4,14.4,16.1,,-0.1,1.4,1.4,0.076,,-1.1,2.5,1.4,0.7
174,Draymond Green,PF,27,GSW,35,1117,17.4,0.579,0.45,0.301,4.5,20.8,13.4,30.7,2.1,3.3,24.1,16.8,,1.8,1.9,3.7,0.16,,1.4,3,4.4,1.8
175,Gerald Green,SG,32,HOU,7,177,21.4,0.713,0.725,0.138,2.6,10.8,6.7,1.9,1.4,0.5,6.6,22.3,,0.6,0.1,0.7,0.197,,4.9,-4.4,0.5,0.1
176,JaMychal Green,PF,27,MEM,24,644,12.7,0.551,0.28,0.238,9.4,18.7,14,7.7,1.2,0.9,15.8,18.1,,0.4,0.5,0.9,0.064,,-1.4,-0.7,-2.1,0
177,Jeff Green,PF,31,CLE,40,904,16.5,0.595,0.245,0.404,4.6,12.2,8.5,10,1.3,1.5,10,20.3,,1.9,0.5,2.4,0.126,,0.3,-1.6,-1.3,0.2
178,Blake Griffin,PF,28,LAC,24,824,20.8,0.548,0.321,0.401,4.2,19.8,12,26.1,1.2,0.9,12.3,30.1,,1.6,0.7,2.3,0.132,,3.2,-0.3,2.9,1
179,Daniel Hamilton,SG,22,OKC,2,9,47.5,0.7,0.4,0,0,13,6.3,92.9,5.6,0,0,24.3,,0.1,0,0.1,0.665,,19.5,-2.5,17,0
180,Tim Hardaway,SG,25,NYK,21,716,15.6,0.534,0.479,0.237,2.7,10.9,6.9,15.3,1.7,0.6,9.3,23.7,,0.9,0.6,1.5,0.101,,2.6,-1.2,1.4,0.6
181,James Harden,SG,28,HOU,35,1271,30.4,0.627,0.502,0.497,1.5,14,7.8,45.5,2.4,1.3,14.6,36.1,,6.5,1.5,8,0.302,,10.2,0.1,10.4,4
182,Maurice Harkless,SF,24,POR,33,719,10.3,0.536,0.347,0.204,3.7,11.1,7.5,4.6,1.7,3.3,12.9,12.8,,0.2,1,1.3,0.085,,-2.2,2.3,0.1,0.4
183,Montrezl Harrell,C,24,LAC,33,425,22.1,0.608,0,0.372,10.5,18.6,14.6,10.3,1,4,11.2,22,,1.1,0.4,1.5,0.172,,0.3,0.4,0.7,0.3
184,Devin Harris,PG,34,DAL,36,667,13.9,0.55,0.424,0.373,1.3,11.2,6.1,16.7,2.3,0.9,12.2,21.4,,0.6,0.7,1.2,0.089,,-0.3,-0.5,-0.8,0.2
185,Gary Harris,SG,23,DEN,37,1288,16.5,0.596,0.444,0.148,2.1,6.7,4.4,14.5,2.7,0.7,12.1,19.9,,2.2,1.1,3.4,0.125,,2.6,-0.7,1.9,1.3
186,Joe Harris,SG,26,BRK,38,944,12,0.597,0.63,0.129,2.3,11.4,6.9,9.1,1,0.6,10.9,16.2,,1.1,0.7,1.8,0.091,,0.8,-0.6,0.2,0.5
187,Tobias Harris,PF,25,DET,39,1284,17.9,0.58,0.398,0.197,2.8,15.7,9,9.4,1.1,0.6,5.9,22.7,,2.8,1.2,4,0.151,,2.3,-1,1.3,1.1
188,Andrew Harrison,PG,23,MEM,32,651,11.2,0.504,0.357,0.408,2.7,9.4,6,17.8,1.7,1.7,13.5,18.9,,0.2,0.5,0.7,0.05,,-1.9,-1,-2.9,-0.1
189,Josh Hart,SG,22,LAL,35,654,10.2,0.542,0.494,0.222,2.7,15.1,8.8,7.3,1.8,0.9,9.4,12.2,,0.5,0.7,1.1,0.084,,-1.8,0.3,-1.6,0.1
190,Udonis Haslem,C,37,MIA,8,45,4.9,0.5,0.6,0,5.1,7.7,6.4,9.1,0,1.9,28.6,7.1,,0,0,0,0.021,,-4.1,-0.4,-4.4,0
191,Gordon Hayward,SF,27,BOS,1,5,7.5,0.5,0.5,0,0,21.3,10.9,0,0,0,0,18,,0,0,0,0.064,,-5.8,-5.8,-11.6,0
192,John Henson,C,27,MIL,38,923,16.3,0.607,0.013,0.366,8.9,23.6,16.2,8.1,1,5.3,14.9,15.7,,1.3,0.9,2.3,0.119,,-1.4,1.6,0.2,0.5
193,Juan Hernangomez,PF,22,DEN,17,207,9.4,0.509,0.686,0.176,7.6,14.6,11.1,5.2,1,0.8,9.8,12.8,,0.2,0.1,0.3,0.073,,-0.9,-1.7,-2.6,0
194,Willy Hernangomez,C,23,NYK,18,171,15.8,0.561,0.061,0.273,12.7,21.9,17.4,12.6,1.5,3.2,22.1,24.4,,-0.1,0.2,0.2,0.047,,-2.1,1.1,-1,0
195,Mario Hezonja,SF,22,ORL,34,569,11.7,0.55,0.441,0.103,3.4,16.6,10,8.7,1.7,1,13.9,18.1,,0.1,0.4,0.5,0.04,,-1.7,-0.7,-2.4,-0.1
196,Buddy Hield,SG,24,SAC,38,900,15,0.551,0.433,0.09,2.6,14.7,8.4,11,2,0.6,11.8,24.1,,0.4,0.5,0.9,0.046,,0.5,-2.2,-1.7,0.1
197,Nene Hilario,C,35,HOU,27,401,17.6,0.638,0.015,0.454,6.2,18.9,12.6,9.7,1.8,1.9,13.3,19.5,,0.9,0.5,1.4,0.17,,-1,0.3,-0.7,0.1
198,George Hill,PG,31,SAC,33,893,13.3,0.582,0.372,0.256,1.9,11.1,6.3,15,1.6,1.1,14.6,16.9,,0.9,0.3,1.2,0.067,,0,-1.1,-1.1,0.2
199,Darrun Hilliard,SG,24,SAS,6,50,-3.6,0.152,0.333,0.222,0,8.9,4.5,10.2,2,0,23.3,11.6,,-0.2,0.1,-0.1,-0.133,,-9.7,0.6,-9.1,-0.1
200,Jrue Holiday,SG,27,NOP,39,1426,15.7,0.57,0.343,0.171,1.9,11,6.6,20.9,1.7,1.4,14.8,22.3,,1.5,0.9,2.4,0.08,,0.8,-0.6,0.2,0.8
201,Justin Holiday,SG,28,CHI,40,1360,12,0.522,0.551,0.222,1.5,13,7.1,10.3,1.6,1.7,8.8,18.4,,0.5,1.1,1.6,0.058,,-0.5,0.2,-0.3,0.6
202,John Holland,SF,29,CLE,4,17,-1.2,0.375,0.5,0,0,12.9,6.6,0,0,0,20,13.1,,0,0,0,-0.139,,-9.4,-5.1,-14.5,-0.1
203,Rondae Hollis-Jefferson,SF,23,BRK,37,1056,17.8,0.552,0.077,0.417,6,19.1,12.5,12,1.5,1.9,10.2,22,,1.6,1.3,2.9,0.133,,-0.8,1.3,0.5,0.7
204,Richaun Holmes,C,24,PHI,21,343,15.9,0.562,0.157,0.198,8.4,22.7,15.8,11.4,1.1,2.4,9,17.8,,0.6,0.5,1.1,0.151,,-0.9,0.7,-0.2,0.2
205,Rodney Hood,SG,25,UTA,31,895,14.3,0.536,0.48,0.175,1.4,9.6,5.4,10.9,1.5,0.6,10,27.6,,0.1,0.7,0.8,0.045,,0.1,-2.5,-2.4,-0.1
206,Al Horford,C,31,BOS,39,1265,19.1,0.6,0.314,0.154,5.1,20.9,13.1,26.3,1,2.7,15.2,18.3,,2.7,2.3,5.1,0.192,,2,3.3,5.3,2.3
207,Danuel House,SG,24,PHO,9,113,10.6,0.493,0.429,0.429,3.7,12.5,8,7.6,1.3,0,6.7,16.6,,0.1,0,0.1,0.057,,-1.8,-2.6,-4.4,-0.1
208,Dwight Howard,C,32,CHO,38,1136,18.1,0.556,0.005,0.699,12.5,31.3,21.7,8.1,0.9,3.5,18.7,25,,0.4,1.8,2.2,0.093,,-2.9,1.9,-1,0.3
209,Josh Huestis,PF,26,OKC,35,505,6,0.455,0.67,0.117,4,12.5,8.1,3.5,0.9,4.7,14.7,10,,-0.2,0.6,0.3,0.033,,-4.1,1.2,-3,-0.1
210,Vince Hunter,PF,23,MEM,4,7,37,0.6,0,0,33.4,16.9,25.2,0,0,13.1,16.7,39.4,,0,0,0,0.114,,-3.1,-6.1,-9.2,0
211,Serge Ibaka,PF,28,TOR,35,992,16,0.581,0.37,0.157,4.2,20.3,12.4,3.7,0.7,4.7,9.2,20.1,,1.2,1.4,2.7,0.128,,-0.5,0.6,0,0.5
212,Andre Iguodala,SF,34,GSW,35,921,10.2,0.494,0.365,0.247,4,11.8,8.2,16.1,1.5,2,16.5,11.1,,0.6,1,1.6,0.086,,-1,1.1,0.1,0.5
213,Ersan Ilyasova,PF,30,ATL,29,745,16.4,0.56,0.426,0.223,8.6,17.2,12.8,8,2,1.3,8.5,18.7,,1.2,0.6,1.8,0.115,,1.3,-0.7,0.7,0.5
214,Joe Ingles,SF,30,UTA,40,1221,12.8,0.6,0.689,0.073,1.1,15.9,8.4,21.3,1.7,0.5,17.9,14.8,,1.3,1.2,2.5,0.098,,1,0.6,1.7,1.1
215,Brandon Ingram,SF,20,LAL,38,1317,12.4,0.522,0.124,0.402,3.3,13.5,8.3,14.6,1.1,1.8,15.1,21.9,,0.1,1.1,1.2,0.044,,-2.6,0.1,-2.4,-0.1
216,Kyrie Irving,PG,25,BOS,41,1335,24.3,0.592,0.351,0.238,2,9.4,5.8,30,1.9,0.9,10.1,31.3,,4,2.1,6.1,0.218,,6.2,-0.4,5.8,2.6
217,Jonathan Isaac,PF,20,ORL,15,284,9.6,0.482,0.243,0.243,4.6,17,10.7,5.4,1.7,4.1,15.5,14.8,,-0.2,0.3,0.1,0.018,,-4.6,1.7,-2.9,-0.1
218,Wesley Iwundu,SF,23,ORL,23,319,9.2,0.488,0.21,0.198,3.7,12.7,8.2,9.8,1.1,0.5,7.4,13,,0.1,0.1,0.3,0.039,,-2.9,-0.9,-3.8,-0.1
219,Jarrett Jack,PG,34,NYK,38,1002,11.2,0.474,0.165,0.176,1.5,13.1,7.4,31.9,1.1,0.2,19.7,16,,0.3,0.7,1,0.048,,-1.8,-0.9,-2.8,-0.2
220,Demetrius Jackson,PG,23,HOU,12,63,-0.6,0.286,0.429,0,7.2,12.5,9.9,10.6,3.1,1.3,41.7,16.5,,-0.3,0.1,-0.2,-0.166,,-9.7,1.9,-7.8,-0.1
221,Josh Jackson,SF,20,PHO,41,898,8.4,0.45,0.259,0.329,4.9,13.2,9,8.7,2.1,1.1,14.2,23.4,,-1.4,0.6,-0.8,-0.044,,-4.3,-1.1,-5.4,-0.8
222,Justin Jackson,SF,22,SAC,27,467,7.3,0.478,0.466,0.089,2.1,10,5.9,5.8,0.8,1,9,16.1,,-0.2,0,-0.2,-0.017,,-3.1,-2.6,-5.7,-0.4
223,Reggie Jackson,PG,27,DET,33,894,16.8,0.54,0.305,0.232,2.7,9.3,5.9,33.8,1.2,0.3,15.5,26.3,,1.1,0.7,1.8,0.098,,1.5,-1.8,-0.3,0.4
224,LeBron James,PF,33,CLE,40,1478,29.9,0.642,0.265,0.307,3.8,20.7,12.4,45,2.2,2.5,16.8,30.7,,6.1,1.6,7.7,0.249,,8.2,2.1,10.3,4.6
225,Mike James,PG,27,PHO,32,669,14.4,0.476,0.311,0.269,1.9,12.5,7.1,28.9,1.9,0.8,12.3,25.1,,0.1,0.4,0.5,0.035,,-0.4,-1.7,-2,0
226,Al Jefferson,C,33,IND,13,168,21.9,0.592,0.015,0.227,9.7,26.8,18.4,10.3,2.1,4.1,11,21.6,,0.4,0.3,0.6,0.18,,-0.5,1.4,0.9,0.1
227,Richard Jefferson,SF,37,DEN,10,60,3.5,0.362,0.385,0.385,0,5.6,2.8,15.3,0,0,6.2,11.7,,0,0,0,-0.019,,-5.3,-4.2,-9.5,-0.1
228,Jonas Jerebko,PF,30,UTA,32,556,14.3,0.608,0.456,0.152,6.5,17.9,12.1,6.3,1.5,0.8,7.7,15,,1.1,0.6,1.7,0.143,,0.6,-0.3,0.3,0.3
229,Amir Johnson,C,30,PHI,36,562,14.9,0.551,0.108,0.295,13,19.4,16.3,13,2.1,3.5,16.9,14.2,,0.7,0.9,1.7,0.144,,-0.8,3.2,2.4,0.6
230,Brice Johnson,PF,23,LAC,9,38,21.9,0.673,0.091,0.182,5.8,31.8,18.8,4.3,7.8,4.5,25.2,18.2,,0,0.1,0.1,0.177,,-2.7,6.7,4,0.1
231,Dakari Johnson,C,22,OKC,18,121,17,0.587,0,0.424,8.3,12.5,10.3,10.1,2.1,4.7,9.3,15.6,,0.3,0.2,0.4,0.176,,-1,1.6,0.6,0.1
232,James Johnson,PF,30,MIA,33,876,15.5,0.573,0.317,0.28,3.5,18.6,11.1,23.4,1.8,2.2,19.3,19.6,,0.8,1.2,2,0.108,,-0.2,1.8,1.6,0.8
233,Joe Johnson,SF,36,UTA,19,395,8.3,0.47,0.348,0.111,2.6,16.6,9.4,10.9,0.6,0.7,12.9,18.8,,-0.4,0.3,-0.1,-0.008,,-4.2,-1,-5.2,-0.3
234,Stanley Johnson,SF,21,DET,31,861,8.1,0.473,0.493,0.262,1.9,13.4,7.5,7.4,2.2,0.5,9.9,14.1,,-0.1,1,0.9,0.051,,-2.3,1.2,-1.1,0.2
235,Tyler Johnson,PG,25,MIA,37,1088,13,0.54,0.449,0.21,2.2,11.8,7,11.6,1.4,1.9,9.9,19.1,,0.9,1.1,2,0.087,,-0.2,-0.1,-0.3,0.5
236,Wesley Johnson,SF,30,LAC,34,809,9.4,0.503,0.46,0.165,2,14,8,5.8,2.3,3.7,14,13.5,,-0.2,1,0.7,0.044,,-2.6,2.4,-0.1,0.4
237,Nikola Jokic,C,22,DEN,33,1018,22.8,0.595,0.278,0.281,9,27.8,18.4,25.2,2,1.9,16.7,22.6,,2.7,1.5,4.1,0.194,,3.4,2.6,6,2.1
238,Damian Jones,C,22,GSW,1,2,12,,,,61,0,27.7,0,0,0,,0,,0,0,0,0.32,,8.3,-6,2.3,0
239,Derrick Jones,SF,20,TOT,9,83,14.8,0.622,0.357,0.857,6.7,11,8.8,6.7,0.6,5.8,4.9,10.8,,0.2,0.1,0.3,0.165,,-0.5,0.9,0.4,0
239,Derrick Jones,SF,20,PHO,6,33,18.6,0.678,0.5,1.5,6.4,6.6,6.5,12.3,1.5,9.5,13.1,9.8,,0.1,0,0.1,0.184,,0.7,3.6,4.3,0.1
239,Derrick Jones,SF,20,MIA,3,50,12.3,0.593,0.3,0.6,6.9,13.9,10.4,3,0,3.4,0,11.5,,0.1,0,0.2,0.152,,-1.2,-0.9,-2.1,0
240,Jalen Jones,SF,24,NOP,4,19,5.2,0.512,0.25,0.5,0,17.1,8.9,0,0,0,0,11.3,,0,0,0,0.043,,-6,-5.3,-11.3,0
241,Tyus Jones,PG,21,MIN,42,797,13.3,0.566,0.385,0.25,1.2,10.5,5.8,20.2,3.4,0.2,15.2,11.4,,1.1,0.8,1.9,0.117,,0.4,0.5,0.9,0.6
242,DeAndre Jordan,C,29,LAC,39,1269,20.1,0.666,0,0.467,15.1,36,25.5,5.6,0.7,2.7,15.7,14.2,,3.4,1.8,5.1,0.195,,0.5,1.3,1.8,1.2
243,Cory Joseph,PG,26,IND,40,1023,11.9,0.526,0.33,0.163,1.6,11.1,6.4,17,1.7,0.9,12.5,15,,0.9,0.7,1.6,0.074,,-0.7,-0.5,-1.2,0.2
244,Frank Kaminsky,PF,24,CHO,35,820,14,0.53,0.358,0.224,2.7,15.7,9.1,10.3,1,1.1,7.4,20.6,,0.8,0.8,1.6,0.092,,-0.4,-0.4,-0.9,0.2
245,Enes Kanter,C,25,NYK,37,926,23.9,0.634,0.006,0.225,16.6,28.6,22.7,8.7,1.2,1.7,13.9,21.5,,2.7,1.3,4,0.209,,2.7,0.4,3.1,1.2
246,Luke Kennard,SG,21,DET,34,588,11.2,0.539,0.409,0.118,1.3,10.5,5.8,10.3,2.1,0.7,12.5,16.9,,0.2,0.6,0.8,0.067,,-1.8,0,-1.7,0
247,Michael Kidd-Gilchrist,SF,24,CHO,32,842,14,0.52,0.007,0.269,5.7,14.8,10.2,7.2,1.3,2.3,5.5,16.7,,0.9,1,1.9,0.109,,-1.8,1.5,-0.3,0.4
248,Sean Kilpatrick,SG,28,TOT,22,237,8.6,0.466,0.505,0.189,0.4,19.8,10.1,12.6,0.4,0.3,12.4,25,,-0.3,0.2,-0.2,-0.034,,-4.4,-3.1,-7.5,-0.3
248,Sean Kilpatrick,SG,28,BRK,16,183,5.4,0.419,0.488,0.221,0.6,19.7,10.1,12.5,0.5,0.4,14.5,25.6,,-0.5,0.2,-0.3,-0.088,,-6.6,-2.3,-8.9,-0.3
248,Sean Kilpatrick,SG,28,MIL,6,54,19.4,0.638,0.56,0.08,0,20.1,10,12.8,0,0,3.7,22.8,,0.2,0,0.2,0.151,,3.1,-5.7,-2.6,0
249,Maxi Kleber,PF,26,DAL,36,667,13.4,0.582,0.361,0.163,7,14,10.4,5,0.8,3.3,6.3,13,,1.1,0.6,1.6,0.117,,-0.6,0.9,0.3,0.4
250,Furkan Korkmaz,SG,20,PHI,6,32,4.3,0.349,0.667,0.167,6.9,13,10,8.5,1.5,0,7.2,18.3,,0,0,0,-0.021,,-4.4,-2.5,-6.9,0
251,Kyle Korver,SG,36,CLE,40,898,14.1,0.66,0.762,0.138,0.6,9.2,5,7.5,0.8,1.3,8.6,16.7,,1.8,0.2,2.1,0.11,,2.7,-2.8,-0.2,0.4
252,Kosta Koufos,C,28,SAC,39,713,15.8,0.531,0,0.274,11.3,25.4,18.1,10,1.9,2.4,11.9,14.4,,0.9,0.7,1.5,0.103,,-1.5,1.5,0,0.4
253,Kyle Kuzma,PF,22,LAL,39,1224,14.9,0.561,0.383,0.217,5,16.4,10.6,8.9,0.7,1.2,11.5,22.6,,1.2,1,2.1,0.084,,0.1,-1.5,-1.4,0.2
254,Mindaugas Kuzminskas,SF,28,NYK,1,2,-41.7,0,0,0,0,0,0,0,0,0,0,43.9,,0,0,0,-1.043,,-36.5,-12.4,-48.8,0
255,Skal Labissiere,PF,21,SAC,35,585,15.3,0.514,0.052,0.241,9.8,19.4,14.4,6.7,1.2,3.4,11.7,22.3,,0.2,0.4,0.6,0.053,,-3.1,-0.9,-4,-0.3
256,Jeremy Lamb,SG,25,CHO,37,980,17.7,0.553,0.296,0.294,2.3,16.7,9.3,16.3,1.5,1.3,9.2,23.5,,1.6,1.2,2.7,0.133,,1.2,0.4,1.5,0.9
257,Shane Larkin,PG,25,BOS,31,344,10.7,0.524,0.414,0.202,1.6,9.9,5.8,15.2,1.5,0.2,9.3,15.5,,0.3,0.5,0.8,0.113,,-1.8,-0.4,-2.2,0
258,Joffrey Lauvergne,C,26,SAS,24,263,13.2,0.488,0.045,0.295,12.7,19.8,16.3,11.1,1.3,0,14.6,19.9,,0.1,0.4,0.5,0.084,,-2.5,-0.2,-2.8,-0.1
259,Jake Layman,SF,23,POR,18,111,4.3,0.358,0.441,0.059,3,8.9,6,7.6,1.3,2.2,7.9,15,,-0.2,0.1,0,-0.017,,-5.3,0,-5.3,-0.1
260,T.J. Leaf,PF,20,IND,31,296,11.4,0.547,0.297,0.077,9,11.8,10.4,2.9,0.8,0.6,6.9,15.2,,0.4,0.1,0.5,0.08,,-1,-3.1,-4.1,-0.2
261,Courtney Lee,SG,32,NYK,40,1308,14.3,0.568,0.348,0.172,1.7,10.1,6,12.6,2.1,0.4,10.2,17.8,,1.8,1.2,3,0.11,,1.6,0,1.6,1.2
262,Alex Len,C,24,PHO,37,776,19.3,0.607,0,0.582,14.1,28.5,21.2,8.7,0.8,3.5,15.5,16.8,,1.7,0.8,2.6,0.158,,-0.3,1.2,0.9,0.6
263,Kawhi Leonard,SF,26,SAS,8,181,25.3,0.553,0.33,0.262,3.7,17.2,10.5,17.3,3.9,3.7,10.2,31.8,,0.3,0.4,0.7,0.179,,2.6,2.3,4.9,0.3
264,Meyers Leonard,C,25,POR,13,136,19.2,0.69,0.289,0.178,4.9,22.5,13.8,8.6,1.1,0,7.6,17,,0.5,0.2,0.6,0.226,,1.9,-0.9,1,0.1
265,Jon Leuer,PF,28,DET,8,136,8.8,0.505,0.083,0.417,5.7,21.5,13.3,5.3,0.4,1.9,15.8,16.5,,0,0.1,0.1,0.044,,-5.7,-0.1,-5.8,-0.1
266,Caris LeVert,SF,23,BRK,38,1021,14,0.526,0.333,0.274,2.8,11.7,7.2,24.8,2.3,1,17.3,21.8,,0.3,1.2,1.4,0.066,,-0.5,0.7,0.2,0.6
267,DeAndre Liggins,SG,29,MIL,31,480,5,0.424,0.554,0.077,1.3,11.1,6.2,7.3,2.8,1.8,17.2,7.7,,-0.3,0.4,0.1,0.013,,-3.4,1.2,-2.2,0
268,Damian Lillard,PG,27,POR,33,1211,22.3,0.568,0.421,0.337,2.6,11.9,7.3,29.7,1.4,1,12.8,30.1,,3,1.4,4.4,0.176,,5.3,-0.4,4.9,2.1
269,Jeremy Lin,PG,29,BRK,1,25,16.3,0.597,0.167,0.583,0,0,0,27,0,0,16.6,30.7,,0.1,0,0.1,0.108,,-2.7,-9.7,-12.4,-0.1
270,Shaun Livingston,PG,32,GSW,34,539,11.5,0.536,0.013,0.186,3.8,7.9,6.1,16.7,1.2,1.6,13.3,15.7,,0.5,0.5,1,0.091,,-2.1,-1,-3.1,-0.1
271,Kevon Looney,C,21,GSW,31,302,13.1,0.589,0,0.508,11.3,16.5,14.1,5.4,1.3,6,18.1,12.7,,0.3,0.5,0.8,0.131,,-2,2.3,0.3,0.2
272,Brook Lopez,C,29,LAL,32,705,16.7,0.541,0.405,0.22,5.8,14.1,9.9,12.4,1.1,5.3,12.2,25.2,,0.5,0.8,1.3,0.09,,-0.1,0.5,0.4,0.4
273,Robin Lopez,C,29,CHI,41,1158,15,0.543,0.016,0.158,8.7,9.9,9.3,12.8,0.4,2.7,12.9,20.6,,1,0.6,1.6,0.066,,-1.4,0,-1.4,0.2
274,Kevin Love,C,29,CLE,39,1132,23.9,0.615,0.432,0.375,9,28,18.7,9.8,1,1.3,9.8,26.9,,3.7,1,4.7,0.201,,3.4,-2.2,1.2,0.9
275,Kyle Lowry,PG,31,TOR,38,1248,19.3,0.598,0.624,0.286,2.8,17.8,10.4,30.7,1.8,0.3,16.4,21.5,,3.2,1.6,4.8,0.185,,4.9,0.5,5.4,2.3
276,Timothe Luwawu-Cabarrot,SF,22,PHI,34,546,7.3,0.506,0.572,0.225,2.6,8.5,5.7,9.5,0.9,0.3,12.4,18.1,,0,0.4,0.4,0.034,,-2.3,-2.5,-4.8,-0.4
277,Tyler Lydon,PF,21,DEN,1,2,0,,,,0,0,0,0,0,0,,0,,0,0,0,-0.005,,-5.6,-0.3,-5.8,0
278,Trey Lyles,PF,22,DEN,35,687,20.2,0.645,0.412,0.269,4.9,23,14,7.4,1.3,1.5,9.4,20.3,,1.8,0.7,2.5,0.177,,2,-1.3,0.7,0.5
279,Shelvin Mack,PG,27,ORL,29,494,10.4,0.439,0.309,0.336,1.7,11.1,6.4,30.2,1.5,0.5,17.6,13.5,,0.2,0.2,0.4,0.036,,-3,-1.6,-4.6,-0.3
280,Josh Magette,PG,28,ATL,8,64,12.5,0.472,0.333,0.333,1.7,9.1,5.3,36,1.5,0,12.7,10.8,,0.1,0,0.1,0.11,,-2.1,-4,-6.1,-0.1
281,Ian Mahinmi,C,31,WAS,38,569,10.1,0.581,0,0.622,12.6,15.4,14,6.7,1.6,2.6,27.8,13.3,,0.3,0.8,1,0.087,,-2.6,2.2,-0.3,0.2
282,Thon Maker,C,20,MIL,39,718,9.8,0.501,0.329,0.31,7.4,17.2,12.3,5.4,1.4,3.9,13.1,13.2,,0.2,0.6,0.8,0.054,,-2.6,0.4,-2.2,0
283,Boban Marjanovic,C,29,DET,15,125,22.7,0.614,0,0.684,10.5,23.4,16.8,15.8,0.8,2.8,18.6,32.4,,0.3,0.2,0.4,0.162,,-1.1,0,-1.1,0
284,Lauri Markkanen,PF,20,CHI,38,1130,15.2,0.548,0.502,0.179,3.9,24.1,13.6,7,0.8,1.5,8.6,22,,0.8,1,1.8,0.075,,-0.5,-1.3,-1.8,0.1
285,Jarell Martin,PF,23,MEM,37,653,10.6,0.506,0.208,0.208,7.5,14.7,11.1,4.4,1.7,3.8,12.7,16.1,,0,0.7,0.7,0.054,,-3.5,0.7,-2.8,-0.1
286,Frank Mason,PG,23,SAC,29,539,12.5,0.483,0.215,0.315,2.7,10.8,6.6,24,1.4,0.7,14.3,22.2,,0,0.1,0.1,0.011,,-2.1,-2.4,-4.5,-0.3
287,Mangok Mathiang,C,25,CHO,3,10,-1.5,0,0,0,10.5,54.6,32.1,0,0,0,0,8.6,,0,0,0,-0.078,,-15.7,-4.8,-20.5,0
288,Wesley Matthews,SF,31,DAL,42,1441,10.9,0.546,0.569,0.145,1,9.6,5.2,12.5,1.6,0.4,11,17,,0.7,1,1.7,0.055,,0.2,-0.2,0,0.7
289,Luc Mbah a Moute,PF,31,HOU,24,607,9.4,0.57,0.511,0.206,2.4,12.6,7.6,5.3,2.4,1.7,17.4,12.3,,0.1,0.7,0.8,0.065,,-1.8,1.5,-0.3,0.3
290,James Michael McAdoo,PF,25,PHI,3,18,7.6,0.508,1,0.286,0,11.5,5.9,0,0,4.6,11.3,20.8,,0,0,0,0.019,,-4.3,-4.6,-8.9,0
291,Patrick McCaw,SG,22,GSW,37,596,9.6,0.528,0.42,0.176,2.5,7.3,5.1,11.2,2.4,0.8,13,11.8,,0.3,0.7,1,0.081,,-1,-0.2,-1.2,0.1
292,C.J. McCollum,SG,26,POR,39,1429,17.3,0.544,0.31,0.173,2.2,10.3,6.3,15.9,1.4,0.7,9.1,26.1,,2,1.5,3.6,0.121,,1.8,-0.8,0.9,1.1
293,T.J. McConnell,PG,25,PHI,33,808,13,0.573,0.165,0.088,2.6,11.9,7.4,27.3,2.4,0.9,23.5,13.7,,0.7,1,1.7,0.103,,-1.5,0.8,-0.8,0.2
294,Chris McCullough,PF,22,WAS,12,65,17.2,0.48,0.176,0.235,10.2,23.9,17,2.6,0,4,0,25.4,,0.1,0.1,0.2,0.113,,-3.7,-3.8,-7.5,-0.1
295,Doug McDermott,SF,26,NYK,40,961,10.4,0.568,0.416,0.135,3.2,9.6,6.5,6,0.4,1,8.5,14.5,,1.1,0.5,1.5,0.077,,0.2,-1.3,-1.1,0.2
296,JaVale McGee,C,30,GSW,31,256,20.7,0.647,0.048,0.298,10,15.5,13,8.3,1.7,7.1,12,18.3,,0.6,0.5,1.1,0.206,,0.4,2.3,2.7,0.3
297,Alfonzo McKinnie,SF,25,TOR,9,33,11,0.661,0.571,0.429,0,16.9,8.6,4.2,1.5,2.5,10.7,12.3,,0,0,0.1,0.134,,-1,0.3,-0.7,0
298,Ben McLemore,SG,24,MEM,23,396,9.1,0.506,0.429,0.136,2.9,11.3,7.1,8.4,1.8,1.4,11.9,19.5,,-0.1,0.3,0.2,0.02,,-2.6,-1.4,-4,-0.2
299,Josh McRoberts,PF,30,DAL,1,3,-19.7,0,1,0,0,0,0,0,0,0,0,15.2,,0,0,0,-0.39,,-12.9,-4.8,-17.7,0
300,Jodie Meeks,SG,30,WAS,40,642,10.3,0.508,0.525,0.324,1.4,10,5.7,8,1.5,0.1,8.1,18.6,,0.3,0.6,0.9,0.064,,-1.4,-1.8,-3.2,-0.2
301,Salah Mejri,C,31,DAL,37,428,18.5,0.666,0.026,0.526,11.2,27,18.8,6.3,1.3,9.3,17.2,12.4,,0.9,0.8,1.7,0.188,,-2,5.7,3.7,0.6
302,Jordan Mickey,PF,23,MIA,16,231,10.9,0.513,0.164,0.239,7,28.5,17.7,6.1,0.7,2.6,15.9,17.4,,-0.1,0.3,0.3,0.052,,-5.3,0.2,-5.1,-0.2
303,Khris Middleton,SF,26,MIL,39,1449,17,0.574,0.356,0.252,1.4,14.9,8.2,18.5,1.7,0.4,11.4,24.6,,2.3,0.8,3.1,0.101,,1.9,-2,0,0.7
304,C.J. Miles,SF,30,TOR,32,583,14.6,0.567,0.764,0.143,1,9.9,5.5,4.6,2,1.5,5.2,21.6,,0.9,0.7,1.6,0.128,,2.4,-2,0.4,0.4
305,Darius Miller,SF,27,NOP,39,827,10.4,0.64,0.767,0.153,0.7,7.7,4.4,7.7,0.7,0.5,8,13.2,,1.3,0.2,1.5,0.085,,1.4,-2.5,-1.1,0.2
306,Malcolm Miller,SF,24,TOR,2,8,-10.2,0,1,0,0,0,0,0,0,0,0,10.9,,0,0,0,-0.257,,-9.9,-3.4,-13.2,0
307,Patty Mills,PG,29,SAS,42,1033,12.8,0.566,0.587,0.167,1.3,7.2,4.3,17.3,1.5,0.5,13.3,17.7,,1.2,1.1,2.3,0.108,,1.1,-1.2,0,0.5
308,Paul Millsap,PF,32,DEN,16,475,17.6,0.531,0.287,0.322,5.7,17.7,11.7,15.8,1.8,3.6,12.5,24.1,,0.5,0.6,1.1,0.108,,0,1.1,1.1,0.4
309,Nikola Mirotic,PF,26,CHI,17,426,22.9,0.623,0.476,0.264,4.2,26.6,15,11,0.9,1.2,7.8,26.4,,1.1,0.4,1.5,0.168,,3.5,-1.8,1.6,0.4
310,Donovan Mitchell,SG,21,UTA,38,1186,16.7,0.546,0.404,0.189,1.6,10.6,6,20,2.4,1.3,12.7,28.4,,0.6,1.3,1.9,0.077,,1.3,-0.5,0.8,0.8
311,Naz Mitrou-Long,SG,24,UTA,1,1,137.1,1.5,1,0,0,0,0,0,0,0,0,45.6,,0.1,0,0.1,2.745,,70,-14.8,55.2,0
312,Malik Monk,SG,19,CHO,31,429,7.7,0.452,0.565,0.092,0.5,7.6,4,15.6,0.9,0.6,9.9,21.4,,-0.4,0.3,-0.1,-0.007,,-2.4,-2.6,-5,-0.3
313,Greg Monroe,C,27,TOT,19,416,19.6,0.597,0,0.236,11.1,26.6,18.8,17.2,1.2,0.9,15.9,20,,0.8,0.3,1.1,0.13,,0.4,0.2,0.6,0.3
313,Greg Monroe,C,27,MIL,5,79,11.4,0.489,0,0.121,9.1,29.1,19.1,10.3,0,0,14.7,23.6,,-0.1,0,0,-0.018,,-5.9,-3.8,-9.6,-0.2
313,Greg Monroe,C,27,PHO,14,337,21.5,0.626,0,0.27,11.5,26,18.7,18.9,1.4,1.2,16.3,19.2,,0.8,0.3,1.2,0.164,,1.8,1.2,3,0.4
314,Luis Montero,SG,24,DET,2,8,-15.8,0,0,0,0,29.2,14.2,0,0,0,66.7,16.6,,-0.1,0,-0.1,-0.448,,-23.6,-1.9,-25.5,0
315,E'Twaun Moore,SG,28,NOP,39,1257,13.3,0.635,0.38,0.077,2.9,6.5,4.8,9.5,1.5,0.3,10.8,15.9,,2,0.4,2.4,0.091,,1.7,-1.4,0.3,0.7
316,Eric Moreland,PF,26,DET,35,420,10.7,0.477,0,0.267,10.7,23.7,17,10.5,1.7,5,26.4,7.2,,0.2,0.7,1,0.112,,-3.5,5.5,2,0.4
317,Marcus Morris,PF,28,BOS,21,490,12.9,0.512,0.368,0.25,2,21.1,11.8,9.6,1.1,1.2,9.6,23,,0,0.9,0.9,0.088,,-2.7,0.1,-2.7,-0.1
318,Markieff Morris,PF,28,WAS,32,794,12.1,0.551,0.283,0.19,5,19.4,12.2,6.9,1.2,1.8,14.7,19.6,,0.2,1,1.2,0.073,,-2.2,0.3,-1.8,0
319,Monte Morris,PG,22,DEN,1,3,-2.6,0,1,0,0,0,0,40.2,0,0,0,14.5,,0,0,0,-0.193,,-10.3,-12.6,-22.8,0
320,Johnathan Motley,PF,22,DAL,1,2,94.9,0.725,0,4,0,58.4,28.1,0,0,45.2,0,63.1,,0,0,0,0.873,,3.9,7.1,11,0
321,Timofey Mozgov,C,31,BRK,24,312,10.8,0.602,0.221,0.325,9.4,19.3,14.3,3.9,0.5,2.2,24.8,15.9,,0,0.3,0.3,0.05,,-4,-0.1,-4.1,-0.2
322,Emmanuel Mudiay,PG,21,DEN,31,615,12.4,0.517,0.344,0.276,2.4,11.3,6.8,23.2,1.3,0.4,18.1,24.2,,0.1,0.4,0.5,0.035,,-1.7,-2.4,-4.1,-0.3
323,Shabazz Muhammad,SF,25,MIN,24,258,8.9,0.435,0.192,0.182,5.4,12.3,8.8,3.9,1,0.7,2.7,18.9,,0,0.1,0.1,0.017,,-3.9,-3.2,-7.1,-0.3
324,Dejounte Murray,PG,21,SAS,42,736,12.3,0.454,0.06,0.278,6.4,21.9,14.1,21.2,2.1,1.5,18.7,21.3,,-0.6,1.3,0.7,0.045,,-3.9,2.5,-1.4,0.1
325,Jamal Murray,PG,20,DEN,40,1174,16.3,0.564,0.393,0.21,4.2,9.1,6.6,14.6,1.5,0.9,12.4,24.2,,1.8,0.8,2.6,0.105,,1.6,-1.9,-0.3,0.5
326,Mike Muscala,C,26,ATL,12,227,12.8,0.578,0.368,0.246,6.9,18.5,12.6,5.8,1.7,2,11.2,13.8,,0.3,0.2,0.5,0.102,,-1.2,-0.1,-1.3,0
327,Abdel Nader,SF,24,BOS,19,151,5.5,0.419,0.5,0.068,3.7,10.6,7.2,6.8,1.7,2.2,15,15.9,,-0.2,0.2,0,0.001,,-5.4,1,-4.4,-0.1
328,Larry Nance,PF,25,LAL,29,621,19.4,0.609,0.011,0.36,11.8,20.2,16,10.2,3,1.4,12,15.7,,1.4,1,2.4,0.182,,0.8,2.3,3.1,0.8
329,Shabazz Napier,PG,26,POR,34,715,18.4,0.602,0.335,0.278,1.7,10.6,6.2,16.6,3.2,0.7,12.8,19.7,,1.4,1.1,2.5,0.167,,1.6,1,2.6,0.8
330,Jameer Nelson,PG,35,NOP,35,793,8.5,0.516,0.518,0.101,1.5,10,5.9,21.9,1.3,0.3,22.9,12.6,,0.2,0.3,0.5,0.03,,-2.1,-1.4,-3.5,-0.3
331,Raul Neto,PG,25,UTA,17,226,13.4,0.555,0.314,0.186,1,10.9,5.8,23.5,1.3,0.8,13.7,17.7,,0.2,0.2,0.4,0.089,,-1.3,-1.5,-2.8,0
332,Joakim Noah,C,32,NYK,6,36,16.6,0.465,0,0.444,19.1,21.4,20.3,15.6,2.8,5,21.8,16.8,,0,0.1,0.1,0.104,,-1.1,4.6,3.5,0
333,Nerlens Noel,C,23,DAL,18,225,15.5,0.587,0,0.358,12.5,24.4,18.3,4,2.2,4,19.6,15.5,,0.2,0.4,0.6,0.126,,-3.5,2.4,-1.1,0.1
334,Lucas Nogueira,C,25,TOR,23,260,18.5,0.679,0.2,0.255,5.8,18,12,4.8,2.6,9.4,14.1,11.9,,0.5,0.6,1.1,0.2,,-0.4,6.3,5.8,0.5
335,Dirk Nowitzki,C,39,DAL,42,1059,17,0.579,0.391,0.148,1.7,23.9,12.4,11.3,1,1.5,6.5,20.6,,1.7,1,2.7,0.123,,0.5,0,0.5,0.7
336,Frank Ntilikina,PG,19,NYK,37,792,8,0.434,0.309,0.155,2.2,9.9,6.1,22.1,2.9,0.8,21,17.5,,-0.9,0.9,0,-0.002,,-3,0.7,-2.3,-0.1
337,Jusuf Nurkic,C,23,POR,37,1012,16.2,0.497,0.015,0.339,8.2,24,16.2,12.2,1.4,3.5,15.1,28.1,,-0.6,1.8,1.2,0.055,,-4.1,2,-2,0
338,David Nwaba,SG,25,CHI,29,662,13.5,0.582,0.099,0.579,4.4,17.8,10.9,8.5,1.8,1.8,11.6,14.3,,0.8,0.7,1.4,0.105,,-2.2,1.4,-0.8,0.2
339,Johnny O'Bryant,PF,24,CHO,24,259,13.5,0.474,0.214,0.143,8.9,19.4,14.1,6.6,1.3,1.3,8.8,24.5,,-0.1,0.3,0.3,0.047,,-3.3,-1.5,-4.7,-0.2
340,Royce O'Neale,SF,24,UTA,27,271,10.4,0.504,0.586,0.4,2.1,22,11.8,13.6,1.7,0.3,13.6,16.1,,0.1,0.3,0.4,0.064,,-2.5,0.1,-2.5,0
341,Kyle O'Quinn,C,27,NYK,40,671,20.1,0.62,0.026,0.337,10.3,29.2,19.9,18.4,1.4,5.5,19.6,18,,1.3,1.2,2.5,0.18,,0.6,4.5,5.1,1.2
342,Semi Ojeleye,PF,23,BOS,38,529,4.8,0.45,0.785,0.226,4.2,11.1,7.7,2.3,1.2,0.2,10.5,9.7,,-0.2,0.7,0.6,0.051,,-3.4,0.2,-3.2,-0.2
343,Jahlil Okafor,C,22,TOT,6,81,7.7,0.443,0.053,0.158,8.1,19.5,13.7,1.8,0.6,3.9,14.7,24.9,,-0.2,0.1,-0.1,-0.058,,-9.9,-3,-13,-0.2
343,Jahlil Okafor,C,22,PHI,2,25,8.9,0.465,0,0.444,17.7,20.7,19.3,6,0,6.6,21.8,23.2,,0,0,0,-0.004,,-7.3,0.3,-7,0
343,Jahlil Okafor,C,22,BRK,4,56,7.1,0.435,0.069,0.069,3.7,18.9,11.3,0,0.9,2.7,11.8,25.7,,-0.2,0.1,-0.1,-0.082,,-11.1,-4.5,-15.6,-0.2
344,Victor Oladipo,SG,25,IND,35,1192,24.5,0.605,0.352,0.298,1.9,15.5,8.8,20.1,2.8,2.5,12.7,30.4,,2.8,1.5,4.3,0.171,,4.5,0.4,5,2.1
345,Kelly Olynyk,PF,26,MIA,40,952,15.8,0.624,0.401,0.299,5.8,22.7,14.2,14.5,1.8,1.7,20.5,20,,1.1,1.3,2.4,0.12,,0.3,1.4,1.7,0.9
346,Cedi Osman,SF,22,CLE,32,259,8.6,0.571,0.383,0.15,3.1,19.1,11.3,4.9,1.3,0.3,13.5,12.7,,0.1,0.2,0.3,0.052,,-3,-1.7,-4.7,-0.2
347,Kelly Oubre,SF,22,WAS,40,1079,13.2,0.558,0.427,0.285,3.2,16.7,9.9,6.3,1.6,1.5,9.2,18.6,,1.1,1.4,2.5,0.111,,-0.3,0.2,-0.1,0.5
348,Zaza Pachulia,C,33,GSW,32,463,15.8,0.609,0,0.342,8.7,25.6,17.9,14.8,2.4,1,21.1,16.4,,0.7,0.8,1.5,0.155,,-1,1.8,0.8,0.3
349,Marcus Paige,PG,24,CHO,1,3,-19.3,0,0,0,0,72.7,35.7,0,0,0,0,28.8,,0,0,0,-0.598,,-33.9,-10.4,-44.4,0
350,Georgios Papagiannis,C,20,SAC,9,70,14.8,0.48,0,0,12.6,23.9,18,4.6,1.4,4.1,10.7,18,,0,0.1,0.1,0.047,,-4.5,-0.5,-5,-0.1
351,Tony Parker,PG,35,SAS,17,369,13.6,0.533,0.079,0.198,0.9,10.2,5.6,29.8,1,0.2,18,20.4,,0.2,0.4,0.6,0.072,,-2.1,-1.7,-3.8,-0.2
352,Chandler Parsons,SF,29,MEM,26,545,14.6,0.6,0.531,0.14,2.6,13.4,8,16.6,1.2,1.5,13.2,18.5,,0.7,0.4,1.1,0.096,,1,-1.2,-0.2,0.2
353,Patrick Patterson,PF,28,OKC,41,584,7.8,0.532,0.681,0.138,1.9,13.4,7.5,5.1,1.8,1.3,14,10.7,,0.2,0.7,0.8,0.068,,-2.7,-0.1,-2.8,-0.1
354,Brandon Paul,SG,26,SAS,39,441,9.7,0.535,0.443,0.309,0.8,12.3,6.6,10.6,2.8,0.9,15.4,13.3,,0.1,0.7,0.8,0.086,,-2.2,1.4,-0.7,0.1
355,Chris Paul,PG,32,HOU,22,704,24.1,0.603,0.509,0.254,2.4,17,9.7,46.1,2.9,1,15.8,23.4,,2.8,1,3.8,0.258,,5.9,0.7,6.6,1.5
356,Adreian Payne,PF,26,ORL,5,43,18.9,0.831,0.3,0.6,5,17.9,11.4,0,2.2,0,13.7,14.8,,0.1,0,0.2,0.199,,0.4,-4.2,-3.8,0
357,Elfrid Payton,PG,23,ORL,32,932,17.2,0.556,0.163,0.242,4.2,10.9,7.5,34.9,2.3,0.8,19,21.1,,1.1,0.6,1.7,0.09,,1,-0.3,0.6,0.6
358,Gary Payton,PG,25,MIL,12,106,7.8,0.437,0.364,0.091,4.5,14.8,9.7,12.2,1.4,0.8,8,16.1,,0,0.1,0,0.012,,-3.2,-2.2,-5.4,-0.1
359,London Perrantes,PG,23,CLE,1,3,-19.3,0,0,0,0,0,0,0,0,0,0,14.9,,0,0,0,-0.382,,-16.8,-5,-21.7,0
360,Alec Peters,PF,22,PHO,2,14,7.8,0.375,1,0,0,23.2,11.4,0,0,11.2,0,12,,0,0,0,0.011,,-6.9,0.4,-6.5,0
361,Mason Plumlee,C,27,DEN,40,811,15.6,0.548,0.005,0.529,9.8,22.7,16.2,14.1,1.5,4.8,20.2,17.2,,0.4,1.2,1.6,0.094,,-2.2,3.2,1,0.6
362,Miles Plumlee,C,29,ATL,21,390,11.2,0.625,0,0.366,8.3,15.5,11.8,7.1,1.3,2.3,24.7,12.3,,0.2,0.2,0.4,0.049,,-2.7,0.7,-2,0
363,Jakob Poeltl,C,22,TOR,39,664,18.4,0.656,0.011,0.298,13.4,15.9,14.7,4,1.1,5,13,15.2,,1.7,1,2.6,0.189,,0.9,1.8,2.6,0.8
364,Quincy Pondexter,SF,29,CHI,19,183,3.6,0.398,0.449,0.347,4.5,9.7,7,5.3,1.9,0.9,16.3,16.2,,-0.4,0.1,-0.2,-0.056,,-6.2,-0.8,-7.1,-0.2
365,Otto Porter,SF,24,WAS,36,1130,18.3,0.594,0.355,0.13,4.2,18.7,11.4,9,2.4,1.7,6.1,17.9,,2.3,1.7,4,0.172,,2.1,1.8,3.9,1.7
366,Bobby Portis,PF,22,CHI,32,665,21.7,0.567,0.253,0.231,9.9,23.9,16.6,14,1,1.3,9.1,25.3,,1.4,0.6,2,0.141,,1.7,-0.7,0.9,0.5
367,Kristaps Porzingis,PF,22,NYK,34,1111,20.9,0.538,0.242,0.318,4.7,18.2,11.6,6.7,0.9,6.1,8.9,32.5,,1.3,1.5,2.8,0.121,,-0.3,-0.3,-0.6,0.4
368,Dwight Powell,C,26,DAL,41,755,18.4,0.646,0.226,0.352,8.5,21,14.5,7.7,2.1,1.8,10.2,15.5,,1.9,0.9,2.9,0.184,,1,1.5,2.5,0.9
369,Norman Powell,SG,24,TOR,34,609,9.7,0.491,0.458,0.156,1.5,10.2,6,12.4,2.2,1.5,14.6,20.2,,-0.4,0.8,0.4,0.032,,-2.2,0,-2.2,0
370,Alex Poythress,PF,24,IND,15,71,7.2,0.5,0.467,0,8.2,9.5,8.9,1.8,2.1,1.2,11.8,10.7,,0,0.1,0.1,0.052,,-2.1,-1.1,-3.1,0
371,Jacob Pullen,PG,28,PHI,3,6,-2.2,0.5,0.5,0,0,0,0,0,0,0,33.3,21.1,,0,0,0,-0.215,,-10.4,-5,-15.4,0
372,Zhou Qi,C,22,HOU,14,75,0,0.299,0.625,0.417,3,16.6,9.8,1.8,1.3,6.8,15,19.3,,-0.3,0.1,-0.2,-0.129,,-10.5,0.4,-10.1,-0.2
373,Ivan Rabb,PF,20,MEM,4,8,26.9,0.6,0,0,14.6,44.3,29.4,33.8,0,0,16.7,34.5,,0,0,0,0.112,,2.7,0.4,3.1,0
374,Julius Randle,C,23,LAL,40,916,18.8,0.599,0.081,0.468,8.5,24,16.1,14.3,1,2.5,17.2,24.7,,1.2,1.1,2.4,0.123,,-0.7,0.6,0,0.5
375,Zach Randolph,PF,36,SAC,36,916,19.9,0.546,0.172,0.172,8.1,24.1,15.8,15,1.6,0.6,11.8,27.4,,0.9,0.6,1.6,0.082,,0.8,-1.2,-0.4,0.4
376,J.J. Redick,SG,33,PHI,34,1115,14.6,0.595,0.508,0.237,0.6,7.5,4.2,15.7,0.8,0.1,9,20.5,,2.4,0.7,3.1,0.134,,2.1,-2.8,-0.7,0.4
377,Willie Reed,C,27,LAC,31,314,20.6,0.67,0.011,0.511,9.1,21.4,15.2,3.2,0.9,3.8,8.2,17,,0.9,0.3,1.3,0.195,,-0.2,-0.7,-0.9,0.1
378,Josh Richardson,SF,24,MIA,40,1355,12.1,0.558,0.435,0.171,2.5,8.4,5.5,11.7,1.9,2.2,15.2,18,,0.6,1.4,2,0.07,,-0.4,0.8,0.4,0.8
379,Malachi Richardson,SG,22,SAC,22,282,6.3,0.456,0.456,0.253,1.6,10.6,5.9,6.6,1.6,0,9.3,15.4,,-0.2,0.1,-0.1,-0.013,,-3.7,-2.5,-6.1,-0.3
380,Austin Rivers,SG,25,LAC,32,1047,13.3,0.529,0.457,0.208,1.6,5.5,3.5,17.6,1.9,0.7,11.2,22.4,,0.8,0.6,1.4,0.062,,1,-2,-1,0.3
381,Andre Roberson,SG,26,OKC,34,916,10.7,0.538,0.245,0.184,8,12.2,10.1,5.8,2,3.2,15.4,9,,0.7,1.2,1.9,0.097,,-1.5,2.6,1.2,0.7
382,Rajon Rondo,PG,31,NOP,25,626,15.8,0.527,0.301,0.035,1.9,14.5,8.5,45.5,1.8,0.7,23.2,16,,1,0.4,1.5,0.111,,-0.3,-1.5,-1.9,0
383,Derrick Rose,PG,29,CLE,7,188,11.5,0.542,0.157,0.253,4.3,6.4,5.4,10.4,0.5,0.5,17.1,26.4,,-0.1,0,-0.1,-0.021,,-4,-4.3,-8.3,-0.3
384,Terrence Ross,SG,26,ORL,22,576,10.4,0.515,0.48,0.198,1.9,11.4,6.6,8.7,2.3,1.4,11.5,16.4,,0,0.4,0.4,0.033,,-1.5,0.2,-1.3,0.1
385,Terry Rozier,PG,23,BOS,43,991,14.3,0.516,0.5,0.142,3.1,17.5,10.5,13.9,2.2,0.4,7.8,19.1,,0.8,1.8,2.7,0.129,,0,1.3,1.3,0.8
386,Ricky Rubio,PG,27,UTA,39,1124,12.5,0.506,0.361,0.286,1.6,14.6,8,26.7,2.7,0.4,20.6,22.3,,-0.5,1.4,0.9,0.037,,-1.8,0.9,-0.9,0.3
387,D'Angelo Russell,PG,21,BRK,12,333,19.4,0.539,0.298,0.307,2.8,14.9,8.9,40.3,1.7,0.5,17.1,35.8,,0.1,0.3,0.4,0.059,,2.9,-0.1,2.8,0.4
388,Domantas Sabonis,C,21,IND,38,929,19.3,0.593,0.053,0.368,11.8,25.4,18.7,13.2,0.9,1.7,16.1,22.7,,1.8,0.9,2.7,0.14,,0.3,0,0.4,0.6
389,JaKarr Sampson,SF,24,SAC,6,102,14.7,0.656,0.136,0.091,8.6,25.7,16.9,3,1,3.7,8,11,,0.2,0.1,0.3,0.143,,-1.7,-0.1,-1.8,0
390,Dario Saric,PF,23,PHI,37,1122,14.6,0.553,0.435,0.181,8.2,16.1,12.3,13,1,0.9,13.2,19.7,,1.4,1.1,2.5,0.109,,0.8,-0.3,0.6,0.7
391,Tomas Satoransky,SG,26,WAS,31,520,14.1,0.572,0.298,0.322,5.1,10.9,8,21.6,1.1,0.3,11,13.1,,1.1,0.4,1.6,0.144,,0.8,-0.5,0.3,0.3
392,Dennis Schroder,PG,24,ATL,37,1183,18.3,0.516,0.211,0.21,2.7,8.1,5.4,36.4,1.7,0.2,11.9,29.9,,1.5,0.4,1.8,0.075,,1.9,-2.8,-0.9,0.3
393,Mike Scott,PF,29,WAS,36,685,16,0.661,0.345,0.124,4,15.5,9.8,6.5,1.1,1,14.1,19.6,,1.1,0.7,1.8,0.126,,0.8,-1,-0.2,0.3
394,Thabo Sefolosha,SF,33,UTA,36,780,16.2,0.588,0.355,0.231,3.9,19.5,11.5,6.4,3.3,1.3,10.1,16.8,,1,1.2,2.2,0.135,,-0.3,1.8,1.5,0.7
395,Wayne Selden,SG,23,MEM,5,66,16,0.559,0.5,0.385,3.5,10.7,7.1,20.9,1.6,0,14.1,24.7,,0.1,0,0.1,0.081,,0.8,-3.4,-2.6,0
396,Ramon Sessions,PG,31,NYK,13,167,6.4,0.403,0.208,0.283,0.7,11.2,6.1,22.4,2.1,0.5,20.1,19.6,,-0.3,0.2,-0.2,-0.047,,-5.5,-0.8,-6.3,-0.2
397,Iman Shumpert,SG,27,CLE,13,271,6.8,0.487,0.439,0.263,3,13.4,8.3,8.5,1.6,1.6,21.1,13.3,,-0.2,0.2,0,-0.005,,-3.8,0,-3.8,-0.1
398,Pascal Siakam,PF,23,TOR,38,748,13,0.487,0.335,0.156,6.3,19.2,12.9,12.2,2.2,2.4,10.8,15.6,,0.4,1.2,1.6,0.102,,-0.9,2.5,1.6,0.7
399,Ben Simmons,PG,21,PHI,37,1315,17.8,0.527,0.019,0.36,5.8,19,12.6,33.4,2.6,2.1,19.8,23.8,,0.7,2.2,2.9,0.106,,-0.5,3.3,2.8,1.6
400,Jonathon Simmons,SG,28,ORL,40,1147,12.2,0.533,0.255,0.288,3.7,10.9,7.3,12.4,1.3,0.5,14.4,23.2,,0,0.5,0.4,0.018,,-1.6,-1.6,-3.2,-0.4
401,Kobi Simmons,PG,20,MEM,11,162,7.6,0.485,0.282,0.128,2.2,10.9,6.5,10.5,1.9,1.7,16.3,14,,-0.1,0.1,0,0.013,,-4.3,0,-4.3,-0.1
402,Kyle Singler,SF,29,OKC,7,42,3.7,0.419,0.313,0.438,0,16.7,8.1,0,1.2,0,9.5,22,,-0.1,0,-0.1,-0.074,,-9.6,-6.4,-15.9,-0.1
403,Marcus Smart,SG,23,BOS,41,1252,9.9,0.454,0.462,0.251,3.1,9.9,6.6,23.2,2.1,1.4,18,19.6,,-0.9,2.1,1.2,0.046,,-2.4,1.6,-0.8,0.4
404,Dennis Smith,PG,20,DAL,34,945,12.4,0.473,0.333,0.162,3.1,13.7,8.2,26.9,1.6,0.8,15.5,28.8,,-1.3,0.8,-0.5,-0.025,,-1.9,-0.5,-2.4,-0.1
405,Ish Smith,PG,29,DET,39,843,15.2,0.492,0.061,0.138,2.1,11.8,6.8,29.9,1.3,0.9,10.5,22.6,,0.7,0.8,1.5,0.084,,-1.4,-0.6,-2,0
406,J.R. Smith,SG,32,CLE,39,1164,7.9,0.519,0.709,0.104,1.7,9.4,5.6,9.3,1.7,0.2,11.6,12.6,,0.3,0.5,0.8,0.033,,-0.4,-0.9,-1.3,0.2
407,Jason Smith,C,31,WAS,16,156,3.5,0.364,0.306,0.145,9.2,12.1,10.6,2.8,0.6,3.9,12,21.1,,-0.4,0.2,-0.2,-0.071,,-7.4,-1.3,-8.8,-0.3
408,Josh Smith,PF,32,NOP,3,12,3.6,0.25,0,0,29.3,9,18.8,0,0,0,0,14.6,,0,0,0,-0.02,,-5.8,-7.9,-13.8,0
409,Tony Snell,SG,26,MIL,34,1030,9.4,0.601,0.604,0.17,0.6,8.3,4.4,6.3,1.1,1,7.7,11,,1.1,0.3,1.3,0.062,,0.2,-1.6,-1.4,0.2
410,Marreese Speights,C,30,ORL,32,416,12,0.502,0.653,0.157,3.9,18.8,11.3,8.8,0.6,2.1,8,26.2,,-0.1,0.2,0.2,0.019,,-0.6,-3.3,-3.9,-0.2
411,Nik Stauskas,SG,24,TOT,18,225,11.4,0.618,0.672,0.224,1.4,13.2,7.3,9.6,1.1,0.3,16.9,16.7,,0.2,0.2,0.3,0.071,,-0.9,-1.2,-2.1,0
411,Nik Stauskas,SG,24,PHI,6,45,0.9,0.41,0.25,0.5,0,2.3,1.2,2.8,4.2,0,45,8.3,,-0.1,0.1,0,-0.052,,-7.4,2.2,-5.3,0
411,Nik Stauskas,SG,24,BRK,12,180,14,0.633,0.698,0.206,1.7,15.9,8.8,11.4,0.3,0.4,13.8,18.8,,0.3,0.1,0.4,0.101,,0.8,-2.1,-1.3,0
412,Lance Stephenson,SG,27,IND,40,943,11.7,0.499,0.294,0.18,4.3,22.1,13.3,17.4,1.2,0.5,16.1,19.6,,0,0.8,0.8,0.039,,-2,-0.2,-2.3,-0.1
413,Julyan Stone,SG,29,CHO,6,30,11.6,0.75,1,0,0,29.1,14.3,32.3,3.2,2.8,50,11.5,,0,0.1,0.1,0.096,,-3.1,3.8,0.7,0
414,Caleb Swanigan,PF,20,POR,15,133,7.4,0.409,0.119,0.31,10.1,19.7,15,9.8,1.9,1.8,18.7,19.4,,-0.2,0.2,0,-0.004,,-5.9,1.4,-4.5,-0.1
415,Jayson Tatum,SF,19,BOS,43,1338,16.7,0.626,0.32,0.397,2.7,16.1,9.6,6.7,1.6,2.3,10.2,17.8,,2.6,2.4,5,0.181,,0.4,2,2.4,1.5
416,Isaiah Taylor,PG,23,ATL,32,489,9.7,0.467,0.215,0.347,2.5,8.6,5.5,21.5,1.6,1.5,15.7,17.7,,-0.1,0.2,0.1,0.01,,-3.6,-1.6,-5.2,-0.4
417,Jeff Teague,PG,29,MIN,31,1060,15,0.549,0.327,0.234,1.4,9.2,5.3,30.7,2.2,0.9,19.6,19.7,,1.1,0.8,1.9,0.084,,0.8,-1,-0.2,0.5
418,Mirza Teletovic,PF,32,MIL,10,159,13.8,0.623,0.789,0,2.3,15.2,8.7,9.5,1.3,0.6,10.9,18.4,,0.2,0.1,0.3,0.087,,1.9,-3.4,-1.5,0
419,Garrett Temple,SG,31,SAC,39,981,9,0.495,0.49,0.146,1.6,10.2,5.7,10.1,1.8,2.1,13.3,16.5,,-0.4,0.5,0.1,0.003,,-2.1,-0.5,-2.6,-0.1
420,Milos Teodosic,PG,30,LAC,13,317,10.1,0.469,0.655,0.127,3.1,11.5,7.3,31.6,0.8,0.8,19.4,19.8,,0,0.1,0.1,0.021,,-0.5,-2.2,-2.7,-0.1
421,Jason Terry,SG,40,MIL,15,145,5.1,0.386,0.6,0.08,0,10,5,7.2,3.1,2.4,16.2,9.8,,-0.2,0.1,0,-0.016,,-4.7,0.9,-3.8,-0.1
422,Daniel Theis,C,25,BOS,41,543,14.7,0.586,0.231,0.357,10.6,23.5,17.2,6.5,1.7,4.5,20.2,17.2,,0.4,1.3,1.7,0.149,,-2.8,3.3,0.5,0.3
423,Isaiah Thomas,PG,28,CLE,3,59,13.9,0.551,0.472,0.306,3.9,1.9,2.9,30.8,0,0,19.7,38.5,,0,0,-0.1,-0.042,,-0.2,-8.1,-8.3,-0.1
424,Lance Thomas,PF,29,NYK,37,705,6.3,0.505,0.399,0.259,4.7,11.1,8,3.2,1,0.5,13.1,11.4,,0.1,0.5,0.6,0.038,,-2.1,-0.6,-2.7,-0.1
425,Klay Thompson,SG,27,GSW,41,1394,17,0.598,0.45,0.076,1.8,10.6,6.6,11.6,1,1.4,9.1,24.3,,2.1,1.2,3.3,0.115,,2.3,-2.3,0,0.7
426,Tristan Thompson,C,26,CLE,20,376,13.1,0.613,0,0.493,10.8,22.2,16.7,3.7,0.7,1.6,12.5,11.4,,0.7,0.2,0.9,0.118,,-1.7,-0.9,-2.6,-0.1
427,Sindarius Thornwell,SG,23,LAC,38,537,7.4,0.512,0.327,0.301,2.6,9.8,6.2,7.3,2.1,2.2,18,12.7,,-0.2,0.5,0.3,0.029,,-3.2,1,-2.2,0
428,Anthony Tolliver,PF,32,DET,36,714,10.3,0.579,0.805,0.265,3.5,12,7.6,7.5,1,1.1,13,14.8,,0.7,0.6,1.3,0.087,,0.2,-0.5,-0.2,0.3
429,Karl-Anthony Towns,C,22,MIN,42,1500,23.5,0.634,0.264,0.308,8.8,30.3,19.5,9.5,1.3,3.8,11.7,22.5,,4.5,2,6.6,0.21,,3.2,1.5,4.7,2.5
430,P.J. Tucker,SF,32,HOU,39,1050,8,0.529,0.696,0.201,5,19.8,12.4,4.6,1.8,0.9,15.2,9.8,,0.4,1.2,1.6,0.074,,-1.6,1.2,-0.3,0.4
431,Evan Turner,SF,29,POR,40,1067,9.8,0.515,0.195,0.189,1.6,13.3,7.5,13.2,1.2,1.1,15.9,16,,0,1.3,1.2,0.056,,-2.8,1,-1.8,0
432,Myles Turner,C,21,IND,33,964,17.4,0.569,0.238,0.323,4.7,20.5,12.8,8,0.8,6.6,12,21.2,,1.1,1.2,2.3,0.113,,-1.2,1.8,0.7,0.6
433,Ekpe Udoh,C,30,UTA,37,586,13.4,0.552,0,0.474,8.4,10.4,9.4,10.2,2.2,6.7,12.1,8.4,,0.9,0.9,1.8,0.151,,-1.4,5.5,4.1,0.9
434,Tyler Ulis,PG,22,PHO,41,977,9.1,0.454,0.238,0.212,1.4,7,4.2,25.2,2.1,0.2,18.5,17.7,,-0.6,0.4,-0.2,-0.01,,-3.1,-1.9,-5,-0.7
435,Jonas Valanciunas,C,25,TOR,35,733,20.4,0.616,0.063,0.357,11.7,29.6,20.8,4.2,0.8,2.8,12.5,21.4,,1.8,1.2,3,0.194,,-0.8,-0.5,-1.3,0.1
436,Denzel Valentine,SG,24,CHI,41,1170,11.7,0.529,0.526,0.052,2.6,17.8,10,15.4,1.4,0.4,10.6,15.6,,0.7,0.9,1.6,0.066,,-0.5,0.2,-0.3,0.5
437,Fred VanVleet,PG,23,TOR,39,698,12.3,0.493,0.421,0.157,1.7,11,6.4,21.8,2.3,0.8,12.8,18,,0.4,0.9,1.3,0.088,,-0.6,0,-0.6,0.2
438,Rashad Vaughn,SG,21,MIL,16,162,12.2,0.553,0.688,0.125,0.7,10.4,5.6,10.6,1.2,1.6,1.9,14.6,,0.2,0.1,0.3,0.091,,0.4,-3,-2.5,0
439,Noah Vonleh,PF,22,POR,27,442,12.6,0.557,0,0.314,8.9,29.9,19.5,3.9,0.7,2,12.5,11.1,,0.5,0.7,1.2,0.132,,-3.7,1.2,-2.5,-0.1
440,Nikola Vucevic,C,27,ORL,34,1018,21.3,0.557,0.277,0.111,6.5,27.5,16.9,19.1,1.7,2.9,10.8,25.4,,1.4,1.2,2.7,0.125,,1.9,1.9,3.8,1.5
441,Dwyane Wade,SG,36,CLE,37,873,16.6,0.516,0.157,0.309,4,14.6,9.4,25.1,2.1,2.7,15.1,24.4,,0.5,0.8,1.3,0.072,,-1.5,0.5,-1,0.2
442,Dion Waiters,SG,26,MIA,30,918,11,0.487,0.415,0.168,1,8.7,4.8,20.5,1.3,0.8,13.7,25.3,,-0.7,0.7,0,0.002,,-1.8,-2.1,-3.9,-0.4
443,Kemba Walker,PG,27,CHO,36,1244,20.1,0.549,0.414,0.318,1.4,9.3,5.2,28.9,1.8,0.7,9.5,26.8,,2.7,1.2,3.9,0.152,,4.6,-0.9,3.6,1.8
444,John Wall,PG,27,WAS,29,977,19.7,0.509,0.252,0.4,1.9,10.1,6,42.5,1.9,2.8,14.8,28,,1.2,1.2,2.4,0.117,,1.9,0.4,2.3,1.1
445,Tyrone Wallace,PG,23,LAC,2,51,14.2,0.503,0.105,0.579,0,10.8,5.4,8.9,2.9,3.3,7.7,22.1,,0,0.1,0.1,0.086,,-3.7,0.2,-3.5,0
446,Taurean Waller-Prince,SF,23,ATL,40,1243,12.6,0.545,0.401,0.161,2.9,18.1,10.3,12.5,1.5,1.9,15.1,19.9,,0.2,0.8,1.1,0.041,,-1.2,0.1,-1.1,0.3
447,Derrick Walton,PG,22,MIA,12,105,11,0.531,0.611,0.222,0,8.8,4.4,17.2,1.9,2.4,9.2,9.4,,0.1,0.1,0.2,0.113,,-2,0.1,-1.8,0
448,T.J. Warren,SF,24,PHO,41,1314,18.4,0.537,0.092,0.26,6.5,12.3,9.3,8,1.4,1.6,7.4,25.9,,1.9,0.7,2.6,0.094,,0.1,-1.8,-1.7,0.1
449,Briante Weber,PG,25,HOU,12,111,10.1,0.551,0.4,0.2,3.1,13.2,8.2,14.6,3.5,2.3,24.3,11.2,,0.1,0.2,0.2,0.098,,-2.5,2.7,0.2,0.1
450,David West,C,37,GSW,39,510,24.6,0.658,0.037,0.204,8.8,19.5,14.7,20.6,2.4,6.2,15.1,20.9,,1.5,1,2.5,0.237,,2.4,3.8,6.2,1.1
451,Russell Westbrook,PG,29,OKC,41,1481,24.7,0.51,0.22,0.334,5.4,25.3,15.1,50.3,2.8,0.5,15.7,34.9,,2.6,2.5,5.1,0.165,,5.1,3.2,8.3,3.8
452,Derrick White,PG,23,SAS,10,64,10.9,0.519,0.111,0.889,7,17.3,12.2,10.6,2.4,2.6,24.2,11.6,,0,0.1,0.1,0.096,,-3.5,3.2,-0.3,0
453,Okaro White,PF,25,MIA,6,80,9.2,0.577,0.688,0.188,4.3,11.5,7.9,3.6,0.6,1.1,5.5,10.4,,0.1,0.1,0.2,0.092,,-1.2,-1.4,-2.6,0
454,Isaiah Whitehead,PG,22,BRK,10,142,11.7,0.539,0.19,0.27,2.2,12.7,7.4,21.8,2.4,1.1,23.8,27.7,,-0.2,0.2,-0.1,-0.023,,-4.3,0,-4.3,-0.1
455,Hassan Whiteside,C,28,MIA,22,565,24.8,0.575,0.008,0.288,14.1,38.2,26.1,4.5,1.6,5.1,10.4,24,,1.1,1.2,2.3,0.192,,-2.2,0.9,-1.3,0.1
456,Andrew Wiggins,SF,22,MIN,42,1519,13.4,0.502,0.278,0.287,3.4,9.8,6.6,7.3,1.7,1.6,7.8,23.6,,0.5,1,1.5,0.048,,-1,-1.3,-2.2,-0.1
457,Jacob Wiley,PF,23,BRK,5,33,8.2,0.41,0.5,0.5,6.3,28.9,17.5,8,1.5,0,0,6.3,,0,0,0.1,0.104,,-3.6,1.6,-2,0
458,Damien Wilkins,SF,38,IND,19,152,4.9,0.405,0.462,0.103,3.8,8.1,6,7.7,0.7,0.6,10.9,13.4,,-0.1,0,-0.1,-0.027,,-4.1,-2.4,-6.4,-0.2
459,C.J. Williams,SG,27,LAC,27,524,9.7,0.542,0.412,0.103,1.9,6.5,4.2,6.7,2.1,2,10.1,13.2,,0.3,0.4,0.7,0.061,,-1.2,0.3,-0.9,0.1
460,Lou Williams,PG,31,LAC,38,1192,21.7,0.601,0.429,0.375,1.8,7.4,4.6,27,1.2,0.4,13.6,29.7,,3.4,0.5,3.9,0.157,,5.2,-3.3,1.9,1.2
461,Marvin Williams,PF,31,CHO,38,976,13.8,0.612,0.512,0.219,4.2,15,9.5,5.9,1.2,1.3,8.1,13.7,,1.7,1,2.8,0.137,,1,0.7,1.7,0.9
462,Matt Williams,SG,24,MIA,3,11,-0.5,0.417,0.833,0,0,10.5,5.2,0,0,0,14.3,29,,-0.1,0,0,-0.207,,-8.3,-8.8,-17.2,0
463,Troy Williams,SF,23,HOU,4,17,-2.3,0.242,0.556,0.333,6.7,19.9,13.3,8.5,2.8,0,8.8,28.9,,-0.1,0,-0.1,-0.26,,-11.4,-3.1,-14.5,-0.1
464,D.J. Wilson,PF,21,MIL,12,46,1.7,0.444,0.333,0,0,15.8,7.9,5.9,0,0,18.2,11,,-0.1,0,-0.1,-0.059,,-6.6,-3.3,-9.9,-0.1
465,Jamil Wilson,SF,27,LAC,15,274,11.8,0.634,0.778,0.049,1.2,11.6,6.4,5.5,0.9,2.5,8.8,14.4,,0.4,0.2,0.6,0.103,,1.1,-1,0.1,0.1
466,Justise Winslow,SF,21,MIA,27,611,11.3,0.49,0.243,0.154,4.9,22.5,13.7,12.7,1.5,1.4,13.4,15.6,,0.1,0.8,0.8,0.065,,-2.9,1.5,-1.4,0.1
467,Jeff Withey,C,27,DAL,10,39,8.5,0.444,0.625,0.125,2.8,27,14.4,0,0,7,10.6,22.1,,-0.1,0.1,0,-0.054,,-8.9,-3.5,-12.4,-0.1
468,Nate Wolters,PG,26,UTA,5,19,-2.9,0.167,0,0,5.9,6.2,6,7.4,0,0,0,14.4,,-0.1,0,-0.1,-0.166,,-10.4,-2.6,-13,-0.1
469,Brandan Wright,PF,30,MEM,23,315,19.7,0.59,0,0.325,10.4,19.9,15.1,4.8,2,6.7,5.9,14.7,,0.7,0.5,1.2,0.178,,-1.3,2.7,1.5,0.3
470,Delon Wright,PG,25,TOR,27,581,17.9,0.626,0.329,0.312,4,11.9,8,16.5,2.7,2.3,16.4,17.4,,1.2,0.9,2,0.168,,1.8,1.9,3.7,0.8
471,Guerschon Yabusele,PF,22,BOS,17,83,13.2,0.577,0.654,0.077,13.4,19.2,16.4,9.2,0,1,15.7,17.3,,0.1,0.1,0.2,0.141,,0.3,-1.1,-0.9,0
472,Joe Young,PG,25,IND,24,215,14.1,0.576,0.359,0.256,2.7,10.5,6.6,11.6,0.7,0.4,10.3,20.1,,0.3,0.1,0.4,0.089,,-0.4,-3.6,-4,-0.1
473,Nick Young,SG,32,GSW,39,560,11.7,0.59,0.678,0.131,1.5,8.3,5.2,4.1,1.4,0.6,8.5,19.2,,0.4,0.5,0.9,0.078,,0.6,-3.5,-2.9,-0.1
474,Thaddeus Young,PF,29,IND,40,1291,14.1,0.527,0.24,0.082,6.9,13.6,10.3,9,2.5,1.1,10.1,17.1,,1.1,1.2,2.3,0.087,,0.2,0.8,1,1
475,Cody Zeller,C,25,CHO,19,378,16,0.568,0.011,0.611,12.8,17,14.9,6.4,1.2,4.7,14.8,16.2,,0.6,0.5,1.1,0.146,,-1.3,2.7,1.5,0.3
476,Tyler Zeller,C,28,BRK,32,580,15.7,0.596,0.106,0.293,9.2,19.5,14.3,6.8,0.6,2.2,13.5,17.9,,0.8,0.6,1.4,0.119,,-1.5,0.2,-1.3,0.1
477,Paul Zipser,SF,23,CHI,38,581,3.9,0.417,0.404,0.099,1.6,17,9.1,7.6,1.3,0.9,16.4,15.2,,-1.1,0.4,-0.7,-0.056,,-6.6,-0.2,-6.8,-0.7
478,Ante Zizic,C,21,CLE,11,39,13.2,0.462,0,0.636,14.8,22.6,18.8,3.6,0,6.7,12.4,18.4,,0,0,0.1,0.064,,-6.1,-0.8,-6.8,0
479,Ivica Zubac,C,20,LAL,11,37,2.6,0.455,0,0,8.5,17.4,12.9,3.9,0,0,26.7,16.9,,-0.1,0,-0.1,-0.087,,-9,-2.8,-11.8,-0.1