Rk,Player,Pos,Age,Tm,G,GS,MP,FG,FGA,FG%,3P,3PA,3P%,2P,2PA,2P%,eFG%,FT,FTA,FT%,ORB,DRB,TRB,AST,STL,BLK,TOV,PF,PS/G
1,Alex Abrines,SG,24,OKC,37,5,15.7,1.5,3.8,0.388,1,2.6,0.381,0.5,1.1,0.405,0.522,0.5,0.6,0.826,0.4,1.3,1.7,0.4,0.5,0.1,0.5,1.8,4.4
2,Quincy Acy,PF,27,BRK,35,0,19,1.8,5.2,0.348,1.3,3.9,0.343,0.5,1.3,0.364,0.478,0.9,1.1,0.825,0.6,3.4,4,0.6,0.3,0.2,1.1,2.1,5.9
3,Steven Adams,C,24,OKC,36,36,32.1,5.8,9.1,0.637,0,0,0,5.8,9.1,0.639,0.637,1.9,2.9,0.66,4.9,3.7,8.6,0.9,1.2,1,1.5,2.8,13.6
4,Bam Adebayo,C,20,MIA,31,10,19.5,2.5,4.4,0.581,0,0.1,0,2.5,4.3,0.59,0.581,1.6,2.2,0.735,1.7,3.3,5.1,1.1,0.6,0.7,0.9,2,6.7
5,Arron Afflalo,SG,32,ORL,32,2,13.5,1.1,2.9,0.387,0.4,1.2,0.316,0.8,1.7,0.436,0.452,0.5,0.6,0.8,0.1,1.1,1.2,0.5,0.1,0.1,0.3,1.1,3.1
6,Cole Aldrich,C,29,MIN,9,0,2.2,0.3,0.8,0.429,0,0,,0.3,0.8,0.429,0.429,0.1,0.2,0.5,0.2,0.2,0.4,0.1,0.2,0,0.1,0.4,0.8
7,LaMarcus Aldridge,C,32,SAS,40,40,33.8,8.8,17.8,0.496,0.5,1.5,0.344,8.3,16.2,0.51,0.511,4.5,5.4,0.833,3.4,5.3,8.7,1.9,0.5,1.1,1.5,2.4,22.6
8,Jarrett Allen,C,19,BRK,31,0,16.9,2.4,4.6,0.528,0.1,0.2,0.333,2.4,4.4,0.537,0.535,1.1,1.5,0.761,1.7,2.6,4.3,0.4,0.5,1,0.8,1.9,6
9,Kadeem Allen,PG,25,BOS,3,0,2.7,0,0.7,0,0,0.7,0,0,0,,0,1,1.3,0.75,0.3,0.3,0.7,0,0,0,0.3,0,1
10,Tony Allen,SF,36,NOP,22,0,12.4,2,4.1,0.484,0.2,0.5,0.333,1.8,3.6,0.506,0.505,0.5,1,0.524,0.9,1.2,2.1,0.4,0.5,0.1,0.9,2.2,4.7
11,Al-Farouq Aminu,PF,27,POR,27,25,30.3,3.4,8.3,0.413,1.9,4.9,0.397,1.5,3.5,0.436,0.529,0.7,1,0.704,1.2,5.6,6.8,1.1,0.9,0.8,1.1,2.1,9.5
12,Justin Anderson,SF,24,PHI,11,0,12.3,1.6,4.6,0.353,0.8,2.6,0.31,0.8,2,0.409,0.441,0.5,0.6,0.714,0.9,1.9,2.8,0.4,0.3,0.1,0.4,1.7,4.5
13,Kyle Anderson,SF,24,SAS,34,29,27.2,3.1,6,0.522,0.2,0.5,0.353,3,5.5,0.537,0.537,1.8,2.3,0.769,1.1,4.8,5.9,2.7,1.3,0.7,1.4,1.6,8.2
14,Ryan Anderson,PF,29,HOU,38,37,28.3,3.5,8.2,0.425,2.2,5.9,0.369,1.3,2.3,0.568,0.558,1.1,1.4,0.788,1.6,4,5.5,0.9,0.4,0.4,0.9,1.9,10.3
15,Ike Anigbogu,C,19,IND,7,0,3,0.4,1.1,0.375,0,0,,0.4,1.1,0.375,0.375,0.7,0.9,0.833,0.7,0.4,1.1,0,0.1,0.3,0.3,0.1,1.6
16,Giannis Antetokounmpo,PF,23,MIL,37,37,37.7,10.5,19.1,0.552,0.5,1.7,0.274,10.1,17.4,0.579,0.564,7.2,9.2,0.78,2.2,7.9,10.1,4.7,1.7,1.3,2.8,3.1,28.7
17,Carmelo Anthony,PF,33,OKC,40,40,32.9,6.6,15.5,0.425,2.2,5.9,0.366,4.5,9.7,0.461,0.494,2.3,3.1,0.754,0.7,5.2,5.9,1.5,0.7,0.6,1.4,2.8,17.7
18,OG Anunoby,SF,20,TOR,39,27,21.4,2.3,4.9,0.464,1.2,3,0.385,1.1,1.9,0.587,0.581,0.5,0.8,0.645,0.5,1.7,2.3,0.8,0.9,0.1,0.7,1.8,6.2
19,Ryan Arcidiacono,PG,23,CHI,1,0,5,0,2,0,0,2,0,0,0,,0,0,0,,0,0,0,1,0,0,0,1,0
20,Trevor Ariza,SF,32,HOU,37,37,36.1,4.2,9.9,0.427,2.8,7.3,0.381,1.4,2.6,0.558,0.568,1.2,1.4,0.88,0.5,4.3,4.8,1.7,1.5,0.2,0.8,1.9,12.4
21,Darrell Arthur,PF,29,DEN,5,0,8.6,0.6,2.8,0.214,0.2,1.8,0.111,0.4,1,0.4,0.25,0,0,,0.2,1,1.2,0.2,0.4,0,1.4,1.4,1.4
22,Jamel Artis,SG,25,ORL,5,0,11,0.8,3.4,0.235,0,1,0,0.8,2.4,0.333,0.235,0.2,0.6,0.333,0.2,1.2,1.4,0.8,0,0,0,0,1.8
23,Omer Asik,C,31,NOP,10,0,7.8,0.5,1.2,0.417,0,0,,0.5,1.2,0.417,0.417,0.3,0.6,0.5,0.4,2,2.4,0.2,0,0,0.2,0.6,1.3
24,D.J. Augustin,PG,30,ORL,34,7,20.6,2.5,5.8,0.434,1.3,3.1,0.41,1.3,2.7,0.462,0.543,2.1,2.4,0.854,0.2,1.4,1.6,3.1,0.8,0,1.4,1.4,8.4
25,Luke Babbitt,SF,28,ATL,30,9,17.2,2.3,4.9,0.466,1.4,3.2,0.432,0.9,1.8,0.528,0.605,0.6,0.7,0.773,0.1,2.3,2.4,0.8,0.2,0.1,0.5,1.4,6.5
26,Dwayne Bacon,SG,22,CHO,30,6,15.1,1.4,3.8,0.363,0.3,1,0.323,1,2.7,0.378,0.407,0.3,0.5,0.714,0,2.9,3,0.7,0.3,0.1,0.5,1.2,3.4
27,Ron Baker,SG,24,NYK,20,0,14.6,0.8,2.3,0.356,0.5,1.1,0.409,0.4,1.2,0.304,0.456,0.9,1.2,0.75,0.2,0.6,0.8,2,1.1,0.3,0.8,1.2,3
28,Lonzo Ball,PG,20,LAL,34,34,33.6,3.9,11,0.349,1.6,5.3,0.298,2.3,5.7,0.397,0.421,0.7,1.5,0.48,1.3,5.8,7.1,7.1,1.5,0.9,2.7,2.2,10
29,J.J. Barea,PG,33,DAL,42,1,23.1,4.4,10,0.44,1.7,4.5,0.377,2.7,5.5,0.493,0.526,1.4,1.8,0.766,0.2,2.8,3,6.1,0.6,0,2,1.3,11.9
30,Harrison Barnes,PF,25,DAL,42,42,34.8,7,15.4,0.454,1.3,3.8,0.348,5.7,11.6,0.489,0.497,3.3,4,0.821,1.2,5.5,6.6,2.1,0.6,0.2,1.7,1.3,18.6
31,Will Barton,SG,27,DEN,39,8,30.7,5.4,12.2,0.441,1.8,4.9,0.366,3.6,7.3,0.491,0.515,1.9,2.7,0.731,0.8,4.1,4.9,4.1,1,0.6,1.6,1.9,14.5
32,Nicolas Batum,SG,29,CHO,24,24,30.8,4,9.8,0.41,1.1,3.9,0.287,2.9,5.8,0.493,0.468,1.3,1.5,0.811,0.6,3.5,4.1,4.9,0.9,0.4,2,1.2,10.4
33,Jerryd Bayless,SG,29,PHI,32,10,25.3,3.1,7.4,0.418,1.6,4.2,0.37,1.5,3.2,0.48,0.523,1.1,1.4,0.795,0.4,1.9,2.3,1.5,0.7,0.2,1.3,2.6,8.8
34,Aron Baynes,C,31,BOS,43,31,18.5,2.5,5.3,0.482,0,0.1,0,2.5,5.1,0.495,0.482,0.9,1.3,0.727,1.6,3.7,5.3,0.9,0.3,0.6,1,2.4,6
35,Kent Bazemore,SG,28,ATL,40,40,28.4,4.2,10.3,0.41,1.6,4.1,0.384,2.7,6.2,0.427,0.487,2.4,3.1,0.795,0.4,4,4.4,3.8,1.9,0.7,2.5,2.4,12.5
36,Bradley Beal,SG,24,WAS,40,40,35.6,8.6,18.9,0.453,2.4,6.6,0.366,6.2,12.3,0.499,0.517,4.1,5.2,0.789,0.8,3.6,4.4,3.6,1.2,0.5,2,1.9,23.6
37,Malik Beasley,SG,21,DEN,35,0,10.3,1.3,3.1,0.422,0.4,1.3,0.319,0.9,1.8,0.5,0.491,0.4,0.6,0.65,0.3,1.2,1.5,0.6,0.2,0.1,0.5,0.7,3.4
38,Michael Beasley,PF,29,NYK,33,6,18.6,5,9.5,0.527,0.3,0.9,0.355,4.7,8.6,0.546,0.544,1.6,2.2,0.722,1.1,3.8,4.9,1.3,0.4,0.5,2,1.7,12
39,Marco Belinelli,SG,31,ATL,40,1,23.5,4,9.6,0.415,1.9,4.8,0.385,2.1,4.8,0.445,0.512,2,2.2,0.93,0.3,1.7,2,2.1,1,0.1,1.1,0.8,11.8
40,Jordan Bell,C,23,GSW,35,9,14.8,2.3,3.6,0.656,0,0.1,0,2.3,3.5,0.672,0.656,0.5,0.8,0.643,1.3,2.8,4.1,1.9,0.7,1.1,1,1.9,5.2
41,DeAndre' Bembry,SF,23,ATL,18,0,17.3,1.8,4.9,0.375,0.4,1.1,0.35,1.4,3.8,0.382,0.415,0.8,1.2,0.667,0.4,1.9,2.3,1.4,0.7,0.4,2,1.7,4.8
42,Dragan Bender,PF,20,PHO,42,1,21.5,2,5.2,0.377,1.4,3.7,0.381,0.6,1.5,0.369,0.511,0.4,0.5,0.75,0.3,2.8,3.1,1.2,0.3,0.6,1,1.5,5.7
43,Davis Bertans,PF,25,SAS,38,0,12,1.9,4.1,0.468,1.2,2.9,0.405,0.7,1.1,0.628,0.614,0.4,0.6,0.81,0.2,1.6,1.9,0.7,0.2,0.4,0.4,1.1,5.4
44,Patrick Beverley,SG,29,LAC,11,11,30.4,4.4,10.8,0.403,2.2,5.5,0.4,2.2,5.4,0.407,0.504,1.3,1.5,0.824,1.5,2.6,4.1,2.9,1.7,0.5,2.3,3.1,12.2
45,Khem Birch,C,25,ORL,7,0,3,0.6,1.1,0.5,0,0,,0.6,1.1,0.5,0.5,0,0,,0.4,0.3,0.7,0.1,0,0,0,0.7,1.1
46,Jabari Bird,SG,23,BOS,4,0,5.5,0.3,1,0.25,0,0.5,0,0.3,0.5,0.5,0.25,0.8,1.3,0.6,0,0.5,0.5,0.3,0.3,0,0,0.5,1.3
47,Bismack Biyombo,C,25,ORL,41,7,17.3,1.8,3.7,0.497,0,0,0,1.8,3.7,0.5,0.497,1.1,1.8,0.63,1.7,3.7,5.4,0.4,0.1,1.2,1,2,4.8
48,Nemanja Bjelica,PF,29,MIN,27,0,14.2,2.1,4.1,0.509,0.9,2,0.426,1.3,2.1,0.586,0.612,0.5,0.6,0.813,0.5,2,2.5,0.6,0.4,0.1,0.6,1.7,5.6
49,Tarik Black,C,26,HOU,31,0,9.9,1.4,2.5,0.564,0,0.3,0,1.4,2.3,0.629,0.564,0.6,1.2,0.486,1.2,1.9,3.1,0.3,0.4,0.6,0.8,2,3.4
50,Antonio Blakeney,SG,21,CHI,11,0,14.8,2.5,7,0.364,0.7,2.5,0.286,1.8,4.5,0.408,0.416,1.3,1.7,0.737,0.3,1.5,1.8,0.6,0.2,0,0.7,0.7,7.1
51,Eric Bledsoe,PG,28,TOT,32,32,31.1,6.3,13.6,0.461,1.6,4.8,0.329,4.7,8.8,0.532,0.518,3.7,4.9,0.758,0.7,3.1,3.8,4.2,2,0.6,3,2.5,17.8
51,Eric Bledsoe,PG,28,PHO,3,3,27.7,5.3,13.3,0.4,1.3,4.3,0.308,4,9,0.444,0.45,3.7,4.7,0.786,1,1.3,2.3,3,1.3,0.7,3.3,2,15.7
51,Eric Bledsoe,PG,28,MIL,29,29,31.5,6.3,13.6,0.467,1.6,4.8,0.331,4.8,8.8,0.541,0.525,3.7,4.9,0.755,0.7,3.2,3.9,4.3,2.1,0.6,3,2.5,18
52,Vander Blue,SG,25,LAL,5,0,9,0.2,1,0.2,0,0.4,0,0.2,0.6,0.333,0.2,0.2,0.4,0.5,0,0.2,0.2,0.6,0.2,0,0.6,0.4,0.6
53,Bogdan Bogdanovic,SG,25,SAC,37,14,26.1,4.1,8.6,0.476,1.3,3.5,0.372,2.8,5.1,0.548,0.552,1.3,1.6,0.81,0.3,2.2,2.5,2.8,1,0.3,1.6,2,10.7
54,Bojan Bogdanovic,SF,28,IND,39,39,31.1,5.1,10.7,0.472,1.9,4.9,0.387,3.2,5.8,0.544,0.561,1.7,2,0.848,0.2,2.9,3.1,1.5,0.7,0.1,1.2,1.7,13.7
55,Andrew Bogut,C,33,LAL,24,5,9,0.7,1,0.68,0,0,,0.7,1,0.68,0.68,0.1,0.1,1,1.1,2.2,3.3,0.6,0.2,0.5,0.8,1.7,1.5
56,Joel Bolomboy,PF,24,MIL,6,0,6.3,0.5,1,0.5,0,0.2,0,0.5,0.8,0.6,0.5,0.5,1,0.5,1,0.7,1.7,0,0.3,0,0.3,0.5,1.5
57,Devin Booker,SG,21,PHO,32,32,34.2,8.3,18.8,0.442,2.7,6.8,0.394,5.7,12.1,0.469,0.512,5.6,6.4,0.869,0.4,3.9,4.4,4.3,0.9,0.3,3.5,3.2,24.9
58,Trevor Booker,PF,30,TOT,31,5,19.1,3.4,6.5,0.52,0.1,0.5,0.214,3.3,6,0.543,0.528,1.3,2,0.639,2.1,3.7,5.8,1.6,0.5,0.3,1.3,1.8,8.1
58,Trevor Booker,PF,30,BRK,18,5,21.9,4.3,8.3,0.513,0.2,0.7,0.231,4.1,7.6,0.54,0.523,1.3,2.4,0.558,2.1,4.5,6.6,2.1,0.4,0.3,1.7,2.4,10.1
58,Trevor Booker,PF,30,PHI,13,0,15.2,2.1,3.8,0.54,0,0.1,0,2.1,3.8,0.551,0.54,1.2,1.4,0.833,2.1,2.5,4.6,1,0.6,0.4,0.8,1,5.3
59,Avery Bradley,SG,27,DET,32,32,31.6,5.8,14.1,0.415,1.9,4.8,0.396,3.9,9.3,0.424,0.482,1.8,2.3,0.787,0.5,1.8,2.4,2.2,1.2,0.2,2.3,2.2,15.4
60,Tony Bradley,C,20,UTA,8,0,3.5,0.4,1.4,0.273,0,0.1,0,0.4,1.3,0.3,0.273,0.3,0.3,1,0.5,0.9,1.4,0.1,0,0,0,0.1,1
61,Corey Brewer,SF,31,LAL,40,1,12,1.3,2.8,0.477,0.2,0.8,0.219,1.2,2,0.582,0.509,0.6,1,0.641,0.3,1.2,1.4,0.7,0.8,0.2,0.7,1.5,3.5
62,Malcolm Brogdon,PG,25,MIL,38,12,30.6,5.2,10.9,0.476,1.3,3.4,0.382,3.9,7.4,0.519,0.536,1.5,1.7,0.875,0.5,2.7,3.2,3.3,0.9,0.2,1.4,2.7,13.2
63,Aaron Brooks,PG,33,MIN,19,1,7.7,1.1,2.5,0.417,0.4,1.1,0.35,0.7,1.5,0.464,0.49,0.2,0.2,0.75,0.3,0.4,0.7,0.8,0.3,0,0.4,0.9,2.6
64,Dillon Brooks,SF,22,MEM,39,31,27.1,3,6.6,0.457,0.9,2.4,0.383,2.1,4.2,0.5,0.527,0.9,1.2,0.723,0.5,2.3,2.8,1.1,0.7,0.3,1.1,3.1,7.8
65,Bobby Brown,PG,33,HOU,20,0,5.8,1,2.9,0.328,0.6,2,0.275,0.4,0.9,0.444,0.422,0.1,0.1,0.5,0,0.4,0.4,0.6,0.2,0,0.5,0.3,2.5
66,Jaylen Brown,SF,21,BOS,38,38,31.3,5.2,11.2,0.462,1.7,4.5,0.388,3.4,6.7,0.512,0.54,1.9,3.4,0.565,1.1,4.7,5.7,1.3,1.1,0.4,1.6,2.8,14.1
67,Lorenzo Brown,PG,27,TOR,9,0,6.7,0.2,1,0.222,0,0.4,0,0.2,0.6,0.4,0.222,0,0,,0,1,1,0.7,0.3,0,0,0.3,0.4
68,Sterling Brown,SG,22,MIL,14,0,7.1,1.1,2.4,0.485,0.4,0.6,0.556,0.8,1.7,0.458,0.561,0.2,0.3,0.75,0.4,0.7,1.1,0.2,0.5,0.1,0.4,1.3,2.9
69,Nicolas Brussino,SF,24,ATL,4,0,2.5,0,0.5,0,0,0.5,0,0,0,,0,0,0,,0,0.8,0.8,0,0,0,0,0,0
70,Thomas Bryant,C,20,LAL,3,0,2,0,0.3,0,0,0.3,0,0,0,,0,0.3,0.7,0.5,0,0.3,0.3,0,0,0,0,0,0.3
71,Reggie Bullock,SF,26,DET,25,16,22.4,3,5.7,0.521,1.3,3.2,0.413,1.6,2.5,0.661,0.637,0.3,0.4,0.636,0.4,1.2,1.6,1,0.8,0.2,0.4,1,7.5
72,Alec Burks,SG,26,UTA,39,0,18.8,3.2,7.8,0.414,0.9,2.6,0.35,2.3,5.2,0.446,0.472,2.1,2.4,0.874,0.4,2.9,3.3,1.1,0.8,0.2,1,1.3,9.5
73,Jimmy Butler,SG,28,MIN,40,40,36.9,7.3,15.6,0.47,1.2,3.4,0.348,6.2,12.2,0.503,0.507,5.7,6.5,0.877,1.4,4,5.4,5.1,1.9,0.3,2,1.2,21.5
74,Dwight Buycks,PG,28,DET,7,0,13.9,3,6.3,0.477,0.6,1.6,0.364,2.4,4.7,0.515,0.523,1,1.1,0.875,0.3,1.3,1.6,2.3,0.3,0.1,1.7,0.6,7.6
75,Bruno Caboclo,SF,22,TOR,2,0,3.5,0,1,0,0,1,0,0,0,,0,0,0,,0,0.5,0.5,0.5,0.5,0,0,0.5,0
76,Jose Calderon,PG,36,CLE,30,23,17.7,1.4,3,0.478,0.8,1.8,0.463,0.6,1.2,0.5,0.617,0.4,0.5,0.857,0.3,1.2,1.5,2.2,0.6,0,0.8,1.6,4.1
77,Kentavious Caldwell-Pope,SG,24,LAL,34,34,33.8,4.7,11.6,0.407,2,5.9,0.337,2.8,5.8,0.477,0.491,1.9,2.5,0.767,0.8,4,4.9,2.1,1.7,0.3,1.4,1.7,13.4
78,Isaiah Canaan,PG-SG,26,TOT,11,0,21.5,2.6,6.4,0.414,1.1,3,0.364,1.5,3.4,0.459,0.5,2.7,2.8,0.968,0.2,2.2,2.4,4.5,1,0,1.3,1.5,9.1
78,Isaiah Canaan,SG,26,HOU,1,0,4,0,1,0,0,0,,0,1,0,0,0,0,,0,1,1,0,0,0,0,0,0
78,Isaiah Canaan,PG,26,PHO,10,0,23.2,2.9,6.9,0.42,1.2,3.3,0.364,1.7,3.6,0.472,0.507,3,3.1,0.968,0.2,2.3,2.5,4.9,1.1,0,1.4,1.7,10
79,Clint Capela,C,23,HOU,34,34,26.1,6.1,9.1,0.672,0,0,0,6.1,9.1,0.674,0.672,1.9,3.3,0.589,3.2,7.9,11.1,1.2,0.6,1.8,1.6,2.9,14.2
80,DeMarre Carroll,SF,31,BRK,36,36,28.8,4.1,10.4,0.394,1.7,4.9,0.337,2.4,5.5,0.444,0.473,2.5,3.3,0.765,1.6,5.1,6.7,1.8,0.8,0.4,1.4,2.2,12.4
81,Vince Carter,SF,41,SAC,25,2,15.5,1.6,4.2,0.371,0.7,2.2,0.304,0.9,2,0.449,0.452,0.2,0.4,0.545,0.3,1.7,2,1,0.8,0.7,0.4,1.5,4
82,Michael Carter-Williams,PG,26,CHO,27,2,16.3,1.1,4.2,0.274,0.3,1,0.269,0.9,3.2,0.276,0.305,1.6,2,0.815,0.8,2,2.8,2.4,0.8,0.4,1.3,2,4.2
83,Alex Caruso,PG,23,LAL,11,0,8.7,0.5,1.5,0.353,0.1,0.4,0.25,0.5,1.2,0.385,0.382,0.1,0.3,0.333,0.2,0.7,0.9,1,0.2,0.1,0.7,1.2,1.3
84,Omri Casspi,SF,29,GSW,34,6,16.2,2.7,4.5,0.612,0.3,0.5,0.5,2.5,3.9,0.627,0.641,1.2,1.6,0.774,0.6,3.8,4.4,1.1,0.4,0.5,0.8,1.6,6.9
85,Willie Cauley-Stein,C,24,SAC,37,24,26.1,4.8,9.5,0.507,0,0.2,0.143,4.8,9.3,0.515,0.509,2.1,3.2,0.633,1.6,4.7,6.3,2.2,0.9,0.8,1.4,2.2,11.7
86,Tyler Cavanaugh,PF,23,ATL,28,1,14.5,2,4.1,0.482,0.9,2.5,0.377,1,1.6,0.644,0.596,0.5,0.6,0.765,1.2,2.3,3.5,0.9,0.3,0.1,0.4,1.8,5.3
87,Mario Chalmers,PG,31,MEM,36,7,22.6,2.6,7,0.367,0.8,3,0.266,1.8,3.9,0.444,0.424,1.7,2.1,0.811,0.2,2.5,2.7,3.1,1.2,0.2,1.6,2.8,7.6
88,Tyson Chandler,C,35,PHO,31,31,25.8,2.6,4.2,0.626,0,0,,2.6,4.2,0.626,0.626,1.4,2.2,0.627,3.1,6.6,9.7,1.1,0.4,0.6,1.3,2.6,6.6
89,Wilson Chandler,SF,30,DEN,36,36,31.3,3.5,8.4,0.419,1.1,3.3,0.325,2.4,5.1,0.481,0.483,1.6,1.8,0.864,1.4,4,5.5,2.1,0.4,0.4,1.5,2.1,9.7
90,Marquese Chriss,PF,20,PHO,42,36,21.2,2.6,6.2,0.419,0.8,2.7,0.304,1.8,3.5,0.507,0.485,1.2,1.9,0.62,0.9,4,5,1.3,0.7,1,1.3,3,7.2
91,Ian Clark,SG,26,NOP,33,1,14.7,1.8,4.6,0.391,0.8,2.4,0.35,0.9,2.2,0.437,0.483,0.4,0.6,0.667,0.1,1.2,1.2,1.3,0.3,0.1,0.5,1.3,4.8
92,Jordan Clarkson,SG,25,LAL,40,2,22.9,5.5,12.2,0.451,1.3,3.8,0.34,4.2,8.3,0.502,0.504,1.7,2.2,0.761,0.8,1.9,2.7,3,0.7,0,1.7,1.2,13.9
93,Gian Clavell,SG,24,DAL,7,0,9.1,0.9,2.6,0.333,0.9,2.1,0.4,0,0.4,0,0.5,0.3,0.3,1,0.1,0.9,1,0.4,0.3,0,0.3,1.1,2.9
94,Antonius Cleveland,SG,23,DAL,13,0,6.2,0.3,1.1,0.286,0,0.1,0,0.3,1,0.308,0.286,0.2,0.3,0.5,0.2,0.6,0.8,0.2,0.5,0.3,0.2,0.8,0.8
95,John Collins,PF,20,ATL,34,4,22.4,4.4,7.6,0.584,0,0.1,0.2,4.4,7.4,0.591,0.586,2,2.8,0.719,2.9,3.9,6.9,1.1,0.7,1.1,1.4,3,10.9
96,Zach Collins,C,20,POR,24,1,14,1.7,4.3,0.385,0.4,1.4,0.273,1.3,3,0.437,0.428,0.3,0.7,0.438,0.8,2.3,3,0.8,0.3,0.5,0.8,2,4
97,Kyle Collinsworth,SF,26,DAL,4,0,5.8,0.3,0.5,0.5,0.3,0.3,1,0,0.3,0,0.75,0.3,0.5,0.5,0,0.5,0.5,0.5,0.3,0,0.3,0.3,1
98,Darren Collison,PG,30,IND,39,39,30.1,4.6,9.3,0.489,1.3,3,0.441,3.2,6.3,0.512,0.56,2,2.3,0.888,0.6,2.3,2.9,5.5,1.2,0.2,1.4,1.9,12.5
99,Nick Collison,PF,37,OKC,8,0,5.5,0.6,0.8,0.833,0,0,,0.6,0.8,0.833,0.833,0.4,0.5,0.75,0.4,1,1.4,0.4,0,0,0.3,0.6,1.6
100,Mike Conley,PG,30,MEM,12,12,31.1,5.3,14,0.381,2,6.4,0.312,3.3,7.6,0.44,0.452,4.4,5.5,0.803,0,2.3,2.3,4.1,1,0.3,1.5,2,17.1
101,Pat Connaughton,SG,25,POR,40,5,20,2.4,5.1,0.468,1.1,2.9,0.383,1.3,2.2,0.58,0.576,0.7,0.8,0.839,0.3,2,2.2,1.2,0.2,0.3,0.7,1.5,6.5
102,Quinn Cook,PG,24,GSW,10,2,10.3,1.3,2.9,0.448,0.5,1.4,0.357,0.8,1.5,0.533,0.534,0.1,0.1,1,0.2,0.9,1.1,1.6,0,0,0.3,0.9,3.2
103,Charles Cooke,SG,23,NOP,6,0,3,0.3,1.3,0.25,0.2,0.7,0.25,0.2,0.7,0.25,0.313,0.2,0.3,0.5,0,0,0,0.2,0.2,0,0.2,0,1
104,Jack Cooley,PF,26,SAC,1,0,2,0,1,0,0,0,,0,1,0,0,2,2,1,0,1,1,1,0,0,0,0,2
105,Matt Costello,C,24,SAS,2,0,7.5,0.5,1,0.5,0,0,,0.5,1,0.5,0.5,0,0,,0,2.5,2.5,0,0,1,0,2,1
106,DeMarcus Cousins,C,27,NOP,39,39,35.6,8.8,18.2,0.482,2.2,6.2,0.353,6.6,12.1,0.549,0.542,6,7.9,0.755,2.1,10.4,12.5,5.1,1.5,1.5,4.9,3.7,25.8
107,Robert Covington,PF,27,PHI,36,36,32.3,4.7,11.2,0.423,2.9,7.4,0.392,1.8,3.8,0.482,0.552,1.6,1.9,0.836,0.8,5.2,6,1.9,1.8,0.7,1.8,3.2,13.9
108,Allen Crabbe,SG,25,BRK,36,29,28.8,3.9,10.1,0.382,2.4,6.6,0.361,1.5,3.5,0.421,0.5,1.7,2,0.845,0.4,3.9,4.4,1.6,0.7,0.3,1.3,2,11.8
109,Torrey Craig,SF,27,DEN,13,3,15.5,1.2,2.7,0.429,0.5,1.7,0.273,0.7,1,0.692,0.514,0.8,1.2,0.733,0.4,2.1,2.5,0.8,0.3,0.2,0.5,1.6,3.6
110,Jamal Crawford,SG,37,MIN,42,0,18.8,3.5,8.5,0.419,1.2,3.5,0.34,2.4,5,0.474,0.489,1.5,1.6,0.91,0.1,1,1.1,2.3,0.5,0.1,1.2,1.1,9.7
111,Jordan Crawford,SG,29,NOP,2,0,18.5,3.5,7,0.5,2,2.5,0.8,1.5,4.5,0.333,0.643,0,0,,1,0.5,1.5,4.5,0,0.5,2,3,9
112,Jae Crowder,SF,27,CLE,40,37,25.8,2.9,7.4,0.391,1.1,3.8,0.3,1.8,3.6,0.486,0.468,1.6,1.7,0.899,0.9,2.5,3.3,1.1,0.8,0.2,0.8,2.2,8.4
113,Dante Cunningham,SF,30,NOP,38,19,22.6,1.9,4.6,0.428,0.8,2.3,0.333,1.2,2.3,0.523,0.512,0.5,0.8,0.581,0.9,2.8,3.8,0.6,0.5,0.3,0.3,1.6,5.1
114,Stephen Curry,PG,29,GSW,28,28,32.5,8.8,17.9,0.492,4.1,10,0.414,4.6,7.9,0.591,0.608,6.2,6.7,0.926,0.6,4.5,5.2,6.4,1.7,0.1,2.9,2.4,27.9
115,Troy Daniels,SG,26,PHO,42,0,18.3,2.6,6.3,0.419,2.1,5.1,0.408,0.6,1.2,0.462,0.583,0.8,0.9,0.889,0.1,1.1,1.2,0.6,0.2,0,0.6,1.6,8.1
116,Anthony Davis,PF,24,NOP,34,34,35.2,9.4,16.7,0.561,0.7,1.9,0.369,8.7,14.8,0.585,0.582,6.3,7.7,0.817,2.4,8,10.3,2.4,1.1,2.1,2,1.8,25.8
117,Deyonta Davis,C,21,MEM,26,0,11.5,1.8,2.9,0.64,0,0,,1.8,2.9,0.64,0.64,0.6,0.8,0.714,0.8,2.3,3.2,0.5,0.2,0.6,0.5,1.8,4.3
118,Ed Davis,C,28,POR,40,0,18,2.1,3.9,0.539,0,0,,2.1,3.9,0.539,0.539,1,1.5,0.672,2.4,4.3,6.7,0.4,0.5,0.7,0.9,2.4,5.1
119,Dewayne Dedmon,C,28,ATL,21,20,24.1,4.5,7.6,0.597,0.7,1.5,0.452,3.9,6.1,0.633,0.642,1.1,1.5,0.719,1.9,5.6,7.5,1.3,0.4,0.9,1.7,2.9,10.8
120,Sam Dekker,PF,23,LAC,35,1,14.8,2,4.6,0.438,0.2,1.5,0.137,1.8,3.2,0.577,0.46,0.7,1,0.706,0.7,2.1,2.7,0.5,0.5,0.2,0.6,1.1,4.9
121,Malcolm Delaney,PG,28,ATL,32,2,19,2,5.2,0.389,0.8,2.3,0.356,1.2,2.9,0.415,0.467,1.2,1.6,0.78,0.2,1.6,1.8,2.3,0.6,0.1,0.9,1.5,6.1
122,Matthew Dellavedova,PG,27,MIL,24,3,18.9,1.7,4.5,0.383,0.8,2.1,0.373,0.9,2.3,0.393,0.472,0.5,0.6,0.929,0.5,1.3,1.7,4,0.3,0,1.3,1.9,4.8
123,Luol Deng,SF,32,LAL,1,1,13,1,2,0.5,0,0,,1,2,0.5,0.5,0,0,,0,0,0,1,1,0,1,0,2
124,DeMar DeRozan,SG,28,TOR,39,39,34.6,8.8,18.3,0.48,1.2,3.1,0.369,7.6,15.2,0.503,0.512,6.5,7.9,0.825,0.8,3.5,4.3,5,1.2,0.3,2.3,1.8,25.3
125,Cheick Diallo,PF,21,NOP,21,0,6.7,1.1,2.1,0.545,0,0,,1.1,2.1,0.545,0.545,0.5,0.7,0.714,0.5,1.5,2,0.2,0,0,0.4,1.2,2.8
126,Gorgui Dieng,C,28,MIN,39,0,18.3,2.5,5.1,0.49,0.3,0.9,0.306,2.2,4.2,0.53,0.518,1.3,1.7,0.769,1.4,3.5,4.9,1.1,0.7,0.3,0.8,2.1,6.6
127,Spencer Dinwiddie,PG,24,BRK,39,29,27.9,4.5,10.9,0.407,2.1,5.7,0.36,2.4,5.3,0.459,0.501,2.5,3.1,0.81,0.6,2.5,3.1,6.5,0.8,0.4,1.4,2.5,13.5
128,Tyler Dorsey,SG,21,ATL,14,0,6.5,0.8,2.5,0.314,0.6,1.6,0.364,0.2,0.9,0.231,0.429,0.4,0.6,0.75,0.1,0.8,0.9,0.4,0.1,0.1,0.4,0.2,2.6
129,Damyean Dotson,SG,23,NYK,20,2,8.8,1.2,2.6,0.451,0.3,1.1,0.273,0.9,1.5,0.586,0.51,0.1,0.2,0.667,0.2,1.2,1.4,0.5,0.2,0.1,0.2,0.7,2.7
130,Milton Doyle,SG,24,BRK,4,0,10,1,4,0.25,0.3,2,0.125,0.8,2,0.375,0.281,0.5,0.5,1,0,1.3,1.3,0.8,0.3,0.3,0.3,0.3,2.8
131,Goran Dragic,PG,31,MIA,37,37,31.9,6.3,14.6,0.434,1.5,4.2,0.361,4.8,10.4,0.464,0.486,2.8,3.6,0.767,0.7,3.5,4.3,4.8,0.9,0.2,2.4,2.2,16.9
132,Andre Drummond,C,24,DET,37,37,32.8,5.6,10.5,0.535,0,0.1,0,5.6,10.5,0.537,0.535,2.9,4.7,0.623,4.9,10.1,14.9,3.7,1.4,1.2,2.8,3.3,14.2
133,Jared Dudley,PF,32,PHO,16,0,12.8,1,2.3,0.432,0.6,1.5,0.417,0.4,0.8,0.462,0.568,0.6,0.7,0.818,0.3,1.8,2.1,1.8,0.5,0.1,0.4,1.8,3.2
134,Kris Dunn,PG,23,CHI,36,27,29,5.8,13.2,0.442,0.8,2.5,0.337,5,10.7,0.466,0.474,1.3,1.9,0.706,0.6,4,4.6,6.2,1.9,0.4,3.1,3.3,13.8
135,Kevin Durant,PF,29,GSW,33,33,34.7,9.3,18.6,0.501,2.4,6.2,0.39,6.9,12.4,0.556,0.566,4.8,5.4,0.894,0.6,6.5,7.1,5.3,0.8,2.3,3.2,2.2,25.9
136,Henry Ellenson,PF,21,DET,16,0,7.2,1.4,3.5,0.393,0.6,1.4,0.409,0.8,2.1,0.382,0.473,0.1,0.2,0.333,0.2,1.8,1.9,0.4,0.2,0,0.6,0.5,3.4
137,Wayne Ellington,SG,30,MIA,40,0,24.5,3.5,8.3,0.42,2.9,7.1,0.41,0.6,1.3,0.48,0.595,0.7,0.8,0.848,0.3,2.4,2.7,0.9,0.7,0.1,0.5,1,10.6
138,Joel Embiid,C,23,PHI,29,29,31.2,8.2,16.7,0.489,0.9,3,0.299,7.3,13.7,0.53,0.515,6.5,8.1,0.801,2.2,8.7,10.9,3.4,0.6,2,4.1,3.6,23.8
139,James Ennis,SF,27,MEM,37,14,23.6,2.4,4.8,0.497,0.6,1.9,0.348,1.7,2.9,0.593,0.565,1.5,1.7,0.887,1.2,2.4,3.5,1,0.6,0.2,0.9,1.7,6.9
140,Tyler Ennis,PG,23,LAL,21,3,10.2,1.2,3.3,0.377,0.1,0.9,0.105,1.1,2.4,0.48,0.391,0.6,0.7,0.857,0.3,1.1,1.4,1.8,0.5,0.2,0.5,1.2,3.1
141,Jawun Evans,PG,21,LAC,32,3,17.6,2.2,6.3,0.35,0.4,1.4,0.273,1.8,4.9,0.372,0.38,1,1.3,0.78,0.3,1.8,2,2.2,0.9,0.1,1,2.3,5.8
142,Tyreke Evans,SG,28,MEM,38,19,30.8,7.2,15.3,0.471,2.2,5.3,0.416,5,10,0.5,0.543,3.1,3.9,0.787,0.8,4.3,5.1,4.7,1.1,0.4,1.9,1.9,19.7
143,Kenneth Faried,PF,28,DEN,26,7,15.6,2.6,4.7,0.557,0,0,0,2.6,4.7,0.562,0.557,1.3,1.8,0.723,2.2,2.9,5.1,0.7,0.3,0.5,0.8,1.7,6.5
144,Derrick Favors,C,26,UTA,38,38,28.1,5.1,9.3,0.551,0.1,0.5,0.25,5,8.8,0.569,0.558,2.1,2.9,0.73,2.4,4.4,6.8,1.4,0.7,0.9,1.3,2.3,12.5
145,Kay Felder,PG,22,CHI,14,0,9.6,1.4,4.7,0.303,0.3,1.3,0.222,1.1,3.4,0.333,0.333,0.8,0.9,0.917,0.1,0.9,1,1.4,0.2,0.1,1.1,0.8,3.9
146,Cristiano Felicio,C,25,CHI,24,0,13.7,1.6,2.6,0.613,0,0,,1.6,2.6,0.613,0.613,0.7,1.1,0.615,1,1.7,2.7,0.6,0.2,0.2,0.7,1.9,3.8
147,Raymond Felton,PG,33,OKC,41,0,17.1,2.9,6.8,0.421,0.9,2.5,0.346,2,4.2,0.466,0.486,0.4,0.6,0.667,0.2,1.7,2,2.5,0.6,0.1,0.8,1,7
148,Terrance Ferguson,SG,19,OKC,26,4,10.3,1,2.5,0.422,0.4,1.5,0.282,0.6,1,0.64,0.508,0,0.1,0.5,0.2,0.4,0.5,0.2,0.4,0,0.2,1.4,2.5
149,Yogi Ferrell,SG,24,DAL,42,14,28.1,3.6,8.1,0.443,1.5,3.8,0.406,2,4.3,0.475,0.538,1.1,1.4,0.814,0.4,3,3.4,2.2,0.7,0.1,1.1,2.2,9.9
150,Dorian Finney-Smith,PF,24,DAL,8,1,11.8,1.3,2.8,0.455,0.6,1.8,0.357,0.6,1,0.625,0.568,0.1,0.3,0.5,0.6,0.6,1.3,0.6,0,0.1,0.9,1.6,3.3
151,Bryn Forbes,SG,24,SAS,42,11,20.5,2.9,6.7,0.426,1.2,3.2,0.388,1.6,3.5,0.459,0.518,0.3,0.7,0.5,0.2,1.2,1.4,1,0.4,0,0.6,1.6,7.3
152,Evan Fournier,SF,25,ORL,33,33,32.7,6.4,13.9,0.461,2.1,5.4,0.395,4.3,8.5,0.502,0.537,2.8,3.2,0.885,0.5,2.7,3.2,2.9,0.9,0.3,2,2.5,17.7
153,De'Aaron Fox,PG,20,SAC,33,20,26,4,9.8,0.41,0.5,1.5,0.32,3.5,8.3,0.427,0.435,1.6,2.3,0.675,0.5,2.3,2.8,4,0.9,0.2,2.4,2.2,10.1
154,Tim Frazier,PG,27,WAS,33,11,15.6,1.3,3.2,0.41,0.3,1.1,0.306,1,2.1,0.464,0.462,0.4,0.5,0.875,0.3,1.8,2,3.4,0.8,0.1,1.2,1.8,3.4
155,Channing Frye,C,34,CLE,34,1,11.8,1.7,3.4,0.496,0.5,1.7,0.31,1.1,1.7,0.684,0.574,0.2,0.2,1,0.2,2.1,2.3,0.6,0.3,0.2,0.3,1.2,4.1
156,Markelle Fultz,SG,19,PHI,4,0,19,2.3,6.8,0.333,0,0,,2.3,6.8,0.333,0.333,1.5,3,0.5,0.8,1.5,2.3,1.8,0.5,0.3,1.5,1.5,6
157,Danilo Gallinari,SF,29,LAC,11,11,31.7,4.4,12.6,0.345,1.5,5.6,0.258,2.9,7,0.416,0.403,3.2,3.3,0.972,0.2,4.2,4.4,2.5,0.7,0.2,1.5,1.5,13.4
158,Langston Galloway,SG,26,DET,33,0,14.9,2.2,5.8,0.385,1.5,3.9,0.369,0.8,1.9,0.419,0.51,0.6,0.8,0.808,0.2,1.5,1.7,0.7,0.5,0.1,0.3,0.7,6.6
159,Marc Gasol,C,33,MEM,39,39,34.6,6.3,15.1,0.414,1.4,4.2,0.339,4.8,10.9,0.443,0.462,4.4,5.2,0.833,1.3,7.2,8.5,3.9,0.7,1.6,3,2.4,18.3
160,Pau Gasol,C,37,SAS,40,40,24.8,4,8.4,0.472,0.8,2,0.413,3.1,6.4,0.49,0.521,1.9,2.4,0.789,1.6,6.6,8.2,3.2,0.3,1,1.4,1.5,10.6
161,Rudy Gay,PF,31,SAS,34,5,22.7,4.3,9.1,0.476,0.7,2,0.333,3.6,7.1,0.517,0.513,2.1,2.7,0.785,1.4,3.8,5.2,1.5,0.8,0.6,1.6,1.8,11.5
162,Paul George,SF,27,OKC,38,38,36.6,7.1,16.4,0.434,3.2,7.4,0.438,3.9,9,0.431,0.533,3.5,4.3,0.811,0.8,4.7,5.5,3.1,2.3,0.6,2.9,3,20.9
163,Marcus Georges-Hunt,SG,23,MIN,23,0,3.7,0.4,0.8,0.526,0.1,0.3,0.286,0.3,0.5,0.667,0.579,0,0.2,0.25,0,0,0.1,0.1,0.2,0,0.1,0.6,1
164,Taj Gibson,PF,32,MIN,42,42,33.6,4.9,8.6,0.567,0.2,0.7,0.25,4.7,8,0.594,0.577,1.9,2.5,0.779,2.5,5.4,7.9,1.4,0.8,0.7,1.1,2.6,11.9
165,Manu Ginobili,SG,40,SAS,34,0,21,3.3,7.4,0.447,1.1,3.3,0.324,2.3,4.2,0.542,0.518,1.7,1.9,0.864,0.3,2,2.3,2.4,0.7,0.4,1.7,1.9,9.4
166,Rudy Gobert,C,25,UTA,18,18,29.9,4.2,7.1,0.598,0,0,,4.2,7.1,0.598,0.598,3.1,4.6,0.683,2.6,6.9,9.6,1.2,0.6,2.3,1.9,2.3,11.6
167,Aaron Gordon,PF,22,ORL,32,31,33.4,6.9,14.4,0.48,2.2,5.8,0.38,4.7,8.6,0.547,0.557,3.2,4.3,0.737,1.4,6.6,8.1,2,0.9,0.8,1.7,2,19.2
168,Eric Gordon,SG,29,HOU,37,20,32.7,6.4,15.1,0.423,3.2,9.5,0.34,3.2,5.7,0.562,0.529,3.6,4.3,0.825,0.3,1.9,2.2,2.6,0.7,0.4,2.3,1.8,19.6
169,Marcin Gortat,C,33,WAS,40,40,27.3,3.8,7.1,0.539,0,0,,3.8,7.1,0.539,0.539,1.5,2.4,0.625,2.1,6.1,8.1,1.9,0.6,0.8,1.3,2.2,9.2
170,Treveon Graham,SG,24,CHO,25,0,17.2,1.9,4.2,0.443,0.8,1.8,0.444,1.1,2.4,0.443,0.538,0.8,1,0.731,0.7,1.6,2.3,1.1,0.5,0,0.6,1.8,5.3
171,Jerami Grant,PF,23,OKC,40,1,20.7,2.8,5.5,0.507,0.4,1.4,0.255,2.4,4.1,0.591,0.539,1.6,2.4,0.663,1.1,2.6,3.7,0.7,0.5,1,0.8,1.9,7.5
172,Jerian Grant,PG,25,CHI,41,15,22,2.8,6.8,0.411,0.8,2.6,0.305,2,4.3,0.474,0.468,1.8,2.5,0.713,0.4,2,2.4,4.7,0.8,0.1,1.2,1.8,8.1
173,Danny Green,SG,30,SAS,32,32,26.7,3.3,8,0.41,1.7,4.4,0.387,1.6,3.6,0.439,0.518,0.3,0.5,0.733,0.4,3.2,3.6,1.8,1,1.1,1.4,1.3,8.6
174,Draymond Green,PF,27,GSW,35,35,31.9,3.9,8.3,0.467,1.2,3.7,0.331,2.6,4.5,0.579,0.542,1.9,2.5,0.759,1.2,6.5,7.7,7.7,1.4,1.3,3,2.5,10.8
175,Gerald Green,SG,32,HOU,7,0,25.3,5.9,11.4,0.513,4.1,8.3,0.5,1.7,3.1,0.545,0.694,1.4,1.6,0.909,0.6,2.4,3,0.3,0.7,0.1,0.9,2.1,17.3
176,JaMychal Green,PF,27,MEM,24,24,26.8,3.8,8,0.477,0.8,2.3,0.37,3,5.8,0.518,0.528,1.3,1.9,0.674,2.2,4.3,6.4,1.3,0.6,0.3,1.7,2.5,9.8
177,Jeff Green,PF,31,CLE,40,0,22.6,3.8,7.9,0.484,0.7,1.9,0.351,3.1,5.9,0.527,0.527,2.7,3.2,0.858,0.9,2.5,3.4,1.5,0.6,0.4,1,1.9,11
178,Blake Griffin,PF,28,LAC,24,24,34.3,7.6,17.7,0.432,2,5.7,0.346,5.7,12,0.472,0.487,5.6,7.1,0.788,1.3,6.2,7.5,5.2,0.8,0.4,2.9,2.4,22.8
179,Daniel Hamilton,SG,22,OKC,2,0,4.5,1.5,2.5,0.6,0.5,1,0.5,1,1.5,0.667,0.7,0,0,,0,0.5,0.5,2,0.5,0,0,0,3.5
180,Tim Hardaway,SG,25,NYK,21,21,34.1,6.3,15.1,0.42,2.3,7.2,0.316,4,7.9,0.515,0.495,2.9,3.6,0.8,0.8,3.4,4.2,3.3,1.1,0.2,1.7,2.2,17.8
181,James Harden,SG,28,HOU,35,35,36.3,9.5,21.2,0.451,4.1,10.6,0.39,5.4,10.5,0.512,0.549,9.1,10.5,0.867,0.5,4.5,5,9.1,1.8,0.5,4.4,2.7,32.3
182,Maurice Harkless,SF,24,POR,33,19,21.8,2.3,5.1,0.449,0.6,1.8,0.362,1.6,3.3,0.495,0.512,0.7,1,0.706,0.7,2.2,2.9,0.7,0.8,0.9,0.8,1.7,5.9
183,Montrezl Harrell,C,24,LAC,33,3,12.9,2.9,5,0.585,0,0,,2.9,5,0.585,0.585,1.2,1.8,0.656,1.2,2.2,3.4,0.8,0.3,0.6,0.7,1.2,7
184,Devin Harris,PG,34,DAL,36,1,18.5,2.7,6.6,0.411,1,2.8,0.35,1.7,3.8,0.456,0.485,2,2.4,0.83,0.2,1.8,2,2,0.9,0.2,1.1,2.4,8.4
185,Gary Harris,SG,23,DEN,37,37,34.8,6.4,13.1,0.49,2.2,5.8,0.384,4.2,7.3,0.574,0.575,1.6,1.9,0.806,0.6,2.1,2.7,3.2,1.9,0.3,1.9,1.8,16.7
186,Joe Harris,SG,26,BRK,38,5,24.8,3.7,8,0.465,1.9,5,0.372,1.8,2.9,0.625,0.583,0.8,1,0.744,0.6,2.7,3.2,1.4,0.5,0.2,1,1.9,10.1
187,Tobias Harris,PF,25,DET,39,39,32.9,6.7,14.6,0.46,2.5,5.8,0.438,4.2,8.8,0.474,0.547,2.4,2.9,0.848,0.8,4.4,5.3,1.8,0.7,0.2,1,1.7,18.4
188,Andrew Harrison,PG,23,MEM,32,22,20.3,2.3,6.1,0.383,0.7,2.2,0.314,1.7,3.9,0.421,0.439,1.9,2.5,0.763,0.5,1.6,2.1,2.3,0.7,0.4,1.1,2.2,7.3
189,Josh Hart,SG,22,LAL,35,7,18.7,1.9,4.5,0.43,0.8,2.2,0.359,1.1,2.3,0.5,0.519,0.7,1,0.686,0.5,2.6,3.1,1,0.7,0.2,0.5,1.5,5.4
190,Udonis Haslem,C,37,MIA,8,0,5.6,0.3,0.6,0.4,0.1,0.4,0.333,0.1,0.3,0.5,0.5,0,0,,0.3,0.4,0.6,0.4,0,0.1,0.3,0.3,0.6
191,Gordon Hayward,SF,27,BOS,1,1,5,1,2,0.5,0,1,0,1,1,1,0.5,0,0,,0,1,1,0,0,0,0,1,2
192,John Henson,C,27,MIL,38,31,24.3,3.7,6.1,0.608,0,0.1,0,3.7,6,0.616,0.608,1.2,2.2,0.529,1.8,4.7,6.5,1.3,0.5,1.4,1.2,2.8,8.6
193,Juan Hernangomez,PF,22,DEN,17,3,12.2,1.1,3,0.373,0.6,2.1,0.314,0.5,0.9,0.5,0.48,0.4,0.5,0.778,0.8,1.6,2.4,0.5,0.2,0.1,0.4,1.1,3.3
194,Willy Hernangomez,C,23,NYK,18,0,9.5,2.1,3.7,0.576,0.1,0.2,0.25,2.1,3.4,0.597,0.583,0.3,1,0.333,1.1,1.9,2.9,0.7,0.3,0.3,1.2,1.5,4.6
195,Mario Hezonja,SF,22,ORL,34,9,16.7,2.6,5.7,0.456,0.9,2.5,0.337,1.8,3.2,0.55,0.531,0.5,0.6,0.85,0.5,2.5,3.1,1,0.6,0.2,1,1.5,6.6
196,Buddy Hield,SG,24,SAC,38,11,23.7,4.7,10.8,0.435,2.1,4.7,0.452,2.6,6.1,0.422,0.533,0.9,1,0.892,0.6,2.9,3.5,1.6,0.9,0.2,1.5,1.7,12.3
197,Nene Hilario,C,35,HOU,27,3,14.9,2.9,4.8,0.608,0,0.1,0,2.9,4.7,0.617,0.608,1.5,2.2,0.695,0.8,2.5,3.3,0.9,0.6,0.3,0.9,2.6,7.4
198,George Hill,PG,31,SAC,33,33,27.1,3.6,7.8,0.461,1.4,2.9,0.469,2.2,4.9,0.457,0.548,1.5,2,0.773,0.5,2.5,3,2.7,0.8,0.3,1.5,1.6,10.1
199,Darrun Hilliard,SG,24,SAS,6,0,8.3,0.2,1.5,0.111,0,0.5,0,0.2,1,0.167,0.111,0.2,0.3,0.5,0,0.7,0.7,0.7,0.3,0,0.5,0.8,0.5
200,Jrue Holiday,SG,27,NOP,39,39,36.6,7.2,14.7,0.486,1.7,5.1,0.335,5.5,9.7,0.565,0.544,2.1,2.5,0.816,0.6,3.7,4.3,5.1,1.3,0.6,2.7,2.3,18.1
201,Justin Holiday,SG,28,CHI,40,40,34,4.5,11.9,0.38,2.4,6.5,0.368,2.1,5.3,0.394,0.481,2.2,2.6,0.829,0.5,4,4.5,2.3,1.1,0.7,1.3,1.9,13.6
202,John Holland,SF,29,CLE,4,0,4.3,0.3,1,0.25,0.3,0.5,0.5,0,0.5,0,0.375,0,0,,0,0.5,0.5,0,0,0,0.3,0,0.8
203,Rondae Hollis-Jefferson,SF,23,BRK,37,36,28.5,5.3,11.2,0.475,0.2,0.9,0.281,5.1,10.4,0.491,0.486,3.8,4.7,0.803,1.6,5.2,6.8,2.1,0.9,0.7,1.5,2.1,14.6
204,Richaun Holmes,C,24,PHI,21,2,16.3,3,5.8,0.529,0.1,0.9,0.158,2.9,4.9,0.598,0.541,0.8,1.1,0.708,1.2,3.6,4.8,1.2,0.4,0.5,0.6,2.5,7
205,Rodney Hood,SG,25,UTA,31,11,28.9,6,14.6,0.409,2.7,7,0.392,3.2,7.6,0.426,0.503,2.2,2.5,0.848,0.4,2.4,2.7,1.8,0.8,0.2,1.7,1.8,16.8
206,Al Horford,C,31,BOS,39,39,32.4,5.4,10.5,0.52,1.4,3.3,0.422,4.1,7.2,0.564,0.586,1.2,1.6,0.714,1.5,6.4,7.8,5.3,0.6,1,2,1.8,13.4
207,Danuel House,SG,24,PHO,9,0,12.6,1.3,3.9,0.343,0.3,1.7,0.2,1,2.2,0.45,0.386,1.6,1.7,0.933,0.4,1.4,1.9,0.7,0.3,0,0.3,0.8,4.6
208,Dwight Howard,C,32,CHO,38,38,29.9,5.8,10.8,0.535,0,0.1,0,5.8,10.7,0.538,0.535,4.1,7.5,0.549,3.6,8.6,12.1,1.4,0.6,1.2,3.2,3.4,15.7
209,Josh Huestis,PF,26,OKC,35,1,14.4,1,2.7,0.362,0.5,1.8,0.302,0.4,0.9,0.484,0.463,0.1,0.3,0.273,0.5,1.5,2.1,0.4,0.3,0.7,0.5,1.4,2.6
210,Vince Hunter,PF,23,MEM,4,0,1.8,0.8,1.3,0.6,0,0,,0.8,1.3,0.6,0.6,0,0,,0.5,0.3,0.8,0,0,0.3,0.3,0,1.5
211,Serge Ibaka,PF,28,TOR,35,35,28.3,5.5,11.1,0.494,1.5,4.1,0.368,4,7,0.567,0.562,1.3,1.7,0.754,1,5.2,6.2,0.7,0.4,1.6,1.2,2.9,13.8
212,Andre Iguodala,SF,34,GSW,35,4,26.3,2.2,5.1,0.427,0.4,1.9,0.231,1.7,3.2,0.54,0.469,0.8,1.3,0.636,0.9,3.1,3.9,3.5,0.8,0.7,1.1,1.3,5.6
213,Ersan Ilyasova,PF,30,ATL,29,23,25.7,4.1,9.1,0.449,1.5,3.9,0.389,2.6,5.2,0.493,0.532,1.5,2,0.746,2,3.8,5.8,1.3,1,0.4,0.9,2,11.2
214,Joe Ingles,SF,30,UTA,40,40,30.5,3.5,7.9,0.441,2.4,5.4,0.433,1.1,2.5,0.459,0.59,0.5,0.6,0.783,0.3,4.2,4.5,4.3,1,0.2,1.8,2.1,9.8
215,Brandon Ingram,SF,20,LAL,38,38,34.7,6,13.1,0.456,0.6,1.6,0.355,5.4,11.5,0.47,0.478,3.6,5.3,0.68,1.1,4.4,5.4,3.3,0.8,0.8,2.7,3,16.1
216,Kyrie Irving,PG,25,BOS,41,41,32.6,8.9,18.4,0.48,2.5,6.5,0.392,6.3,12,0.527,0.549,3.9,4.4,0.883,0.6,2.9,3.5,5,1.2,0.3,2.3,2.2,24.1
217,Jonathan Isaac,PF,20,ORL,15,2,18.9,2,4.9,0.405,0.3,1.2,0.278,1.7,3.7,0.446,0.439,0.9,1.2,0.778,0.8,2.9,3.7,0.7,0.7,1,1,1.7,5.3
218,Wesley Iwundu,SF,23,ORL,23,3,13.9,1.6,3.5,0.444,0.2,0.7,0.235,1.4,2.8,0.5,0.469,0.4,0.7,0.625,0.5,1.6,2.1,1,0.3,0.1,0.3,1,3.7
219,Jarrett Jack,PG,34,NYK,38,37,26.4,3,7.2,0.421,0.3,1.2,0.267,2.7,6,0.452,0.443,1,1.3,0.771,0.3,3.1,3.5,6,0.6,0.1,1.9,1.7,7.3
220,Demetrius Jackson,PG,23,HOU,12,0,5.3,0.3,1.2,0.286,0,0.5,0,0.3,0.7,0.5,0.286,0,0,,0.3,0.6,0.9,0.4,0.3,0.1,0.8,0.5,0.7
221,Josh Jackson,SF,20,PHO,41,14,21.9,3.5,9.1,0.388,0.6,2.4,0.268,2.9,6.8,0.43,0.422,1.7,3,0.561,1,2.7,3.7,1.2,1,0.3,1.7,2.7,9.4
222,Justin Jackson,SF,22,SAC,27,5,17.3,2.1,5.4,0.39,0.8,2.5,0.324,1.3,2.9,0.449,0.466,0.3,0.5,0.692,0.3,1.4,1.8,0.7,0.3,0.2,0.6,1,5.4
223,Reggie Jackson,PG,27,DET,33,33,27.1,5.5,12.3,0.446,1.3,3.8,0.339,4.2,8.5,0.493,0.498,2.4,2.8,0.84,0.7,2.2,2.8,5.5,0.6,0.1,2.5,2.1,14.6
224,LeBron James,PF,33,CLE,40,40,37,10.4,18.7,0.558,1.9,5,0.389,8.5,13.7,0.619,0.609,4.5,5.7,0.777,1.2,7,8.2,9,1.7,1.1,4.3,1.7,27.2
225,Mike James,PG,27,PHO,32,10,20.9,3.8,9.8,0.388,0.8,3,0.268,3,6.7,0.442,0.429,2,2.6,0.762,0.4,2.4,2.8,3.8,0.8,0.2,1.5,1.4,10.4
226,Al Jefferson,C,33,IND,13,0,12.9,2.8,5.1,0.561,0,0.1,0,2.8,5,0.569,0.561,0.9,1.2,0.8,1.1,3.1,4.2,0.8,0.5,0.6,0.7,1.8,6.6
227,Richard Jefferson,SF,37,DEN,10,0,6,0.4,1.3,0.308,0.1,0.5,0.2,0.3,0.8,0.375,0.346,0.2,0.5,0.4,0,0.3,0.3,0.7,0,0,0.1,0.3,1.1
228,Jonas Jerebko,PF,30,UTA,32,14,17.4,2.4,4.9,0.481,1,2.3,0.431,1.4,2.7,0.523,0.579,0.7,0.8,0.917,1,2.7,3.7,0.7,0.5,0.2,0.4,2.1,6.4
229,Amir Johnson,C,30,PHI,36,8,15.6,2,3.9,0.525,0.1,0.4,0.2,1.9,3.4,0.565,0.536,0.7,1.1,0.585,1.8,2.9,4.8,1.4,0.7,0.7,0.9,2.9,4.8
230,Brice Johnson,PF,23,LAC,9,0,4.2,0.8,1.2,0.636,0,0.1,0,0.8,1.1,0.7,0.636,0.2,0.2,1,0.2,1.2,1.4,0.1,0.7,0.2,0.4,0.8,1.8
231,Dakari Johnson,C,22,OKC,18,5,6.7,1.1,1.8,0.576,0,0,,1.1,1.8,0.576,0.576,0.4,0.8,0.571,0.5,0.7,1.2,0.4,0.3,0.3,0.2,1.2,2.6
232,James Johnson,PF,30,MIA,33,11,26.5,4,8.2,0.491,0.8,2.6,0.326,3.2,5.6,0.568,0.542,1.7,2.3,0.724,0.8,4.3,5.1,3.9,0.9,0.7,2.2,2.8,10.6
233,Joe Johnson,SF,36,UTA,19,3,20.8,2.9,7.1,0.407,0.6,2.5,0.234,2.3,4.6,0.5,0.448,0.6,0.8,0.8,0.5,2.9,3.4,1.4,0.3,0.2,1.1,1.1,7
234,Stanley Johnson,SF,21,DET,31,22,27.8,2.5,7.1,0.353,1,3.5,0.294,1.5,3.6,0.411,0.425,1.5,1.9,0.776,0.5,3.2,3.7,1.5,1.2,0.2,0.9,2.5,7.5
235,Tyler Johnson,PG,25,MIA,37,10,29.4,4.3,10.2,0.42,1.6,4.6,0.349,2.7,5.6,0.478,0.499,1.9,2.1,0.873,0.6,3,3.6,2.2,0.8,0.6,1.2,2.2,12
236,Wesley Johnson,SF,30,LAC,34,22,23.8,2.4,5.9,0.41,0.8,2.7,0.304,1.6,3.2,0.5,0.48,0.7,1,0.727,0.4,3,3.5,1,1.1,1,1,2.3,6.4
237,Nikola Jokic,C,22,DEN,33,31,30.8,5.9,11.9,0.495,1.2,3.3,0.358,4.7,8.6,0.548,0.545,2.9,3.3,0.882,2.5,7.6,10.1,5,1.3,0.7,2.7,2.5,15.9
238,Damian Jones,C,22,GSW,1,0,2,0,0,,0,0,,0,0,,,0,0,,1,0,1,0,0,0,0,1,0
239,Derrick Jones,SF,20,TOT,9,1,9.2,0.8,1.6,0.5,0.1,0.6,0.2,0.7,1,0.667,0.536,1,1.3,0.75,0.6,0.9,1.4,0.4,0.1,0.7,0.1,1,2.7
239,Derrick Jones,SF,20,PHO,6,0,5.5,0.3,0.7,0.5,0,0.3,0,0.3,0.3,1,0.5,0.8,1,0.833,0.3,0.3,0.7,0.5,0.2,0.7,0.2,0.3,1.5
239,Derrick Jones,SF,20,MIA,3,1,16.7,1.7,3.3,0.5,0.3,1,0.333,1.3,2.3,0.571,0.55,1.3,2,0.667,1,2,3,0.3,0,0.7,0,2.3,5
240,Jalen Jones,SF,24,NOP,4,0,4.8,0.3,1,0.25,0.3,0.3,1,0,0.8,0,0.375,0.5,0.5,1,0,0.8,0.8,0,0,0,0,0.5,1.3
241,Tyus Jones,PG,21,MIN,42,10,19,1.7,3.7,0.455,0.5,1.4,0.333,1.2,2.3,0.531,0.519,0.8,0.9,0.872,0.2,1.7,1.9,2.9,1.3,0,0.7,1.4,4.7
242,DeAndre Jordan,C,29,LAC,39,39,32.5,4.9,7.4,0.661,0,0,,4.9,7.4,0.661,0.661,2.1,3.5,0.607,4.5,10.6,15.1,1.2,0.5,1,1.7,3,11.9
243,Cory Joseph,PG,26,IND,40,1,25.6,3.1,7.1,0.433,0.9,2.3,0.398,2.1,4.7,0.45,0.498,0.9,1.2,0.804,0.4,2.5,2.9,3.2,0.9,0.3,1.1,1.5,8
244,Frank Kaminsky,PF,24,CHO,35,0,23.4,4.1,9.4,0.43,1.2,3.4,0.364,2.8,6.1,0.467,0.495,1.6,2.1,0.77,0.6,3.4,4,1.5,0.5,0.3,0.8,1.3,11
245,Enes Kanter,C,25,NYK,37,37,25,5.8,9.6,0.598,0,0.1,0,5.8,9.6,0.602,0.598,1.9,2.2,0.875,3.6,6.5,10.1,1.3,0.6,0.5,1.7,2.5,13.4
246,Luke Kennard,SG,21,DET,34,4,17.3,2.4,5.5,0.43,1,2.2,0.434,1.4,3.2,0.427,0.519,0.5,0.6,0.818,0.2,1.6,1.8,1.2,0.7,0.1,0.8,0.9,6.2
247,Michael Kidd-Gilchrist,SF,24,CHO,32,32,26.3,4.3,8.6,0.495,0,0.1,0,4.3,8.5,0.498,0.495,1.5,2.3,0.649,1.4,3.6,5,1.2,0.7,0.7,0.6,2.2,10
248,Sean Kilpatrick,SG,28,TOT,22,0,10.8,1.7,5,0.342,0.7,2.5,0.286,1,2.5,0.4,0.414,0.9,1,0.952,0,2,2,0.9,0.1,0,0.8,0.6,5.1
248,Sean Kilpatrick,SG,28,BRK,16,0,11.4,1.6,5.4,0.291,0.7,2.6,0.262,0.9,2.8,0.318,0.355,1.1,1.2,0.947,0.1,2.1,2.2,0.9,0.1,0.1,1,0.5,4.9
248,Sean Kilpatrick,SG,28,MIL,6,0,9,2.2,4.2,0.52,0.8,2.3,0.357,1.3,1.8,0.727,0.62,0.3,0.3,1,0,1.5,1.5,0.7,0,0,0.2,0.8,5.5
249,Maxi Kleber,PF,26,DAL,36,27,18.5,2.4,4.6,0.512,0.5,1.7,0.3,1.9,2.9,0.632,0.566,0.5,0.8,0.704,1.2,2.2,3.4,0.6,0.3,0.7,0.3,1.6,5.8
250,Furkan Korkmaz,SG,20,PHI,6,0,5.3,0.5,2,0.25,0.2,1.3,0.125,0.3,0.7,0.5,0.292,0.3,0.3,1,0.3,0.7,1,0.3,0.2,0,0.2,0.7,1.5
251,Kyle Korver,SG,36,CLE,40,0,22.5,3.4,7.3,0.469,2.5,5.5,0.448,0.9,1.7,0.536,0.64,0.9,1,0.875,0.1,1.9,2,1.1,0.4,0.3,0.7,1.8,10.2
252,Kosta Koufos,C,28,SAC,39,4,18.3,2.4,4.6,0.531,0,0,,2.4,4.6,0.531,0.531,0.6,1.3,0.469,1.9,3.9,5.8,1.2,0.7,0.5,0.7,1.8,5.5
253,Kyle Kuzma,PF,22,LAL,39,20,31.4,6.4,13.7,0.464,2,5.3,0.376,4.4,8.5,0.518,0.536,2.2,3,0.733,1.5,4.8,6.3,1.8,0.5,0.5,1.9,2.3,16.9
254,Mindaugas Kuzminskas,SF,28,NYK,1,0,2,0,2,0,0,0,,0,2,0,0,0,0,,0,0,0,0,0,0,0,0,0
255,Skal Labissiere,PF,21,SAC,35,15,16.7,3.1,6.6,0.461,0.1,0.3,0.333,2.9,6.3,0.468,0.47,1.3,1.6,0.821,1.5,2.7,4.2,0.7,0.4,0.6,1,2,7.5
256,Jeremy Lamb,SG,25,CHO,37,14,26.5,5.2,11.6,0.445,1.2,3.4,0.354,3.9,8.2,0.483,0.498,2.9,3.4,0.865,0.6,4.1,4.6,2.6,0.8,0.4,1.3,1.7,14.5
257,Shane Larkin,PG,25,BOS,31,0,11.1,1.3,3.2,0.404,0.5,1.3,0.39,0.8,1.9,0.414,0.485,0.5,0.6,0.85,0.2,1,1.2,1.1,0.3,0,0.4,1.1,3.6
258,Joffrey Lauvergne,C,26,SAS,24,1,11,1.7,3.7,0.455,0,0.2,0,1.7,3.5,0.476,0.455,0.7,1.1,0.654,1.3,2,3.2,0.8,0.3,0,0.7,1.2,4
259,Jake Layman,SF,23,POR,18,1,6.2,0.6,1.9,0.294,0.2,0.8,0.2,0.4,1.1,0.368,0.338,0.1,0.1,1,0.2,0.5,0.7,0.3,0.2,0.2,0.2,0.7,1.4
260,T.J. Leaf,PF,20,IND,31,0,9.5,1.4,2.9,0.473,0.5,0.9,0.519,0.9,2.1,0.453,0.549,0.1,0.2,0.429,0.7,1,1.7,0.2,0.2,0.1,0.2,1,3.3
261,Courtney Lee,SG,32,NYK,40,40,32.7,5,11.1,0.455,1.6,3.9,0.422,3.4,7.2,0.472,0.528,1.8,1.9,0.961,0.5,3,3.5,2.8,1.4,0.2,1.4,1.5,13.5
262,Alex Len,C,24,PHO,37,2,21,3.1,5.6,0.548,0,0,,3.1,5.6,0.548,0.548,2.4,3.3,0.736,2.8,5.5,8.3,1.2,0.4,0.9,1.3,2.4,8.6
263,Kawhi Leonard,SF,26,SAS,8,8,22.6,5.9,12.9,0.456,1.4,4.3,0.324,4.5,8.6,0.522,0.51,2.8,3.4,0.815,0.8,3.5,4.3,2.1,1.8,1,1.6,1,15.9
264,Meyers Leonard,C,25,POR,13,2,10.5,2.1,3.5,0.6,0.5,1,0.538,1.5,2.5,0.625,0.678,0.5,0.6,0.75,0.5,2.2,2.6,0.5,0.2,0,0.3,1.5,5.2
265,Jon Leuer,PF,28,DET,8,0,17,1.9,4.5,0.417,0,0.4,0,1.9,4.1,0.455,0.417,1.6,1.9,0.867,0.9,3.1,4,0.6,0.1,0.4,1,2,5.4
266,Caris LeVert,SF,23,BRK,38,9,26.9,4.4,10.2,0.434,1.2,3.4,0.357,3.2,6.8,0.473,0.494,1.9,2.8,0.698,0.7,3,3.7,4.2,1.3,0.4,2.4,2.2,12
267,DeAndre Liggins,SG,29,MIL,31,1,15.5,0.7,2.1,0.338,0.4,1.2,0.306,0.4,0.9,0.379,0.423,0.1,0.2,0.4,0.2,1.4,1.6,0.9,0.9,0.3,0.5,2,1.8
268,Damian Lillard,PG,27,POR,33,33,36.7,8,19.1,0.421,2.9,8,0.358,5.2,11.1,0.466,0.496,5.9,6.4,0.925,0.8,4,4.8,6.3,1,0.5,3.2,1.7,24.9
269,Jeremy Lin,PG,29,BRK,1,1,25,5,12,0.417,1,2,0.5,4,10,0.4,0.458,7,7,1,0,0,0,4,0,0,3,3,18
270,Shaun Livingston,PG,32,GSW,34,6,15.9,2.4,4.6,0.513,0,0.1,0,2.4,4.5,0.519,0.513,0.6,0.9,0.724,0.5,1.2,1.7,2,0.4,0.3,0.8,1.6,5.3
271,Kevon Looney,C,21,GSW,31,0,9.7,1.1,1.9,0.576,0,0,,1.1,1.9,0.576,0.576,0.5,1,0.567,0.9,1.6,2.5,0.4,0.3,0.7,0.5,1.5,2.7
272,Brook Lopez,C,29,LAL,32,31,22,4.8,10.7,0.446,1.4,4.3,0.326,3.3,6.3,0.527,0.512,1.8,2.3,0.747,1.2,2.9,4.1,1.7,0.5,1.4,1.6,2.9,12.7
273,Robin Lopez,C,29,CHI,41,41,28.2,5.6,10.8,0.519,0,0.2,0.286,5.6,10.6,0.523,0.521,1.3,1.7,0.757,2.4,2.5,4.9,2.2,0.2,0.9,1.7,1.9,12.6
274,Kevin Love,C,29,CLE,39,39,29,6.3,13.5,0.462,2.4,5.8,0.412,3.8,7.7,0.5,0.551,4.5,5.1,0.884,2.3,7.4,9.6,1.7,0.6,0.4,1.7,2.1,19.4
275,Kyle Lowry,PG,31,TOR,38,38,32.8,5.1,12.1,0.426,2.9,7.5,0.392,2.2,4.5,0.483,0.548,3,3.4,0.878,0.8,5.3,6.1,7,1.2,0.1,2.7,2.2,16.2
276,Timothe Luwawu-Cabarrot,SF,22,PHI,34,1,16.1,2.1,5.5,0.385,1,3.1,0.308,1.1,2.4,0.488,0.473,0.9,1.2,0.738,0.4,1.3,1.7,1.1,0.3,0.1,0.9,2,6.1
277,Tyler Lydon,PF,21,DEN,1,0,2,0,0,,0,0,,0,0,,,0,0,,0,0,0,0,0,0,0,0,0
278,Trey Lyles,PF,22,DEN,35,1,19.6,4,7.4,0.535,1.4,3.1,0.467,2.5,4.4,0.582,0.631,1.3,2,0.671,0.9,4,4.9,0.9,0.5,0.3,0.9,1.3,10.7
279,Shelvin Mack,PG,27,ORL,29,3,17,1.3,3.8,0.345,0.3,1.2,0.294,1,2.6,0.368,0.391,0.9,1.3,0.676,0.3,1.7,2,3.8,0.5,0.1,0.9,0.9,3.8
280,Josh Magette,PG,28,ATL,8,0,8,0.5,1.5,0.333,0.1,0.5,0.25,0.4,1,0.375,0.375,0.5,0.5,1,0.1,0.6,0.8,2.1,0.3,0,0.3,0.8,1.6
281,Ian Mahinmi,C,31,WAS,38,0,15,1.3,2.6,0.52,0,0,,1.3,2.6,0.52,0.52,1.1,1.6,0.705,1.7,2.1,3.8,0.7,0.5,0.4,1.3,3,3.8
282,Thon Maker,C,20,MIL,39,8,18.4,1.7,4.1,0.411,0.5,1.3,0.346,1.2,2.7,0.443,0.468,0.8,1.3,0.653,1.1,2.6,3.7,0.7,0.5,0.8,0.7,2.5,4.6
283,Boban Marjanovic,C,29,DET,15,1,8.3,2,3.8,0.526,0,0,,2,3.8,0.526,0.526,2.1,2.6,0.795,0.8,1.7,2.5,0.7,0.1,0.3,1.1,1.5,6.1
284,Lauri Markkanen,PF,20,CHI,38,38,29.7,5.4,12.6,0.427,2.3,6.3,0.357,3.1,6.3,0.498,0.517,1.9,2.3,0.837,1.1,6.4,7.6,1.3,0.5,0.5,1.3,1.6,14.9
285,Jarell Martin,PF,23,MEM,37,13,17.6,2.2,4.9,0.437,0.3,1,0.289,1.9,3.9,0.476,0.467,0.8,1,0.816,1.1,2.2,3.3,0.5,0.6,0.7,0.8,2.6,5.5
286,Frank Mason,PG,23,SAC,29,2,18.6,2.7,6.9,0.385,0.6,1.5,0.419,2,5.4,0.376,0.43,1.7,2.2,0.762,0.4,1.7,2.1,2.9,0.5,0.1,1.3,1.1,7.6
287,Mangok Mathiang,C,25,CHO,3,0,3.3,0,0.7,0,0,0,,0,0.7,0,0,0,0,,0.3,1.7,2,0,0,0,0,0.7,0
288,Wesley Matthews,SF,31,DAL,42,41,34.3,4.4,10.7,0.411,2.4,6.1,0.388,2,4.6,0.44,0.521,1.3,1.5,0.815,0.3,2.8,3.1,2.9,1.1,0.2,1.4,2.2,12.4
289,Luc Mbah a Moute,PF,31,HOU,24,3,25.3,2.5,5.5,0.458,1,2.8,0.373,1.5,2.7,0.547,0.553,0.8,1.1,0.667,0.5,2.8,3.4,1,1.3,0.5,1.3,1.8,6.8
290,James Michael McAdoo,PF,25,PHI,3,0,6,0.7,2.3,0.286,0.7,2.3,0.286,0,0,,0.429,0.7,0.7,1,0,0.7,0.7,0,0,0.3,0.3,0.3,2.7
291,Patrick McCaw,SG,22,GSW,37,5,16.1,1.6,3.5,0.45,0.4,1.5,0.273,1.2,2.1,0.579,0.508,0.4,0.6,0.696,0.3,1.2,1.5,1.5,0.8,0.2,0.6,1.1,4
292,C.J. McCollum,SG,26,POR,39,39,36.6,8.2,18.4,0.446,2.4,5.7,0.414,5.8,12.7,0.46,0.51,2.8,3.2,0.871,0.7,3.4,4.2,3.4,1,0.3,2,2.2,21.5
293,T.J. McConnell,PG,25,PHI,33,1,24.5,3.1,5.9,0.526,0.4,1,0.406,2.7,4.9,0.549,0.559,0.4,0.5,0.824,0.6,2.8,3.4,4.7,1.2,0.3,1.9,1.9,7
294,Chris McCullough,PF,22,WAS,12,0,5.4,1.3,2.8,0.441,0.1,0.5,0.167,1.2,2.3,0.5,0.456,0.4,0.7,0.625,0.5,1.2,1.7,0.1,0,0.3,0,0.7,3
295,Doug McDermott,SF,26,NYK,40,1,24,3.2,6.9,0.467,1.1,2.9,0.395,2.1,4,0.519,0.549,0.7,0.9,0.784,0.7,2.1,2.8,1,0.2,0.3,0.7,1.7,8.3
296,JaVale McGee,C,30,GSW,31,4,8.3,1.7,2.7,0.619,0,0.1,0,1.7,2.6,0.65,0.619,0.6,0.8,0.76,0.7,1.3,1.9,0.5,0.3,0.7,0.4,1.2,4
297,Alfonzo McKinnie,SF,25,TOR,9,0,3.7,0.4,0.8,0.571,0.1,0.4,0.25,0.3,0.3,1,0.643,0.2,0.3,0.667,0,0.6,0.6,0.1,0.1,0.1,0.1,0.7,1.2
298,Ben McLemore,SG,24,MEM,23,5,17.2,2.5,6.1,0.414,0.8,2.6,0.317,1.7,3.5,0.488,0.482,0.7,0.8,0.789,0.4,1.7,2.1,0.9,0.6,0.3,0.9,2.6,6.5
299,Josh McRoberts,PF,30,DAL,1,0,3,0,1,0,0,1,0,0,0,,0,0,0,,0,0,0,0,0,0,0,1,0
300,Jodie Meeks,SG,30,WAS,40,0,16.1,2,5.5,0.356,0.9,2.9,0.313,1.1,2.6,0.404,0.438,1.6,1.8,0.873,0.2,1.5,1.7,0.9,0.5,0,0.6,1,6.4
301,Salah Mejri,C,31,DAL,37,1,11.6,1.4,2.1,0.679,0,0.1,0,1.4,2.1,0.697,0.679,0.6,1.1,0.537,1.2,2.7,3.9,0.5,0.3,1.2,0.5,1.9,3.5
302,Jordan Mickey,PF,23,MIA,16,2,14.4,2,4.2,0.478,0.1,0.7,0.091,1.9,3.5,0.554,0.485,0.7,1,0.688,0.9,3.6,4.4,0.6,0.2,0.4,0.9,1.9,4.8
303,Khris Middleton,SF,26,MIL,39,39,37.2,7.3,15.9,0.461,2,5.7,0.357,5.3,10.2,0.519,0.525,3.6,4,0.897,0.4,4.6,5,4.3,1.2,0.2,2.3,3.4,20.3
304,C.J. Miles,SF,30,TOR,32,2,18.2,3.2,8.1,0.391,2.3,6.2,0.381,0.8,1.9,0.426,0.537,1.1,1.2,0.919,0.2,1.6,1.8,0.6,0.8,0.3,0.5,1.9,9.7
305,Darius Miller,SF,27,NOP,39,2,21.2,2.5,5.5,0.451,1.8,4.2,0.436,0.6,1.3,0.5,0.619,0.7,0.8,0.848,0.1,1.5,1.6,1.2,0.3,0.1,0.5,1.9,7.5
306,Malcolm Miller,SF,24,TOR,2,0,4,0,1,0,0,1,0,0,0,,0,0,0,,0,0,0,0,0,0,0,0,0
307,Patty Mills,PG,29,SAS,42,12,24.6,3.3,7.8,0.419,1.8,4.6,0.383,1.5,3.2,0.471,0.532,1.2,1.3,0.909,0.3,1.6,1.9,2.8,0.7,0.1,1.3,1.4,9.5
308,Paul Millsap,PF,32,DEN,16,16,29.7,5.6,12.6,0.446,1.3,3.6,0.345,4.4,9,0.486,0.495,2.8,4.1,0.692,1.5,4.7,6.2,3,1.1,1.3,2.1,2.4,15.3
309,Nikola Mirotic,PF,26,CHI,17,3,25.1,6.1,12.5,0.486,2.8,5.9,0.465,3.3,6.5,0.505,0.597,2.5,3.3,0.75,1,6,7,1.5,0.5,0.4,1.2,1.9,17.4
310,Donovan Mitchell,SG,21,UTA,38,30,31.2,6.9,15.6,0.439,2.2,6.3,0.354,4.6,9.3,0.497,0.511,2.5,2.9,0.848,0.4,2.8,3.3,3.4,1.5,0.4,2.5,3.2,18.5
311,Naz Mitrou-Long,SG,24,UTA,1,0,1,1,1,1,1,1,1,0,0,,1.5,0,0,,0,0,0,0,0,0,0,0,3
312,Malik Monk,SG,19,CHO,31,0,13.8,2,5.9,0.342,1.1,3.4,0.337,0.9,2.6,0.35,0.438,0.4,0.5,0.706,0.1,1,1,1.4,0.3,0.1,0.7,0.9,5.6
313,Greg Monroe,C,27,TOT,19,11,21.9,4.5,7.8,0.574,0,0,,4.5,7.8,0.574,0.574,1.3,1.8,0.714,2.3,5.3,7.5,2.3,0.5,0.3,1.6,1.9,10.3
313,Greg Monroe,C,27,MIL,5,0,15.8,3.2,6.6,0.485,0,0,,3.2,6.6,0.485,0.485,0.4,0.8,0.5,1.2,3.8,5,1,0,0,1.2,1.4,6.8
313,Greg Monroe,C,27,PHO,14,11,24.1,4.9,8.2,0.6,0,0,,4.9,8.2,0.6,0.6,1.6,2.2,0.742,2.6,5.8,8.4,2.7,0.7,0.4,1.8,2.1,11.5
314,Luis Montero,SG,24,DET,2,0,4,0,0.5,0,0,0,,0,0.5,0,0,0,0,,0,1,1,0,0,0,1,0,0
315,E'Twaun Moore,SG,28,NOP,39,37,32.2,5.5,10.1,0.546,1.7,3.8,0.456,3.7,6.2,0.601,0.633,0.5,0.8,0.633,0.8,1.9,2.7,2.1,1,0.1,1.3,2.3,13.2
316,Eric Moreland,PF,26,DET,35,1,12,0.6,1.3,0.467,0,0,,0.6,1.3,0.467,0.467,0.2,0.3,0.5,1.2,2.4,3.6,0.9,0.4,0.7,0.5,1.9,1.4
317,Marcus Morris,PF,28,BOS,21,11,23.3,4,9.7,0.407,1.2,3.6,0.347,2.7,6.1,0.442,0.471,1.9,2.4,0.784,0.4,4.6,5,1.4,0.5,0.3,1.1,2,11
318,Markieff Morris,PF,28,WAS,32,32,24.8,4.1,8.7,0.466,0.9,2.5,0.367,3.2,6.3,0.505,0.518,1.4,1.7,0.83,1.1,4.3,5.5,1.1,0.6,0.5,1.6,3.1,10.4
319,Monte Morris,PG,22,DEN,1,0,3,0,1,0,0,1,0,0,0,,0,0,0,,0,0,0,1,0,0,0,0,0
320,Johnathan Motley,PF,22,DAL,1,0,2,1,1,1,0,0,,1,1,1,1,2,4,0.5,0,1,1,0,0,1,0,0,4
321,Timofey Mozgov,C,31,BRK,24,14,13,1.8,3.2,0.545,0.1,0.7,0.176,1.6,2.5,0.65,0.565,0.8,1,0.76,1.2,2.4,3.5,0.3,0.1,0.4,1.2,1.4,4.4
322,Emmanuel Mudiay,PG,21,DEN,31,0,19.8,3.2,8.1,0.4,1.1,2.8,0.407,2.1,5.3,0.396,0.47,1.8,2.2,0.797,0.4,2,2.4,3.1,0.5,0.1,2,1.2,9.4
323,Shabazz Muhammad,SF,25,MIN,24,2,10.8,1.6,4.1,0.384,0.2,0.8,0.211,1.4,3.3,0.425,0.404,0.5,0.8,0.722,0.5,1.1,1.6,0.3,0.2,0.1,0.1,0.8,3.9
324,Dejounte Murray,PG,21,SAS,42,13,17.5,2.5,6,0.409,0.1,0.4,0.2,2.4,5.6,0.422,0.415,1.1,1.7,0.686,1,3.5,4.5,2.5,0.7,0.3,1.5,1.6,6.1
325,Jamal Murray,PG,20,DEN,40,40,29.4,5.9,13.1,0.448,1.9,5.2,0.364,4,8,0.503,0.52,2.5,2.8,0.918,1.1,2.4,3.5,2.7,0.9,0.3,2,1.9,16.2
326,Mike Muscala,C,26,ATL,12,5,18.9,2.2,4.8,0.456,0.7,1.8,0.381,1.5,3,0.5,0.526,1.1,1.2,0.929,1.2,3,4.2,0.8,0.7,0.4,0.7,2.1,6.1
327,Abdel Nader,SF,24,BOS,19,0,7.9,0.8,2.3,0.341,0.4,1.2,0.318,0.4,1.2,0.364,0.42,0.1,0.2,0.333,0.3,0.8,1.1,0.4,0.3,0.2,0.4,0.7,2
328,Larry Nance,PF,25,LAL,29,17,21.4,3.7,6.1,0.596,0,0.1,0,3.7,6.1,0.602,0.596,1.3,2.2,0.609,2.4,4,6.4,1.4,1.4,0.4,1,2.8,8.7
329,Shabazz Napier,PG,26,POR,34,6,21,3.6,7.3,0.488,1,2.4,0.422,2.5,4.9,0.521,0.558,1.7,2,0.841,0.3,2,2.4,2.2,1.4,0.2,1.2,1.1,9.9
330,Jameer Nelson,PG,35,NOP,35,0,22.7,1.9,4.8,0.405,0.9,2.5,0.368,1,2.3,0.444,0.5,0.4,0.5,0.765,0.3,2.1,2.4,3.8,0.6,0.1,1.5,1.6,5.2
331,Raul Neto,PG,25,UTA,17,0,13.3,1.9,4.1,0.471,0.6,1.3,0.455,1.4,2.8,0.479,0.543,0.5,0.8,0.615,0.1,1.2,1.4,1.9,0.4,0.1,0.7,0.8,4.9
332,Joakim Noah,C,32,NYK,6,0,6,0.7,1.5,0.444,0,0,,0.7,1.5,0.444,0.444,0.3,0.7,0.5,1,1.2,2.2,0.7,0.3,0.3,0.5,0.8,1.7
333,Nerlens Noel,C,23,DAL,18,6,12.5,1.6,2.9,0.528,0,0,,1.6,2.9,0.528,0.528,0.9,1.1,0.842,1.4,2.6,4.1,0.3,0.6,0.6,0.8,1.7,4
334,Lucas Nogueira,C,25,TOR,23,2,11.3,1.5,2.4,0.618,0.1,0.5,0.273,1.3,1.9,0.705,0.645,0.5,0.6,0.857,0.6,1.8,2.4,0.4,0.6,1.3,0.4,1.5,3.6
335,Dirk Nowitzki,C,39,DAL,42,42,25.2,4.7,10,0.468,1.6,3.9,0.421,3,6.1,0.498,0.55,1.3,1.5,0.903,0.4,5.2,5.6,1.7,0.5,0.4,0.7,1.7,12.3
336,Frank Ntilikina,PG,19,NYK,37,0,21.4,2.3,6.3,0.361,0.6,1.9,0.319,1.6,4.4,0.379,0.41,0.7,1,0.694,0.4,1.9,2.3,3.4,1.2,0.2,1.8,2.6,5.8
337,Jusuf Nurkic,C,23,POR,37,37,27.4,6,12.9,0.462,0,0.2,0,6,12.7,0.469,0.462,2.8,4.4,0.642,2,6,8,1.9,0.8,1.2,2.6,3.1,14.8
338,David Nwaba,SG,25,CHI,29,3,22.8,2.8,5.2,0.539,0.1,0.5,0.267,2.7,4.7,0.569,0.553,1.9,3,0.614,1,3.7,4.6,1.3,0.8,0.5,0.9,2.1,7.7
339,Johnny O'Bryant,PF,24,CHO,24,0,10.8,2.2,5.3,0.413,0.3,1.1,0.296,1.8,4.1,0.444,0.444,0.6,0.8,0.833,0.9,1.9,2.8,0.4,0.3,0.2,0.5,1.1,5.3
340,Royce O'Neale,SF,24,UTA,27,0,10,0.9,2.6,0.343,0.5,1.5,0.341,0.4,1.1,0.345,0.443,0.8,1,0.75,0.2,1.9,2.1,0.9,0.3,0,0.5,0.8,3.1
341,Kyle O'Quinn,C,27,NYK,40,3,16.8,2.8,4.8,0.585,0,0.1,0,2.8,4.7,0.601,0.585,1.2,1.6,0.754,1.5,4.5,6,2,0.5,1,1.4,2.8,6.9
342,Semi Ojeleye,PF,23,BOS,38,0,13.9,0.8,2.4,0.312,0.6,1.9,0.288,0.2,0.5,0.4,0.425,0.3,0.6,0.619,0.5,1.4,2,0.2,0.3,0,0.3,1,2.4
343,Jahlil Okafor,C,22,TOT,6,0,13.5,2.7,6.3,0.421,0,0.3,0,2.7,6,0.444,0.421,0.7,1,0.667,1,2.5,3.5,0.2,0.2,0.7,1.2,2.2,6
343,Jahlil Okafor,C,22,PHI,2,0,12.5,2,4.5,0.444,0,0,,2,4.5,0.444,0.444,1,2,0.5,2,2.5,4.5,0.5,0,1,1.5,3.5,5
343,Jahlil Okafor,C,22,BRK,4,0,14,3,7.3,0.414,0,0.5,0,3,6.8,0.444,0.414,0.5,0.5,1,0.5,2.5,3,0,0.3,0.5,1,1.5,6.5
344,Victor Oladipo,SG,25,IND,35,35,34.1,8.8,17.9,0.492,2.7,6.3,0.421,6.2,11.6,0.531,0.566,4.2,5.3,0.791,0.5,4.7,5.2,4.1,1.9,1,2.9,2.3,24.5
345,Kelly Olynyk,PF,26,MIA,40,18,23.8,3.7,7.4,0.503,1.3,3,0.432,2.4,4.4,0.551,0.59,1.7,2.2,0.773,1.2,4.7,5.9,2.2,0.9,0.5,2.2,3.2,10.4
346,Cedi Osman,SF,22,CLE,32,0,8.1,0.9,1.9,0.483,0.3,0.7,0.391,0.6,1.2,0.541,0.558,0.2,0.3,0.667,0.2,1.4,1.6,0.3,0.2,0,0.3,1.1,2.3
347,Kelly Oubre,SF,22,WAS,40,9,27,4,9.2,0.429,1.5,3.9,0.376,2.5,5.3,0.469,0.51,2.2,2.6,0.829,0.8,4.1,4.8,1.2,0.9,0.5,1.1,2.9,11.6
348,Zaza Pachulia,C,33,GSW,32,32,14.5,2.1,3.8,0.558,0,0,,2.1,3.8,0.558,0.558,1.1,1.3,0.829,1,3.7,4.7,1.6,0.7,0.2,1.2,1.8,5.3
349,Marcus Paige,PG,24,CHO,1,0,3,0,2,0,0,0,,0,2,0,0,0,0,,0,2,2,0,0,0,0,0,0
350,Georgios Papagiannis,C,20,SAC,9,0,7.8,1.3,2.8,0.48,0,0,,1.3,2.8,0.48,0.48,0,0,,0.9,1.6,2.4,0.2,0.2,0.3,0.3,0.7,2.7
351,Tony Parker,PG,35,SAS,17,17,21.7,3.8,7.4,0.508,0.1,0.6,0.2,3.6,6.8,0.534,0.516,0.9,1.5,0.64,0.2,2,2.2,4.1,0.4,0.1,1.8,0.7,8.6
352,Chandler Parsons,SF,29,MEM,26,7,21,3.3,6.9,0.486,1.5,3.7,0.411,1.8,3.2,0.571,0.595,0.6,1,0.6,0.5,2.4,2.8,2,0.5,0.3,1.1,1.8,8.8
353,Patrick Patterson,PF,28,OKC,41,0,14.2,1,2.8,0.371,0.7,1.9,0.367,0.3,0.9,0.378,0.496,0.4,0.4,1,0.2,1.6,1.9,0.5,0.5,0.2,0.5,1,3.2
354,Brandon Paul,SG,26,SAS,39,2,11.3,1.1,2.5,0.443,0.4,1.1,0.326,0.7,1.4,0.537,0.515,0.5,0.8,0.6,0.1,1.3,1.3,0.8,0.6,0.1,0.5,1.1,3
355,Chris Paul,PG,32,HOU,22,22,32,5.9,13,0.453,2.6,6.6,0.39,3.3,6.4,0.518,0.552,3.1,3.3,0.932,0.7,4.8,5.5,9.3,1.9,0.4,2.7,2.7,17.5
356,Adreian Payne,PF,26,ORL,5,0,8.6,1.4,2,0.7,0.4,0.6,0.667,1,1.4,0.714,0.8,1,1.2,0.833,0.4,1.4,1.8,0,0.4,0,0.4,1.2,4.2
357,Elfrid Payton,PG,23,ORL,32,32,29.1,5.3,10.3,0.511,0.7,1.7,0.389,4.6,8.7,0.534,0.542,1.5,2.5,0.6,1.1,2.9,4,6.5,1.4,0.3,2.7,2.3,12.7
358,Gary Payton,PG,25,MIL,12,6,8.8,1.1,2.8,0.394,0.2,1,0.167,0.9,1.8,0.524,0.424,0.2,0.3,0.667,0.3,1.1,1.4,0.8,0.3,0.1,0.3,1.4,2.5
359,London Perrantes,PG,23,CLE,1,0,3,0,1,0,0,0,,0,1,0,0,0,0,,0,0,0,0,0,0,0,1,0
360,Alec Peters,PF,22,PHO,2,0,7,0.5,2,0.25,0.5,2,0.25,0,0,,0.375,0,0,,0,1.5,1.5,0,0,1,0,0.5,1.5
361,Mason Plumlee,C,27,DEN,40,18,20.3,3,5.2,0.567,0,0,0,3,5.2,0.57,0.567,1.1,2.8,0.409,1.8,4.1,5.9,2,0.6,1.2,1.6,2.2,7
362,Miles Plumlee,C,29,ATL,21,18,18.6,2.2,3.4,0.648,0,0,,2.2,3.4,0.648,0.648,0.5,1.2,0.423,1.4,2.5,3.9,0.9,0.5,0.5,1.3,1.4,4.9
363,Jakob Poeltl,C,22,TOR,39,0,17,3,4.6,0.663,0,0.1,0.5,3,4.5,0.665,0.666,0.7,1.4,0.509,2,2.4,4.4,0.5,0.4,1.1,0.8,2.5,6.8
364,Quincy Pondexter,SF,29,CHI,19,1,9.6,0.7,2.6,0.286,0.2,1.2,0.136,0.6,1.4,0.407,0.316,0.7,0.9,0.824,0.4,0.8,1.3,0.4,0.4,0.1,0.6,1.3,2.4
365,Otto Porter,SF,24,WAS,36,36,31.4,5.6,11.3,0.495,1.8,4,0.448,3.8,7.3,0.521,0.575,1.2,1.5,0.811,1.2,5.3,6.5,1.8,1.5,0.6,0.8,1.9,14.2
366,Bobby Portis,PF,22,CHI,32,0,20.8,4.8,9.9,0.484,0.9,2.5,0.363,3.9,7.4,0.525,0.53,1.9,2.3,0.822,2,4.5,6.4,1.7,0.4,0.3,1.1,1.1,12.3
367,Kristaps Porzingis,PF,22,NYK,34,34,32.7,8.4,19.4,0.435,1.7,4.7,0.371,6.7,14.7,0.455,0.479,5.2,6.1,0.842,1.4,5.4,6.8,1.2,0.6,2.2,2.1,2.9,23.7
368,Dwight Powell,C,26,DAL,41,0,18.4,2.9,4.9,0.588,0.3,1.1,0.267,2.6,3.8,0.682,0.618,1.2,1.7,0.729,1.4,3.3,4.8,0.9,0.8,0.4,0.6,2.2,7.2
369,Norman Powell,SG,24,TOR,34,12,17.9,2.6,6.6,0.396,0.9,3,0.282,1.8,3.6,0.492,0.46,0.9,1,0.829,0.2,1.6,1.9,1.6,0.8,0.3,1.2,1.9,6.9
370,Alex Poythress,PF,24,IND,15,0,4.7,0.4,1,0.4,0.2,0.5,0.429,0.2,0.5,0.375,0.5,0,0,,0.3,0.4,0.7,0.1,0.2,0.1,0.1,0.7,1
371,Jacob Pullen,PG,28,PHI,3,0,2,0.3,0.7,0.5,0,0.3,0,0.3,0.3,1,0.5,0,0,,0,0,0,0,0,0,0.3,0,0.7
372,Zhou Qi,C,22,HOU,14,0,5.4,0.3,1.7,0.167,0.1,1.1,0.133,0.1,0.6,0.222,0.208,0.5,0.7,0.7,0.1,0.8,0.9,0.1,0.1,0.4,0.4,0.9,1.2
373,Ivan Rabb,PF,20,MEM,4,0,2,0.8,1.3,0.6,0,0,,0.8,1.3,0.6,0.6,0,0,,0.3,0.8,1,0.3,0,0,0.3,0.3,1.5
374,Julius Randle,C,23,LAL,40,7,22.9,5.2,9.3,0.554,0.2,0.8,0.267,5,8.6,0.579,0.565,2.9,4.4,0.672,1.9,5.1,7,2,0.5,0.7,2.3,3.3,13.4
375,Zach Randolph,PF,36,SAC,36,34,25.4,6.3,12.7,0.493,0.7,2.2,0.316,5.6,10.5,0.53,0.521,1.7,2.2,0.772,1.9,5.1,7,2.1,0.8,0.2,1.8,2,14.9
376,J.J. Redick,SG,33,PHI,34,34,32.8,5.8,13.1,0.443,2.7,6.7,0.401,3.1,6.5,0.486,0.545,2.9,3.1,0.943,0.2,2.4,2.6,3.4,0.5,0.1,1.4,2.2,17.3
377,Willie Reed,C,27,LAC,31,0,10.1,2,3,0.674,0,0,1,2,2.9,0.67,0.679,0.8,1.5,0.553,0.8,2,2.8,0.2,0.2,0.5,0.3,1.3,4.9
378,Josh Richardson,SF,24,MIA,40,40,33.9,4.8,10.5,0.454,1.6,4.6,0.344,3.2,6,0.538,0.529,1.5,1.8,0.833,0.8,2.5,3.2,2.5,1.3,0.9,2,2.7,12.6
379,Malachi Richardson,SG,22,SAC,22,4,12.8,1.2,3.6,0.329,0.5,1.6,0.333,0.6,2,0.326,0.405,0.7,0.9,0.8,0.2,1.1,1.3,0.6,0.4,0,0.4,1.2,3.6
380,Austin Rivers,SG,25,LAC,32,30,32.7,5.7,13.7,0.418,2.5,6.3,0.405,3.2,7.4,0.429,0.51,1.8,2.8,0.648,0.5,1.6,2.1,3.6,1.3,0.3,1.9,2.5,15.8
381,Andre Roberson,SG,26,OKC,34,34,26.9,2.3,4.3,0.524,0.2,1.1,0.222,2,3.3,0.622,0.551,0.3,0.8,0.333,1.9,2.8,4.8,1.1,1.1,0.9,0.9,2.2,5
382,Rajon Rondo,PG,31,NOP,25,24,25,3.3,6.9,0.474,0.7,2.1,0.327,2.6,4.8,0.537,0.523,0.2,0.2,0.667,0.4,3.4,3.8,8.3,0.9,0.2,2.1,1.9,7.4
383,Derrick Rose,PG,29,CLE,7,7,26.9,5.6,11.9,0.47,0.4,1.9,0.231,5.1,10,0.514,0.488,2.7,3,0.905,1,1.6,2.6,1.7,0.3,0.1,2.7,1.6,14.3
384,Terrence Ross,SG,26,ORL,22,20,26.2,3.3,8,0.407,1.3,3.9,0.329,2,4.2,0.478,0.486,1.2,1.6,0.743,0.5,2.7,3.2,1.6,1.2,0.5,1.1,2,9
385,Terry Rozier,PG,23,BOS,43,0,23,3.4,8.5,0.399,1.6,4.3,0.372,1.8,4.3,0.426,0.492,1,1.2,0.788,0.7,3.8,4.4,2,1,0.1,0.8,1.4,9.3
386,Ricky Rubio,PG,27,UTA,39,39,28.8,3.9,9.9,0.392,1,3.6,0.286,2.9,6.4,0.452,0.443,2.5,2.8,0.883,0.4,3.6,4,4.9,1.6,0.1,2.9,2.5,11.3
387,D'Angelo Russell,PG,21,BRK,12,12,27.8,7.9,17.1,0.463,1.5,5.1,0.295,6.4,12,0.535,0.507,3.6,5.3,0.683,0.8,3.9,4.7,5.7,1,0.2,4,2.5,20.9
388,Domantas Sabonis,C,21,IND,38,8,24.4,4.9,9,0.544,0.2,0.5,0.389,4.7,8.5,0.552,0.554,2.4,3.3,0.73,2.5,5.5,8,2.1,0.4,0.5,2,2.8,12.4
389,JaKarr Sampson,SF,24,SAC,6,2,17,2.2,3.7,0.591,0.3,0.5,0.667,1.8,3.2,0.579,0.636,0.3,0.3,1,1.3,3.7,5,0.3,0.3,0.7,0.3,2.8,5
390,Dario Saric,PF,23,PHI,37,32,30.3,5,11.4,0.439,1.8,4.9,0.372,3.2,6.4,0.492,0.52,1.8,2.1,0.855,2.2,4.7,6.9,2.6,0.6,0.3,1.9,2.1,13.6
391,Tomas Satoransky,SG,26,WAS,31,0,16.8,1.9,3.9,0.496,0.5,1.2,0.417,1.5,2.7,0.529,0.558,0.7,1.3,0.59,0.8,1.6,2.4,2.5,0.4,0.1,0.5,1.3,5.1
392,Dennis Schroder,PG,24,ATL,37,37,32,7.8,17.5,0.442,1.1,3.7,0.285,6.7,13.8,0.484,0.472,3.2,3.7,0.868,0.8,2.2,3,6.5,1.1,0.1,2.6,2.1,19.8
393,Mike Scott,PF,29,WAS,36,1,19,4,6.9,0.578,1,2.4,0.43,3,4.5,0.656,0.653,0.6,0.9,0.71,0.7,2.7,3.4,0.8,0.4,0.2,1.2,2.2,9.6
394,Thabo Sefolosha,SF,33,UTA,36,5,21.7,3.2,6.5,0.487,0.9,2.3,0.373,2.3,4.2,0.55,0.553,1.2,1.5,0.815,0.8,3.6,4.4,0.9,1.4,0.3,0.8,1.6,8.4
395,Wayne Selden,SG,23,MEM,5,1,13.2,2.2,5.2,0.423,1,2.6,0.385,1.2,2.6,0.462,0.519,1.4,2,0.7,0.4,1.2,1.6,1.6,0.4,0,1,0.6,6.8
396,Ramon Sessions,PG,31,NYK,13,3,12.8,1.3,4.1,0.321,0.2,0.8,0.182,1.2,3.2,0.357,0.34,0.9,1.2,0.8,0.1,1.3,1.4,2.1,0.5,0.1,1.2,1.1,3.7
397,Iman Shumpert,SG,27,CLE,13,6,20.8,1.7,4.4,0.386,0.5,1.9,0.28,1.2,2.5,0.469,0.447,0.8,1.2,0.733,0.5,2.5,3.1,1.3,0.7,0.4,1.3,1.5,4.8
398,Pascal Siakam,PF,23,TOR,38,4,19.7,2.7,5.9,0.451,0.3,2,0.147,2.4,3.9,0.604,0.475,0.5,0.9,0.571,1.1,3.4,4.5,1.7,0.9,0.6,0.8,1.9,6.1
399,Ben Simmons,PG,21,PHI,37,37,35.5,7.1,13.9,0.51,0,0.3,0,7.1,13.6,0.52,0.51,2.8,5,0.557,1.9,6.5,8.4,7.5,1.9,0.9,4,2.9,16.9
400,Jonathon Simmons,SG,28,ORL,40,21,28.7,5.3,11.7,0.455,0.9,3,0.311,4.4,8.7,0.504,0.495,2.5,3.4,0.739,1,2.9,3.8,2.3,0.8,0.2,2.2,2.6,14
401,Kobi Simmons,PG,20,MEM,11,0,14.7,1.5,3.5,0.41,0.3,1,0.273,1.2,2.5,0.464,0.449,0.5,0.5,1,0.3,1.4,1.6,1,0.5,0.3,0.7,1.5,3.6
402,Kyle Singler,SF,29,OKC,7,0,6,0.9,2.3,0.375,0.3,0.7,0.4,0.6,1.6,0.364,0.438,0.3,1,0.286,0,0.9,0.9,0,0.1,0,0.3,0.4,2.3
403,Marcus Smart,SG,23,BOS,41,9,30.5,3.4,9.8,0.347,1.3,4.5,0.29,2.1,5.3,0.396,0.414,1.8,2.5,0.713,0.9,2.8,3.7,4.8,1.3,0.5,2.4,2.6,9.9
404,Dennis Smith,PG,20,DAL,34,34,27.8,5.5,13.8,0.397,1.6,4.6,0.34,3.9,9.2,0.425,0.453,1.5,2.2,0.658,0.8,3.3,4.1,4.5,0.9,0.2,2.7,2.1,14
405,Ish Smith,PG,29,DET,39,6,21.6,4.3,9.3,0.466,0.1,0.6,0.182,4.2,8.7,0.484,0.471,0.9,1.3,0.74,0.4,2.2,2.6,3.9,0.5,0.2,1.2,1.5,9.7
406,J.R. Smith,SG,32,CLE,39,36,29.8,2.7,7.1,0.381,1.8,5.1,0.355,0.9,2.1,0.444,0.507,0.5,0.7,0.69,0.4,2.5,3,2,1,0.1,1,2.2,7.7
407,Jason Smith,C,31,WAS,16,2,9.8,1.2,3.9,0.306,0.1,1.2,0.053,1.1,2.7,0.419,0.315,0.6,0.6,1,0.8,1.1,1.9,0.2,0.1,0.4,0.6,1.8,3
408,Josh Smith,PF,32,NOP,3,0,4,0.3,1.3,0.25,0,0,,0.3,1.3,0.25,0.25,0,0,,1,0.3,1.3,0,0,0,0,1,0.7
409,Tony Snell,SG,26,MIL,34,29,30.3,2.9,6.2,0.462,1.5,3.8,0.398,1.4,2.5,0.56,0.583,0.8,1.1,0.75,0.1,2.1,2.2,1.4,0.7,0.4,0.6,1.6,8.1
410,Marreese Speights,C,30,ORL,32,1,13,2.5,6.8,0.37,1.5,4.4,0.348,1,2.3,0.413,0.484,0.7,1.1,0.676,0.5,2.2,2.7,0.7,0.2,0.3,0.6,2,7.3
411,Nik Stauskas,SG,24,TOT,18,0,12.5,1.6,3.7,0.433,1.2,2.5,0.489,0.4,1.2,0.318,0.597,0.6,0.8,0.733,0.2,1.6,1.7,0.8,0.3,0.1,0.8,0.5,5.1
411,Nik Stauskas,SG,24,PHI,6,0,7.5,0.2,0.7,0.25,0,0.2,0,0.2,0.5,0.333,0.25,0.3,0.3,1,0,0.2,0.2,0.2,0.7,0,0.7,0.5,0.7
411,Nik Stauskas,SG,24,BRK,12,0,15,2.3,5.3,0.444,1.8,3.7,0.5,0.5,1.6,0.316,0.619,0.8,1.1,0.692,0.3,2.3,2.5,1.1,0.1,0.1,0.9,0.5,7.3
412,Lance Stephenson,SG,27,IND,40,5,23.6,3.5,8.1,0.433,0.7,2.4,0.305,2.8,5.7,0.487,0.478,1,1.5,0.672,0.9,4.6,5.5,2.9,0.6,0.2,1.7,2.2,8.7
413,Julyan Stone,SG,29,CHO,6,0,5,0.3,0.7,0.5,0.3,0.7,0.5,0,0,,0.75,0,0,,0,1.3,1.3,1.2,0.3,0.2,0.7,1,1
414,Caleb Swanigan,PF,20,POR,15,3,8.9,1,2.8,0.357,0.1,0.3,0.2,0.9,2.5,0.378,0.369,0.5,0.9,0.615,0.8,1.6,2.4,0.6,0.3,0.2,0.7,1.6,2.6
415,Jayson Tatum,SF,19,BOS,43,43,31.1,4.7,9.4,0.498,1.4,3,0.462,3.3,6.4,0.514,0.571,3.1,3.7,0.826,0.8,4.7,5.5,1.3,1,0.9,1.3,2.1,13.9
416,Isaiah Taylor,PG,23,ATL,32,0,15.3,1.8,4.5,0.396,0.3,1,0.258,1.5,3.5,0.434,0.424,1,1.6,0.66,0.3,1.1,1.5,2.3,0.5,0.3,1,1.4,4.8
417,Jeff Teague,PG,29,MIN,31,31,34.2,4.9,11,0.447,1.4,3.6,0.375,3.6,7.4,0.483,0.509,2.1,2.6,0.825,0.4,2.7,3.1,7.3,1.5,0.4,3,2.6,13.4
418,Mirza Teletovic,PF,32,MIL,10,0,15.9,2.5,5.7,0.439,2.1,4.5,0.467,0.4,1.2,0.333,0.623,0,0,,0.3,2,2.3,1,0.4,0.1,0.7,1.4,7.1
419,Garrett Temple,SG,31,SAC,39,30,25.2,2.9,7.5,0.384,1.4,3.7,0.368,1.5,3.8,0.4,0.474,0.8,1.1,0.721,0.4,2.2,2.5,1.7,0.9,0.6,1.2,2.1,7.9
420,Milos Teodosic,PG,30,LAC,13,13,24.4,2.9,8.5,0.345,1.7,5.5,0.306,1.2,2.9,0.421,0.445,0.8,1.1,0.786,0.7,2.5,3.2,5.2,0.4,0.2,2.2,2.3,8.4
421,Jason Terry,SG,40,MIL,15,0,9.7,0.5,1.7,0.32,0.1,1,0.133,0.4,0.7,0.6,0.36,0.1,0.1,1,0,0.8,0.8,0.5,0.6,0.3,0.3,0.9,1.3
422,Daniel Theis,C,25,BOS,41,2,13.2,1.8,3.5,0.51,0.2,0.8,0.242,1.6,2.7,0.591,0.538,1,1.2,0.784,1.3,2.9,4.2,0.6,0.4,0.7,1,2.3,4.7
423,Isaiah Thomas,PG,28,CLE,3,2,19.7,5.3,12,0.444,2,5.7,0.353,3.3,6.3,0.526,0.528,2.3,3.7,0.636,0.7,0.3,1,3.3,0,0,3.3,2.3,15
424,Lance Thomas,PF,29,NYK,37,16,19.1,1.5,3.9,0.385,0.6,1.5,0.368,0.9,2.3,0.395,0.458,0.8,1,0.811,0.8,1.9,2.7,0.5,0.4,0.1,0.6,1.8,4.4
425,Klay Thompson,SG,27,GSW,41,41,34,8.1,16.7,0.483,3.4,7.5,0.453,4.7,9.2,0.507,0.585,1.1,1.3,0.885,0.5,3.5,4,2.6,0.7,0.6,1.7,1.6,20.7
426,Tristan Thompson,C,26,CLE,20,5,18.8,2.1,3.5,0.609,0,0,,2.1,3.5,0.609,0.609,1,1.7,0.559,1.8,3.8,5.6,0.5,0.3,0.4,0.6,1.9,5.2
427,Sindarius Thornwell,SG,23,LAC,38,8,14.1,1.3,3,0.425,0.3,1,0.351,0.9,2,0.461,0.482,0.6,0.9,0.647,0.3,1.3,1.6,0.7,0.6,0.4,0.7,1.8,3.4
428,Anthony Tolliver,PF,32,DET,36,4,19.8,2.1,5.1,0.4,1.5,4.1,0.362,0.6,1,0.556,0.546,1,1.4,0.755,0.6,2,2.7,1,0.4,0.3,0.9,1.8,6.6
429,Karl-Anthony Towns,C,22,MIN,42,42,35.7,7.5,14,0.537,1.5,3.7,0.404,6,10.3,0.585,0.591,3.6,4.3,0.835,2.7,9.2,11.9,2.1,0.9,1.5,2.1,3.5,20.2
430,P.J. Tucker,SF,32,HOU,39,4,26.9,1.8,4.7,0.38,1.1,3.3,0.336,0.7,1.4,0.482,0.497,0.7,0.9,0.784,1.2,4.7,5.9,0.9,1,0.3,0.9,2.7,5.4
431,Evan Turner,SF,29,POR,40,17,26.7,3.4,7.6,0.45,0.4,1.5,0.288,3,6.1,0.49,0.478,1.2,1.4,0.842,0.4,3.3,3.6,2.4,0.7,0.4,1.6,2.1,8.4
432,Myles Turner,C,21,IND,33,32,29.2,5.2,10.7,0.49,0.8,2.5,0.333,4.4,8.2,0.539,0.53,2.6,3.5,0.746,1.2,5.3,6.5,1.6,0.5,2.2,1.7,2.7,13.9
433,Ekpe Udoh,C,30,UTA,37,2,15.8,1,2.1,0.487,0,0,,1,2.1,0.487,0.487,0.8,1,0.757,1.2,1.4,2.6,1.1,0.7,1.2,0.4,2.1,2.8
434,Tyler Ulis,PG,22,PHO,41,29,23.8,2.8,7.5,0.378,0.5,1.8,0.274,2.3,5.7,0.41,0.41,1.3,1.6,0.815,0.3,1.5,1.9,4.1,1,0.1,1.9,1.7,7.4
435,Jonas Valanciunas,C,25,TOR,35,35,20.9,4.3,7.8,0.551,0.2,0.5,0.353,4.1,7.3,0.565,0.563,2.3,2.8,0.845,2.1,5.6,7.7,0.6,0.3,0.7,1.3,2.6,11.1
436,Denzel Valentine,SG,24,CHI,41,30,28.5,3.7,8.9,0.416,1.9,4.7,0.398,1.8,4.2,0.436,0.521,0.4,0.5,0.789,0.7,4.6,5.3,3,0.8,0.1,1.1,2.2,9.6
437,Fred VanVleet,PG,23,TOR,39,0,17.9,2.4,6,0.391,0.9,2.5,0.343,1.5,3.5,0.426,0.464,0.8,0.9,0.811,0.3,1.8,2,2.8,0.8,0.2,0.9,1.6,6.4
438,Rashad Vaughn,SG,21,MIL,16,0,10.1,1.3,3,0.417,0.8,2.1,0.364,0.5,0.9,0.533,0.542,0.3,0.4,0.667,0.1,0.9,0.9,0.8,0.3,0.2,0.1,0.8,3.5
439,Noah Vonleh,PF,22,POR,27,12,16.4,1.6,3.2,0.512,0,0,,1.6,3.2,0.512,0.512,0.8,1,0.778,1.3,4.5,5.8,0.4,0.2,0.4,0.5,1.5,4
440,Nikola Vucevic,C,27,ORL,34,34,29.9,7.3,14.9,0.491,1.4,4.1,0.343,5.9,10.7,0.548,0.539,1.4,1.6,0.821,1.8,7.5,9.3,3.3,1,1.1,1.9,2.4,17.4
441,Dwyane Wade,SG,36,CLE,37,3,23.6,4.3,9.6,0.449,0.5,1.5,0.339,3.8,8.1,0.47,0.476,2.1,3,0.709,0.8,3.1,3.9,3.8,1,0.7,1.9,1.8,11.3
442,Dion Waiters,SG,26,MIA,30,30,30.6,5.4,13.7,0.398,1.7,5.7,0.306,3.7,8,0.463,0.461,1.7,2.3,0.739,0.3,2.3,2.6,3.8,0.8,0.3,2.3,2,14.3
443,Kemba Walker,PG,27,CHO,36,36,34.6,7.2,17,0.421,2.4,7.1,0.343,4.8,10,0.476,0.492,4.6,5.4,0.841,0.4,2.9,3.4,5.8,1.3,0.3,2,1.3,21.3
444,John Wall,PG,27,WAS,29,29,33.7,6.4,15.6,0.414,1.3,3.9,0.342,5.1,11.7,0.438,0.457,4.4,6.2,0.707,0.6,3.1,3.7,9,1.3,1.1,3.2,2,18.7
445,Tyrone Wallace,PG,23,LAC,2,0,25.5,3.5,9.5,0.368,0.5,1,0.5,3,8.5,0.353,0.395,4.5,5.5,0.818,0,2.5,2.5,1.5,1.5,1,1,2.5,12
446,Taurean Waller-Prince,SF,23,ATL,40,40,31.1,4.9,11.2,0.437,1.9,4.5,0.413,3,6.7,0.453,0.52,1.4,1.8,0.792,0.8,4.8,5.6,2.5,0.9,0.7,2.1,2.1,13
447,Derrick Walton,PG,22,MIA,12,0,8.8,0.5,1.5,0.333,0.4,0.9,0.455,0.1,0.6,0.143,0.472,0.3,0.3,1,0,0.7,0.7,1.1,0.3,0.3,0.2,0.4,1.8
448,T.J. Warren,SF,24,PHO,41,41,32,8,16.4,0.49,0.3,1.5,0.177,7.8,14.9,0.521,0.498,3.3,4.3,0.777,2,3.6,5.6,1.4,0.9,0.6,1.5,2.2,19.6
449,Briante Weber,PG,25,HOU,12,0,9.3,0.7,1.7,0.4,0.3,0.7,0.5,0.3,1,0.333,0.5,0.3,0.3,1,0.3,1.1,1.3,1,0.7,0.3,0.6,1.3,2
450,David West,C,37,GSW,39,0,13.1,3.1,4.9,0.639,0.1,0.2,0.429,3.1,4.7,0.647,0.647,0.7,1,0.692,0.9,2.5,3.5,1.8,0.7,1,0.9,1.7,7
451,Russell Westbrook,PG,29,OKC,41,41,36.1,9.1,21.2,0.432,1.5,4.7,0.314,7.7,16.5,0.465,0.467,5,7.1,0.71,1.8,7.8,9.6,10.1,2,0.2,4.5,2.4,24.8
452,Derrick White,PG,23,SAS,10,0,6.4,0.4,0.9,0.444,0,0.1,0,0.4,0.8,0.5,0.444,0.5,0.8,0.625,0.4,1,1.4,0.5,0.3,0.2,0.4,0.6,1.3
453,Okaro White,PF,25,MIA,6,4,13.3,1.2,2.7,0.438,0.7,1.8,0.364,0.5,0.8,0.6,0.563,0.3,0.5,0.667,0.5,1.3,1.8,0.3,0.2,0.2,0.2,1,3.3
454,Isaiah Whitehead,PG,22,BRK,10,0,14.2,3,6.3,0.476,0.5,1.2,0.417,2.5,5.1,0.49,0.516,1.1,1.7,0.647,0.3,1.7,2,1.8,0.7,0.2,2.2,1.6,7.6
455,Hassan Whiteside,C,28,MIA,22,22,25.7,5.8,10.7,0.542,0.1,0.1,1,5.7,10.6,0.538,0.547,2.2,3.1,0.706,3.1,8.5,11.6,0.6,0.8,1.5,1.4,2,13.9
456,Andrew Wiggins,SF,22,MIN,42,42,36.2,6.7,15.7,0.429,1.4,4.4,0.328,5.3,11.3,0.468,0.475,2.8,4.5,0.63,1.1,3,4.1,1.7,1.2,0.6,1.5,1.9,17.7
457,Jacob Wiley,PF,23,BRK,5,0,6.6,0.2,0.8,0.25,0.2,0.4,0.5,0,0.4,0,0.375,0.2,0.4,0.5,0.4,1.8,2.2,0.4,0.2,0,0,0.8,0.8
458,Damien Wilkins,SF,38,IND,19,1,8,0.7,2.1,0.333,0.2,0.9,0.222,0.5,1.1,0.429,0.385,0.2,0.2,0.75,0.3,0.6,0.8,0.5,0.1,0.1,0.3,0.4,1.7
459,C.J. Williams,SG,27,LAC,27,12,19.4,2.3,5,0.456,0.7,2.1,0.339,1.6,3,0.538,0.526,0.4,0.5,0.786,0.3,1.1,1.5,0.9,0.8,0.4,0.6,1.8,5.7
460,Lou Williams,PG,31,LAC,38,8,31.4,7,15.8,0.444,2.8,6.8,0.407,4.3,9.1,0.471,0.531,5.4,5.9,0.903,0.5,2.1,2.6,4.9,0.8,0.2,2.9,1.4,22.2
461,Marvin Williams,PF,31,CHO,38,38,25.7,3.2,6.8,0.465,1.5,3.5,0.429,1.7,3.3,0.504,0.575,1.3,1.5,0.877,1,3.5,4.6,1,0.7,0.4,0.7,1.4,9.2
462,Matt Williams,SG,24,MIA,3,0,3.7,0.7,2,0.333,0.3,1.7,0.2,0.3,0.3,1,0.417,0,0,,0,0.3,0.3,0,0,0,0.3,0.3,1.7
463,Troy Williams,SF,23,HOU,4,0,4.3,0.5,2.3,0.222,0,1.3,0,0.5,1,0.5,0.222,0.3,0.8,0.333,0.3,0.8,1,0.3,0.3,0,0.3,0.5,1.3
464,D.J. Wilson,PF,21,MIL,12,0,3.8,0.3,0.8,0.444,0,0.3,0,0.3,0.5,0.667,0.444,0,0,,0,0.5,0.5,0.2,0,0,0.2,0.4,0.7
465,Jamil Wilson,SF,27,LAC,15,10,18.3,2.5,5.4,0.469,1.8,4.2,0.429,0.7,1.2,0.611,0.636,0.1,0.3,0.5,0.2,1.9,2.1,0.7,0.3,0.5,0.5,2.3,7
466,Justise Winslow,SF,21,MIA,27,15,22.6,2.7,6.3,0.426,0.6,1.5,0.39,2.1,4.7,0.438,0.473,0.6,1,0.654,1,4.4,5.4,1.9,0.7,0.4,1,1.7,6.6
467,Jeff Withey,C,27,DAL,10,0,3.9,0.6,1.6,0.375,0.2,1,0.2,0.4,0.6,0.667,0.438,0.1,0.2,0.5,0.1,0.9,1,0,0,0.3,0.2,0.3,1.5
468,Nate Wolters,PG,26,UTA,5,0,3.8,0.2,1.2,0.167,0,0,,0.2,1.2,0.167,0.167,0,0,,0.2,0.2,0.4,0.2,0,0,0,0.2,0.4
469,Brandan Wright,PF,30,MEM,23,1,13.7,2,3.6,0.566,0,0,,2,3.6,0.566,0.566,0.8,1.2,0.667,1.2,2.3,3.5,0.4,0.5,1,0.3,1.1,4.9
470,Delon Wright,PG,25,TOR,27,1,21.5,3.2,6.3,0.512,0.7,2.1,0.357,2.5,4.2,0.588,0.571,1.8,2,0.906,0.7,2.3,3,2.5,1.2,0.6,1.4,1.3,9
471,Guerschon Yabusele,PF,22,BOS,17,0,4.9,0.6,1.5,0.423,0.4,1,0.412,0.2,0.5,0.444,0.558,0.1,0.1,1,0.6,0.9,1.5,0.3,0,0.1,0.3,0.7,1.8
472,Joe Young,PG,25,IND,24,0,9,1.5,3.3,0.474,0.4,1.2,0.357,1.1,2.1,0.54,0.538,0.7,0.8,0.8,0.2,0.8,1,0.7,0.1,0,0.4,0.5,4.2
473,Nick Young,SG,32,GSW,39,0,14.4,2.4,5.5,0.444,1.5,3.7,0.393,1,1.8,0.551,0.577,0.5,0.7,0.714,0.2,1.2,1.4,0.4,0.4,0.1,0.5,1.1,6.8
474,Thaddeus Young,PF,29,IND,40,40,32.3,5.2,10.7,0.48,0.9,2.6,0.34,4.3,8.2,0.525,0.521,0.5,0.9,0.6,1.9,3.9,5.8,2,1.6,0.4,1.3,2.3,11.7
475,Cody Zeller,C,25,CHO,19,0,19.9,2.5,5,0.495,0.1,0.1,1,2.4,4.9,0.489,0.5,2.2,3.1,0.724,2.4,3.1,5.5,0.8,0.5,1.1,1.1,2.7,7.2
476,Tyler Zeller,C,28,BRK,32,24,18.1,3.3,5.9,0.553,0.3,0.6,0.4,3,5.3,0.571,0.574,1.2,1.7,0.673,1.6,3.3,4.9,0.8,0.2,0.5,1,1.8,7.9
477,Paul Zipser,SF,23,CHI,38,7,15.3,1.4,4.2,0.342,0.5,1.7,0.308,0.9,2.5,0.365,0.404,0.3,0.4,0.625,0.2,2.3,2.6,0.8,0.4,0.2,0.9,1.5,3.7
478,Ante Zizic,C,21,CLE,11,1,3.5,0.4,1,0.364,0,0,,0.4,1,0.364,0.364,0.5,0.6,0.714,0.5,0.7,1.2,0.1,0,0.3,0.2,0.4,1.2
479,Ivica Zubac,C,20,LAL,11,0,3.4,0.5,1,0.455,0,0,,0.5,1,0.455,0.455,0,0,,0.3,0.5,0.8,0.1,0,0,0.4,0.5,0.9