Rk,Player,Pos,Age,Tm,G,GS,MP,FG,FGA,FG%,3P,3PA,3P%,2P,2PA,2P%,FT,FTA,FT%,ORB,DRB,TRB,AST,STL,BLK,TOV,PF,PTS,,ORtg,DRtg
1,Jeff Adrien\adrieje01,PF,25,HOU,8,0,63,5.8,13.3,.438,0.0,0.0,,5.8,13.3,.438,5.8,10.0,.583,4.2,14.1,18.3,0.8,0.0,1.7,1.7,10.8,17.5,,106,103
2,Arron Afflalo\afflaar01,SG,26,DEN,62,62,2086,8.0,17.1,.471,2.1,5.4,.398,5.9,11.7,.504,4.8,6.0,.798,1.0,3.8,4.8,3.6,0.9,0.3,2.1,3.3,23.0,,116,111
3,Blake Ahearn\ahearbl01,PG,27,UTA,4,0,30,7.0,24.5,.286,3.5,15.7,.222,3.5,8.7,.400,0.0,0.0,,0.0,3.5,3.5,1.7,0.0,0.0,8.7,7.0,17.5,,57,113
4,Solomon Alabi\alabiso01,C,23,TOR,14,0,122,5.7,15.9,.361,0.0,0.0,,5.7,15.9,.361,3.1,3.5,.875,6.6,14.1,20.7,1.3,0.9,4.0,2.2,4.8,14.5,,95,98
5,Cole Aldrich\aldrico01,C,23,OKC,26,0,173,6.6,12.5,.524,0.0,0.0,,6.6,12.5,.524,3.9,4.2,.929,3.9,10.4,14.3,0.9,2.4,4.8,2.7,6.6,17.0,,113,96
6,LaMarcus Aldridge\aldrila01,PF,26,POR,55,55,1994,12.7,24.9,.512,0.1,0.3,.182,12.7,24.6,.516,5.9,7.2,.814,4.0,7.7,11.7,3.5,1.3,1.2,2.9,4.0,31.4,,113,106
7,Lavoy Allen\allenla01,PF,22,PHI,41,15,624,6.8,14.3,.473,0.0,0.0,,6.8,14.3,.473,0.9,1.2,.786,4.0,10.6,14.7,2.9,1.1,1.5,1.7,6.3,14.5,,104,98
8,Ray Allen\allenra02,SG,36,BOS,46,42,1565,7.7,16.7,.458,3.6,7.9,.453,4.1,8.8,.463,3.3,3.6,.915,0.5,4.3,4.8,3.7,1.7,0.3,2.3,2.8,22.2,,111,101
9,Tony Allen\allento01,SG,30,MEM,58,57,1525,7.3,15.5,.469,0.3,0.9,.308,7.0,14.6,.479,4.9,6.1,.800,3.4,4.7,8.1,2.7,3.6,1.1,3.3,4.9,19.7,,106,100
10,Morris Almond\almonmo01,SG,26,WAS,4,0,67,4.6,13.2,.353,0.8,2.3,.333,3.9,10.8,.357,0.8,2.3,.333,0.8,5.4,6.2,1.5,5.4,0.0,0.8,4.6,10.8,,85,101
11,Al-Farouq Aminu\aminual01,SF,21,NOH,66,21,1477,5.5,13.4,.411,0.5,1.7,.277,5.0,11.7,.431,3.2,4.2,.754,3.5,7.8,11.3,2.4,2.2,1.3,3.3,5.0,14.7,,93,103
12,Lou Amundson\amundlo01,PF,29,IND,60,0,753,6.3,14.5,.430,0.0,0.0,,6.3,14.5,.430,2.5,5.8,.427,6.6,9.0,15.6,1.0,1.9,3.1,3.2,8.8,15.0,,92,99
13,Chris Andersen\anderch01,C,33,DEN,32,1,486,6.2,11.3,.546,0.0,0.0,,6.2,11.3,.546,5.2,8.6,.610,5.0,10.5,15.5,0.6,2.0,4.8,1.8,5.5,17.6,,119,99
14,Alan Anderson\anderal01,SF,29,TOR,17,12,461,6.4,16.6,.387,2.8,7.1,.393,3.6,9.4,.383,3.4,4.0,.853,0.9,3.0,4.0,3.0,0.6,0.3,2.9,4.1,19.0,,99,110
15,James Anderson\anderja01,SG,22,SAS,51,2,603,5.7,14.9,.379,1.6,5.8,.279,4.0,9.1,.443,3.3,4.5,.750,1.4,5.4,6.8,3.5,0.7,0.2,2.6,3.0,16.3,,97,107
16,Ryan Anderson\anderry01,PF,23,ORL,61,61,1964,9.1,20.8,.439,4.6,11.6,.393,4.6,9.2,.496,4.1,4.7,.877,6.1,6.8,12.9,1.5,1.4,0.7,1.6,4.0,26.9,,124,105
17,Carmelo Anthony\anthoca01,SF,27,NYK,55,55,1876,12.1,28.2,.430,1.9,5.6,.335,10.2,22.6,.454,8.1,10.1,.804,2.4,7.0,9.4,5.5,1.7,0.7,4.0,4.3,34.2,,106,102
18,Joel Anthony\anthojo01,C,29,MIA,64,51,1349,3.3,5.9,.559,0.0,0.0,,3.3,5.9,.559,1.9,2.8,.690,3.9,5.9,9.8,0.4,1.4,3.3,1.8,4.9,8.5,,113,100
19,Gilbert Arenas\arenagi01,PG,30,MEM,17,0,211,6.5,16.0,.406,3.3,9.8,.333,3.3,6.3,.520,1.8,2.5,.700,0.5,4.0,4.5,4.5,2.8,0.3,3.0,8.8,18.0,,102,103
20,Trevor Ariza\arizatr01,SF,26,NOH,41,41,1350,6.8,16.2,.417,1.2,3.5,.333,5.6,12.7,.440,3.2,4.1,.775,1.7,7.0,8.7,5.4,2.8,1.0,3.1,2.9,17.9,,100,103
21,Omer Asik\asikom01,C,25,CHI,66,2,971,4.4,8.7,.506,0.0,0.0,,4.4,8.7,.506,2.6,5.7,.456,7.0,12.4,19.4,1.8,1.7,3.8,3.8,6.7,11.4,,97,92
22,D.J. Augustin\augusdj01,PG,24,CHA,48,46,1408,6.8,18.2,.376,2.3,6.7,.341,4.6,11.5,.396,3.9,4.5,.875,0.9,3.2,4.1,11.5,1.3,0.0,4.1,2.4,19.9,,100,114
23,Gustavo Ayon\ayongu01,PF,26,NOH,54,24,1088,7.0,13.0,.536,0.0,0.0,.000,7.0,13.0,.538,1.9,3.1,.619,4.3,8.9,13.2,3.7,2.6,2.3,2.3,5.9,15.9,,111,100
24,Jeff Ayres\pendeje02,C,24,IND,20,1,106,7.5,18.0,.417,0.0,0.0,,7.5,18.0,.417,2.0,3.5,.571,6.0,10.5,16.5,2.0,1.5,1.0,1.0,8.0,17.0,,105,101
25,Kelenna Azubuike\azubuke01,SG,28,DAL,3,0,18,8.7,23.3,.375,2.9,8.7,.333,5.8,14.6,.400,0.0,0.0,,0.0,0.0,0.0,0.0,2.9,0.0,11.7,2.9,20.4,,54,106
26,Luke Babbitt\babbilu01,SF,22,POR,40,4,537,7.0,17.0,.410,4.2,9.8,.430,2.7,7.2,.384,1.7,2.0,.850,1.6,7.7,9.3,1.6,1.0,0.4,2.6,4.5,19.8,,103,108
27,Renaldo Balkman\balkmre01,SF,27,NYK,14,0,115,7.2,14.3,.500,0.9,4.0,.222,6.3,10.3,.609,3.6,4.9,.727,2.7,9.0,11.6,2.2,1.8,1.3,2.7,6.3,18.8,,109,99
28,Leandro Barbosa\barbole01,SG,29,TOT,64,0,1382,10.5,24.7,.425,2.5,6.6,.382,8.0,18.1,.441,3.9,4.8,.815,1.3,3.7,5.0,3.7,2.2,0.3,3.6,5.2,27.4,,99,106
28,Leandro Barbosa\barbole01,SG,29,TOR,42,0,946,11.3,25.8,.436,2.3,6.3,.360,9.0,19.5,.461,4.3,5.2,.835,1.2,3.3,4.5,3.6,2.0,0.4,3.9,5.7,29.1,,98,106
28,Leandro Barbosa\barbole01,SG,29,IND,22,0,436,8.9,22.2,.399,3.0,7.2,.424,5.8,15.0,.387,3.0,4.0,.758,1.5,4.5,5.9,4.0,2.4,0.0,3.2,4.1,23.8,,100,105
29,J.J. Barea\bareajo01,PG,27,MIN,41,11,1032,8.3,20.8,.400,2.6,7.1,.371,5.7,13.7,.415,3.8,4.9,.776,0.7,5.0,5.7,11.6,1.0,0.0,5.1,3.0,23.1,,101,110
30,Andrea Bargnani\bargnan01,C,26,TOR,31,31,1032,10.9,25.2,.432,1.8,6.0,.296,9.1,19.2,.474,7.9,9.0,.873,1.3,7.7,9.0,3.2,0.9,0.8,3.6,2.7,31.4,,104,106
31,Matt Barnes\barnema02,SF,31,LAL,63,16,1440,6.4,14.2,.452,1.7,5.1,.333,4.7,9.2,.518,3.5,4.7,.742,3.6,9.1,12.7,4.6,1.3,1.8,2.7,5.6,18.1,,112,103
32,Earl Barron\barroea01,C,30,GSW,2,0,9,11.6,23.1,.500,0.0,0.0,,11.6,23.1,.500,0.0,0.0,,5.8,0.0,5.8,0.0,0.0,0.0,0.0,28.9,23.1,,110,117
33,Brandon Bass\bassbr01,PF,26,BOS,59,39,1868,8.6,18.0,.479,0.0,0.0,,8.6,18.0,.479,3.8,4.6,.810,2.7,7.7,10.4,1.6,1.0,1.5,1.8,3.8,21.0,,103,99
34,Tony Battie\battito01,C,35,PHI,27,11,295,3.4,9.3,.373,0.0,0.2,.000,3.4,9.1,.380,0.7,0.7,1.000,1.5,10.7,12.2,2.9,0.7,1.1,0.7,4.7,7.6,,94,99
35,Shane Battier\battish01,SF,33,MIA,65,10,1499,4.0,10.3,.387,2.2,6.4,.339,1.8,3.8,.468,0.8,1.3,.622,2.0,3.5,5.5,2.9,2.2,1.2,1.3,3.7,10.9,,108,102
36,Nicolas Batum\batumni01,SF,23,POR,59,34,1791,8.5,18.8,.451,3.1,8.1,.391,5.3,10.8,.496,3.9,4.7,.836,2.4,5.6,8.0,2.5,1.7,1.8,2.6,3.1,24.0,,112,107
37,Jerryd Bayless\bayleje01,PG,23,TOR,31,11,705,8.9,21.1,.424,3.4,7.9,.423,5.6,13.1,.424,5.7,6.7,.852,0.6,4.4,5.0,9.0,1.8,0.3,4.0,5.3,26.9,,110,106
38,Michael Beasley\beaslmi01,SF,23,MIN,47,7,1087,10.5,23.5,.445,1.8,4.8,.376,8.7,18.7,.462,2.9,4.5,.642,1.8,8.0,9.8,2.1,0.9,0.9,3.8,3.9,25.6,,95,107
39,Rodrigue Beaubois\beaubro01,PG,23,DAL,53,12,1151,8.6,20.3,.422,1.7,6.0,.288,6.8,14.3,.479,2.6,3.1,.841,0.9,6.0,6.9,6.9,2.6,1.3,3.2,4.5,21.5,,100,101
40,Marco Belinelli\belinma01,SG,25,NOH,66,55,1966,7.9,19.0,.417,3.0,7.9,.377,4.9,11.1,.445,2.8,3.6,.783,0.5,4.2,4.8,2.8,1.3,0.1,1.9,3.2,21.6,,105,109
41,Raja Bell\bellra01,SG,35,UTA,34,33,796,5.3,11.5,.466,2.2,5.7,.391,3.1,5.7,.540,1.4,1.6,.840,0.4,2.8,3.2,2.5,0.9,0.1,1.4,5.1,14.3,,115,112
42,Keith Benson\bensoke02,C,23,GSW,3,0,9,0.0,5.8,.000,0.0,0.0,,0.0,5.8,.000,0.0,0.0,,11.6,5.8,17.3,0.0,0.0,0.0,0.0,0.0,0.0,,98,115
43,Mike Bibby\bibbymi01,PG,33,NYK,39,4,557,3.2,11.5,.282,2.5,7.9,.318,0.7,3.6,.205,0.6,0.7,.750,0.5,5.0,5.5,7.4,1.9,0.3,1.8,4.2,9.5,,97,103
44,Andris Biedrins\biedran01,C,25,GSW,47,35,739,2.7,4.5,.609,0.0,0.0,,2.7,4.5,.609,0.1,0.6,.111,3.2,9.2,12.4,1.1,1.6,3.2,1.0,8.8,5.6,,118,105
45,Chauncey Billups\billuch01,SG,35,LAC,20,20,607,7.4,20.2,.364,4.3,11.1,.384,3.1,9.1,.340,7.5,8.4,.895,0.4,4.1,4.4,7.1,0.8,0.3,3.4,3.5,26.5,,114,111
46,Bismack Biyombo\biyombi01,C,19,CHA,63,41,1455,4.7,10.1,.464,0.0,0.0,,4.7,10.1,.464,2.5,5.2,.483,4.1,9.2,13.3,1.0,0.7,4.2,2.6,5.3,11.8,,92,107
47,DeJuan Blair\blairde01,PF,22,SAS,64,62,1363,10.2,19.1,.534,0.0,0.0,.000,10.2,19.1,.535,2.8,4.5,.613,5.8,7.5,13.3,3.0,2.2,0.5,3.5,6.4,23.2,,108,102
48,Steve Blake\blakest01,PG,31,LAL,53,5,1237,4.3,11.5,.377,2.3,6.8,.335,2.1,4.7,.436,0.9,1.2,.778,0.4,3.3,3.6,7.5,1.7,0.1,3.1,3.2,11.8,,98,108
49,Andray Blatche\blatcan01,PF,25,WAS,26,13,626,7.7,20.3,.380,0.2,0.6,.286,7.5,19.7,.382,2.7,4.1,.673,3.5,8.9,12.4,2.3,1.7,1.4,3.1,4.5,18.3,,87,105
50,Eric Bledsoe\bledser01,PG,22,LAC,40,1,464,5.7,14.6,.389,0.7,3.5,.200,5.0,11.1,.448,3.2,5.1,.636,2.6,5.0,7.5,7.7,3.6,1.6,5.5,6.7,15.3,,90,102
51,Keith Bogans\boganke01,SF,31,NJN,5,1,94,4.5,11.9,.381,1.7,6.8,.250,2.8,5.1,.556,1.1,2.8,.400,2.8,3.4,6.2,1.7,1.1,0.0,1.7,8.5,11.9,,95,113
52,Andrew Bogut\bogutan01,C,27,MIL,12,12,364,8.6,19.1,.449,0.0,0.1,.000,8.6,19.0,.452,2.0,3.2,.609,3.1,11.0,14.1,4.4,1.7,3.4,3.4,5.1,19.1,,94,100
53,Matt Bonner\bonnema01,PF,31,SAS,65,2,1326,6.0,13.6,.440,4.1,9.7,.420,1.9,3.9,.490,0.6,0.8,.762,1.1,7.2,8.3,2.4,0.6,0.8,0.5,2.6,16.7,,124,106
54,Trevor Booker\booketr01,PF,24,WAS,50,32,1261,7.4,14.0,.531,0.0,0.1,.500,7.4,13.9,.531,2.3,3.8,.602,4.9,8.5,13.4,1.6,2.0,1.8,2.4,5.7,17.2,,109,104
55,Carlos Boozer\boozeca01,PF,30,CHI,66,66,1948,12.4,23.3,.532,0.0,0.0,.000,12.4,23.2,.533,2.6,3.8,.693,3.2,12.4,15.6,3.5,1.7,0.7,3.2,4.6,27.4,,108,95
56,Chris Bosh\boshch01,PF,27,MIA,57,57,2007,10.3,21.2,.487,0.3,0.9,.286,10.0,20.2,.496,6.0,7.3,.821,2.5,9.4,11.9,2.7,1.3,1.2,3.1,3.4,26.9,,109,100
57,Earl Boykins\boykiea01,PG,35,HOU,8,0,111,5.7,17.0,.333,0.9,4.2,.222,4.7,12.7,.370,6.1,7.1,.867,0.0,5.2,5.2,8.0,0.5,0.0,3.3,2.4,18.4,,98,110
58,Craig Brackins\brackcr01,PF,24,PHI,14,1,88,5.5,20.1,.273,1.8,5.5,.333,3.6,14.6,.250,0.6,1.2,.500,3.0,6.1,9.1,4.9,0.0,0.6,2.4,3.6,13.4,,77,104
59,Avery Bradley\bradlav01,PG,21,BOS,64,28,1368,7.8,15.6,.498,0.9,2.1,.407,6.9,13.5,.511,2.4,3.0,.795,1.3,3.1,4.5,3.4,1.7,0.5,2.9,4.2,18.8,,100,102
60,Elton Brand\brandel01,C,32,PHI,60,60,1732,8.9,18.0,.494,0.0,0.0,.000,8.9,17.9,.495,2.6,3.6,.733,4.5,8.8,13.3,3.0,1.8,3.0,2.0,5.4,20.4,,108,96
61,Corey Brewer\breweco01,SF,25,DEN,59,17,1287,8.0,18.3,.434,1.3,5.0,.260,6.7,13.3,.500,3.6,5.1,.692,1.7,4.2,5.9,3.5,2.9,0.7,2.2,4.5,20.8,,104,106
62,Ronnie Brewer\brewero02,SG,26,CHI,66,43,1635,6.3,14.7,.427,0.6,2.3,.275,5.6,12.4,.455,1.8,3.3,.560,2.4,5.2,7.6,4.5,2.4,0.7,1.9,2.1,15.0,,103,99
63,Jon Brockman\brockjo01,PF,24,MIL,35,0,239,3.2,9.6,.333,0.0,0.2,.000,3.2,9.4,.341,1.5,3.2,.467,7.1,9.0,16.1,1.9,0.9,0.2,2.1,7.1,7.9,,92,106
64,MarShon Brooks\brookma01,SG,23,NJN,56,47,1648,8.9,20.7,.428,1.5,4.8,.313,7.3,15.8,.463,3.7,4.8,.764,2.3,4.2,6.5,4.2,1.7,0.5,3.8,3.7,22.9,,98,111
65,Derrick Brown\brownde04,SF,24,CHA,65,17,1443,7.7,14.9,.518,0.2,0.9,.250,7.5,14.1,.535,3.4,5.1,.667,3.5,5.1,8.6,2.4,1.8,0.4,2.0,3.5,19.1,,110,111
66,Kwame Brown\brownkw01,C,29,GSW,9,3,187,5.8,11.1,.525,0.0,0.0,,5.8,11.1,.525,4.2,9.5,.441,4.4,11.4,15.8,1.1,2.2,0.0,3.9,5.8,15.8,,94,105
67,Shannon Brown\brownsh01,SG,26,PHO,59,19,1400,9.3,22.1,.420,2.5,7.0,.362,6.8,15.2,.446,3.0,3.7,.808,1.4,4.4,5.8,2.6,1.6,0.6,2.4,2.4,24.1,,101,108
68,Kobe Bryant\bryanko01,SG,33,LAL,58,58,2232,13.6,31.7,.430,2.1,6.8,.303,11.6,24.9,.464,9.1,10.7,.845,1.6,5.9,7.4,6.3,1.6,0.4,4.8,2.5,38.4,,105,106
69,Chase Budinger\budinch01,SF,23,HOU,58,9,1298,8.4,19.0,.442,3.5,8.8,.402,4.8,10.2,.476,2.2,2.8,.771,1.5,7.2,8.8,3.0,1.2,0.3,2.2,2.6,22.5,,110,107
70,Alec Burks\burksal01,SG,20,UTA,59,0,939,8.6,20.0,.429,0.8,2.5,.333,7.7,17.4,.442,5.8,8.0,.727,3.2,4.2,7.4,3.1,1.5,0.3,2.9,4.7,23.8,,105,109
71,Caron Butler\butleca01,SF,31,LAC,63,63,1871,8.3,20.3,.407,2.6,7.4,.358,5.6,12.9,.435,2.5,3.1,.813,1.3,5.4,6.6,2.2,1.5,0.3,2.2,3.5,21.7,,102,108
72,Jimmy Butler\butleji01,SG,22,CHI,42,0,359,4.8,11.8,.405,0.3,1.6,.182,4.5,10.2,.441,6.4,8.4,.768,3.4,4.9,8.4,2.1,1.6,0.7,2.1,3.0,16.3,,112,100
73,Rasual Butler\butlera01,SF,32,TOR,34,14,453,4.9,15.8,.308,2.5,9.1,.273,2.4,6.6,.357,0.8,1.4,.583,0.7,7.1,7.8,2.3,0.8,0.6,1.8,4.6,13.1,,82,106
74,Derrick Byars\byarsde01,PF,27,SAS,2,0,37,4.2,15.4,.273,0.0,8.4,.000,4.2,7.0,.600,5.6,5.6,1.000,8.4,7.0,15.4,1.4,2.8,0.0,0.0,2.8,14.0,,113,102
75,Andrew Bynum\bynuman01,C,24,LAL,60,60,2112,11.1,20.0,.558,0.0,0.1,.200,11.1,19.9,.560,5.9,8.5,.692,4.8,13.0,17.8,2.1,0.7,2.9,3.8,2.6,28.2,,112,100
76,Will Bynum\bynumwi01,PG,29,DET,36,0,514,7.7,20.3,.381,0.7,3.0,.241,7.0,17.3,.406,5.1,6.7,.766,1.0,4.8,5.9,6.9,2.4,0.3,5.7,6.4,21.3,,88,106
77,Jose Calderon\caldejo01,PG,30,TOR,53,53,1799,6.5,14.3,.457,1.8,4.8,.371,4.8,9.5,.500,1.8,2.0,.882,0.6,4.2,4.8,14.0,1.4,0.1,3.1,2.8,16.6,,116,108
78,Marcus Camby\cambyma01,C,37,TOT,59,53,1352,5.0,11.2,.446,0.1,0.2,.400,4.9,11.0,.447,1.1,2.5,.453,6.1,14.5,20.6,4.2,1.9,3.3,2.2,4.9,11.2,,105,98
78,Marcus Camby\cambyma01,C,37,POR,40,40,894,3.9,9.5,.416,0.0,0.0,,3.9,9.5,.416,1.1,2.2,.474,6.2,14.7,20.8,4.4,1.9,3.3,2.8,5.2,8.9,,100,98
78,Marcus Camby\cambyma01,C,37,HOU,19,13,458,7.0,14.4,.484,0.2,0.6,.400,6.7,13.8,.488,1.3,3.0,.423,5.9,14.2,20.1,3.7,1.9,3.3,1.1,4.3,15.4,,115,97
79,Brian Cardinal\cardibr01,SF,34,DAL,44,0,277,2.7,10.4,.255,1.9,9.3,.204,0.8,1.1,.667,0.9,1.1,.833,0.8,5.7,6.4,3.0,1.5,0.4,1.5,7.2,8.1,,82,105
80,DeMarre Carroll\carrode01,SF-PF,25,TOT,24,9,348,6.5,15.8,.410,1.1,2.9,.368,5.4,13.0,.419,2.1,2.4,.875,4.2,3.8,8.0,2.7,1.8,0.2,1.7,5.6,16.1,,106,109
80,DeMarre Carroll\carrode01,PF,25,DEN,4,0,21,14.6,14.6,1.000,0.0,0.0,,14.6,14.6,1.000,0.0,0.0,,0.0,7.3,7.3,7.3,0.0,0.0,4.9,2.4,29.1,,139,111
80,DeMarre Carroll\carrode01,SF,25,UTA,20,9,327,5.9,15.9,.374,1.1,3.1,.368,4.8,12.8,.375,2.2,2.6,.875,4.5,3.5,8.0,2.4,1.9,0.2,1.4,5.8,15.3,,104,109
81,Matt Carroll\carroma01,SG,31,CHA,53,2,596,4.6,13.9,.331,0.7,3.8,.186,3.9,10.1,.386,2.7,3.4,.789,0.7,4.4,5.1,3.4,1.4,0.6,2.1,4.6,12.6,,84,112
82,Anthony Carter\cartean01,PG,36,TOR,24,0,209,4.4,13.6,.321,1.3,4.4,.294,3.1,9.3,.333,2.1,2.6,.800,1.3,7.2,8.5,8.7,2.1,1.0,4.4,5.1,12.1,,85,103
83,Vince Carter\cartevi01,SG,35,DAL,61,40,1542,7.6,18.5,.411,2.5,7.0,.361,5.1,11.5,.442,3.2,3.9,.826,1.1,5.9,7.0,4.7,1.9,0.9,2.9,4.6,20.9,,102,103
84,Omri Casspi\casspom01,SF,23,CLE,65,35,1341,6.5,16.1,.403,2.1,6.6,.315,4.4,9.6,.463,2.9,4.2,.685,2.5,6.5,8.9,2.6,1.5,0.8,2.5,4.5,18.0,,101,109
85,Mario Chalmers\chalmma01,PG,25,MIA,64,64,1825,6.4,14.4,.448,2.9,7.5,.388,3.5,6.9,.513,2.3,2.9,.792,0.5,4.5,4.9,6.4,2.8,0.3,4.1,4.8,18.1,,104,101
86,Tyson Chandler\chandty01,C,29,NYK,62,62,2061,6.0,8.9,.679,0.0,0.0,.000,6.0,8.8,.683,5.4,7.9,.689,5.3,10.0,15.3,1.4,1.4,2.2,2.5,4.6,17.5,,130,99
87,Wilson Chandler\chandwi01,SF,24,DEN,8,6,215,7.3,18.7,.392,0.7,2.8,.250,6.6,15.9,.418,2.4,2.8,.833,1.4,8.3,9.7,4.0,1.4,1.4,4.3,4.3,17.8,,86,105
88,Josh Childress\childjo01,SF,28,PHO,34,0,491,5.1,10.4,.485,0.4,2.5,.167,4.6,7.9,.587,0.0,0.2,.000,3.3,6.8,10.0,3.6,1.5,0.6,0.9,4.0,10.6,,114,107
89,Earl Clark\clarkea01,PF,24,ORL,45,1,559,4.9,13.4,.367,0.0,0.0,,4.9,13.4,.367,2.0,2.8,.724,3.4,8.6,12.0,1.7,1.2,3.1,2.4,6.9,11.9,,87,101
90,Norris Cole\coleno01,PG,23,MIA,65,2,1260,7.4,18.8,.393,0.9,3.2,.276,6.5,15.6,.417,2.8,3.6,.776,0.9,2.9,3.8,5.6,1.8,0.1,4.4,5.2,18.4,,88,104
91,Jason Collins\collija04,C,33,ATL,30,10,308,2.8,6.9,.400,0.0,0.0,,2.8,6.9,.400,1.2,2.6,.467,2.1,6.2,8.3,1.7,0.7,0.5,1.7,5.9,6.7,,87,104
92,Darren Collison\collida01,PG,24,IND,60,56,1878,6.5,14.7,.440,1.0,2.6,.362,5.5,12.1,.457,3.6,4.3,.830,0.8,4.4,5.3,8.1,1.4,0.4,3.2,2.8,17.5,,108,107
93,Nick Collison\collini01,PF,31,OKC,63,0,1307,4.7,7.9,.597,0.0,0.0,.000,4.7,7.9,.600,1.7,2.4,.710,4.7,6.1,10.8,3.2,1.3,1.1,2.4,6.0,11.2,,121,105
94,Mike Conley\conlemi01,PG,24,MEM,62,61,2174,7.2,16.6,.433,1.5,3.9,.377,5.7,12.8,.450,3.3,3.8,.861,0.5,3.3,3.8,9.8,3.3,0.3,3.0,3.2,19.2,,110,102
95,Brian Cook\cookbr01,PF,31,TOT,32,0,276,5.9,18.7,.316,1.9,9.5,.200,4.0,9.2,.438,1.7,1.9,.900,1.9,10.1,12.0,1.9,1.1,1.0,2.1,9.2,15.5,,85,105
95,Brian Cook\cookbr01,PF,31,LAC,16,0,121,4.9,21.8,.224,2.2,12.0,.185,2.7,9.8,.273,1.8,1.8,1.000,1.8,8.5,10.2,0.9,0.9,1.8,1.8,11.6,13.8,,71,105
95,Brian Cook\cookbr01,PF,31,WAS,16,0,155,6.7,16.4,.408,1.7,7.7,.217,5.0,8.7,.577,1.7,2.0,.833,2.0,11.4,13.4,2.7,1.3,0.3,2.3,7.4,16.7,,98,105
96,Daequan Cook\cookda02,SG,24,OKC,57,22,989,5.7,15.4,.368,4.1,11.9,.346,1.6,3.5,.441,0.7,1.1,.636,0.6,5.7,6.4,0.8,1.1,0.6,0.8,3.6,16.2,,106,107
97,DeMarcus Cousins\couside01,C,21,SAC,64,62,1950,11.6,26.0,.448,0.1,0.4,.143,11.6,25.6,.453,6.8,9.7,.702,6.9,11.4,18.3,2.7,2.4,1.9,4.4,6.7,30.2,,102,104
98,Jamal Crawford\crawfja01,PG,31,POR,60,6,1613,9.2,24.0,.384,2.6,8.5,.308,6.6,15.6,.426,6.2,6.7,.927,0.5,3.3,3.8,6.2,1.8,0.5,3.6,2.4,27.3,,102,109
99,Jordan Crawford\crawfjo02,SG,23,WAS,64,32,1753,10.3,25.8,.400,2.3,8.1,.289,8.0,17.7,.451,4.8,6.0,.793,1.3,3.7,5.0,5.6,1.7,0.1,4.2,3.3,27.8,,97,110
100,Dante Cunningham\cunnida01,PF,24,MEM,64,5,1124,6.8,13.1,.516,0.0,0.1,.000,6.8,13.0,.520,2.1,3.2,.652,4.3,7.3,11.6,1.7,2.0,1.6,1.4,4.6,15.7,,115,101
101,Eddy Curry\curryed01,C,29,MIA,14,1,83,7.6,16.5,.462,0.0,0.0,,7.6,16.5,.462,3.8,5.1,.750,2.5,5.1,7.6,0.6,0.0,1.3,6.3,10.8,19.0,,82,105
102,Stephen Curry\curryst01,PG,23,GSW,26,23,732,10.3,21.0,.490,3.9,8.6,.455,6.4,12.4,.514,2.7,3.3,.809,1.1,5.2,6.2,9.8,2.8,0.6,4.6,4.4,27.2,,112,108
103,Samuel Dalembert\dalemsa01,C,30,HOU,65,45,1446,7.2,14.3,.506,0.0,0.0,.000,7.2,14.3,.508,3.3,4.1,.796,5.7,10.8,16.5,1.2,1.3,4.0,3.0,5.9,17.7,,108,100
104,Erick Dampier\dampier01,C,36,ATL,15,0,83,0.6,5.1,.125,0.0,0.0,,0.6,5.1,.125,0.0,0.0,,6.4,9.6,16.0,2.6,0.6,2.6,1.9,5.8,1.3,,80,100
105,Marquis Daniels\daniema01,SG,31,BOS,38,0,484,5.7,15.7,.364,0.0,1.1,.000,5.7,14.6,.391,1.9,2.5,.739,1.8,5.5,7.2,5.2,2.3,1.0,3.1,4.0,13.3,,82,98
106,Baron Davis\davisba01,PG,32,NYK,29,14,595,5.9,15.9,.370,2.3,7.4,.306,3.6,8.6,.424,1.4,2.1,.667,1.1,3.7,4.8,11.7,2.9,0.3,6.6,5.3,15.4,,88,102
107,Ed Davis\davised01,PF,22,TOR,66,9,1534,6.0,11.7,.513,0.0,0.0,.000,6.0,11.7,.515,2.5,3.7,.670,4.7,10.7,15.4,2.1,1.4,2.2,2.3,5.5,14.5,,108,101
108,Glen Davis\davisgl01,PF,26,ORL,61,13,1427,8.5,20.2,.421,0.1,0.5,.143,8.4,19.6,.429,4.3,6.3,.683,4.0,8.5,12.5,1.8,1.6,0.7,2.8,4.0,21.4,,96,103
109,Josh Davis\davisjo02,PF,31,MEM,15,0,130,4.1,11.0,.370,1.6,5.3,.308,2.4,5.7,.429,1.6,3.3,.500,6.5,4.5,11.0,2.4,2.8,0.4,1.2,7.7,11.4,,112,102
110,Eric Dawson\dawsoer01,C,27,SAS,4,0,39,9.3,15.9,.583,0.0,0.0,,9.3,15.9,.583,1.3,2.6,.500,6.6,6.6,13.2,0.0,1.3,2.6,4.0,7.9,19.9,,104,102
111,Austin Daye\dayeau01,SF,23,DET,41,4,603,6.5,20.2,.322,1.2,5.5,.210,5.4,14.7,.364,3.1,3.8,.814,1.2,6.9,8.1,2.9,2.0,1.9,3.6,5.5,17.3,,80,104
112,Carlos Delfino\delfica01,SF,29,MIL,54,53,1537,6.1,15.1,.402,2.9,8.0,.360,3.2,7.1,.449,1.3,1.6,.792,0.7,6.3,6.9,4.1,2.6,0.3,2.2,3.3,16.3,,102,104
113,Luol Deng\denglu01,SF,26,CHI,54,54,2129,7.9,19.1,.412,2.0,5.4,.367,5.9,13.7,.430,3.2,4.2,.770,1.9,6.9,8.9,4.0,1.4,0.9,2.4,2.0,20.9,,105,100
114,Justin Dentmon\dentmju01,PG,26,TOT,6,0,91,5.9,16.4,.357,1.2,8.2,.143,4.7,8.2,.571,2.3,3.5,.667,0.0,4.7,4.7,5.9,1.2,0.0,4.1,5.9,15.2,,82,107
114,Justin Dentmon\dentmju01,PG,26,SAS,2,0,19,5.4,16.3,.333,0.0,10.9,.000,5.4,5.4,1.000,0.0,0.0,,0.0,2.7,2.7,2.7,2.7,0.0,2.7,5.4,10.9,,67,105
114,Justin Dentmon\dentmju01,PG,26,TOR,4,0,72,6.0,16.4,.364,1.5,7.5,.200,4.5,9.0,.500,3.0,4.5,.667,0.0,5.2,5.2,6.7,0.7,0.0,4.5,6.0,16.4,,85,108
115,DeMar DeRozan\derozde01,SG,22,TOR,63,63,2206,9.3,22.0,.422,0.6,2.2,.261,8.7,19.8,.440,6.5,8.1,.810,1.0,4.2,5.1,3.1,1.2,0.4,3.0,3.9,25.7,,100,108
116,Boris Diaw\diawbo01,PF,29,TOT,57,35,1424,5.7,12.9,.444,1.1,3.6,.313,4.6,9.3,.496,0.8,1.3,.629,2.6,7.7,10.3,7.5,1.3,0.9,4.1,4.6,13.4,,95,108
116,Boris Diaw\diawbo01,PF,29,CHA,37,28,1018,6.0,14.6,.410,1.2,4.5,.267,4.8,10.2,.472,0.9,1.4,.630,2.4,7.7,10.1,8.2,1.0,1.0,4.3,3.7,14.1,,89,111
116,Boris Diaw\diawbo01,PF,29,SAS,20,7,406,5.1,8.7,.588,1.0,1.7,.615,4.1,7.0,.582,0.6,1.0,.625,2.9,7.9,10.8,6.0,1.8,0.8,3.6,6.9,11.8,,113,102
117,Ike Diogu\dioguik01,PF,28,SAS,2,0,14,0.0,7.4,.000,0.0,0.0,,0.0,7.4,.000,7.4,7.4,1.000,0.0,3.7,3.7,0.0,0.0,0.0,3.7,3.7,7.4,,58,110
118,DeSagana Diop\diopde01,C,30,CHA,27,9,325,2.4,6.8,.357,0.0,0.0,,2.4,6.8,.357,0.2,1.0,.167,5.4,8.4,13.8,3.7,1.0,2.1,3.1,5.8,5.0,,81,109
119,Keyon Dooling\doolike01,SG,31,BOS,46,2,662,5.3,13.1,.405,2.2,6.5,.333,3.1,6.6,.476,1.8,2.5,.742,0.2,2.9,3.1,4.1,1.0,0.2,2.7,4.6,14.6,,93,104
120,Toney Douglas\douglto01,PG,25,NYK,38,9,656,7.4,22.8,.324,2.1,9.2,.231,5.3,13.6,.387,1.7,2.0,.846,1.3,4.4,5.7,6.0,2.3,0.1,4.4,4.3,18.6,,82,103
121,Goran Dragic\dragigo01,PG,25,HOU,66,28,1752,8.3,17.9,.462,2.0,6.0,.337,6.2,11.9,.525,4.6,5.7,.805,1.6,3.4,5.0,10.5,2.5,0.3,4.7,5.0,23.2,,111,106
122,Jared Dudley\dudleja01,SG,26,PHO,65,60,2020,8.0,16.5,.485,2.1,5.4,.383,6.0,11.1,.535,3.1,4.2,.726,2.4,5.3,7.7,2.9,1.3,0.5,1.8,2.7,21.1,,115,109
123,Chris Duhon\duhonch01,PG,29,ORL,63,9,1226,3.7,8.9,.419,2.2,5.2,.420,1.5,3.7,.417,0.7,0.9,.810,0.6,3.9,4.5,6.6,1.5,0.4,3.6,3.1,10.4,,100,107
124,Tim Duncan\duncati01,C,35,SAS,58,58,1634,11.4,23.2,.492,0.0,0.1,.000,11.4,23.1,.495,5.5,7.9,.695,3.5,13.0,16.4,4.2,1.2,2.8,3.1,3.1,28.3,,108,99
125,Mike Dunleavy\dunlemi02,SF,31,MIL,55,3,1445,8.5,17.9,.474,2.9,7.4,.399,5.5,10.5,.527,4.1,5.1,.811,1.0,6.2,7.2,4.1,1.0,0.3,2.1,3.1,24.0,,118,108
126,Kevin Durant\duranke01,SF,23,OKC,66,66,2546,13.0,26.3,.496,2.7,7.0,.387,10.3,19.3,.535,8.7,10.2,.860,0.8,9.9,10.7,4.7,1.8,1.6,5.0,2.7,37.5,,114,101
127,Jerome Dyson\dysonje01,PG,24,NOH,9,1,180,5.7,14.5,.396,0.3,2.4,.125,5.4,12.1,.450,8.5,10.9,.778,0.6,5.1,5.7,5.4,3.3,0.6,6.0,5.7,20.2,,91,103
128,Devin Ebanks\ebankde01,SG,22,LAL,24,12,396,5.0,11.9,.416,0.0,1.2,.000,5.0,10.7,.463,3.1,4.7,.657,3.5,3.7,7.2,1.6,1.5,0.8,2.4,3.5,13.0,,96,107
129,Wayne Ellington\ellinwa01,SG,24,MIN,51,4,973,6.5,16.0,.404,1.9,5.7,.324,4.6,10.3,.448,1.7,2.1,.800,0.7,4.5,5.2,1.7,1.4,0.5,1.4,3.0,16.4,,100,109
130,Monta Ellis\ellismo01,SG,26,TOT,58,58,2120,11.0,25.4,.433,1.5,4.9,.308,9.5,20.5,.462,5.3,6.7,.796,0.5,4.4,4.9,8.4,2.1,0.4,4.3,3.3,28.8,,101,109
130,Monta Ellis\ellismo01,SG,26,GSW,37,37,1365,11.6,26.8,.433,1.9,5.9,.321,9.7,20.9,.465,5.8,7.1,.812,0.6,4.2,4.8,8.5,2.1,0.5,4.7,3.2,30.9,,101,111
130,Monta Ellis\ellismo01,SG,26,MIL,21,21,755,9.8,22.8,.432,0.8,3.1,.267,9.0,19.7,.457,4.6,6.0,.764,0.3,4.7,5.0,8.3,2.0,0.4,3.7,3.5,25.1,,100,107
131,Francisco Elson\elsonfr01,C,35,PHI,5,0,16,3.3,10.0,.333,0.0,0.0,,3.3,10.0,.333,0.0,0.0,,0.0,3.3,3.3,3.3,3.3,3.3,3.3,0.0,6.7,,61,96
132,Andre Emmett\emmetan01,SF,29,NJN,6,0,45,4.7,8.3,.571,0.0,1.2,.000,4.7,7.1,.667,5.9,9.5,.625,2.4,4.7,7.1,1.2,2.4,1.2,2.4,2.4,15.4,,113,109
133,Semih Erden\erdense01,C,25,CLE,28,9,333,6.2,11.7,.527,0.0,0.0,,6.2,11.7,.527,3.3,6.5,.512,3.2,8.2,11.4,1.4,1.6,0.8,2.5,9.5,15.6,,102,108
134,Jeremy Evans\evansje01,SF,24,UTA,29,0,217,6.5,10.2,.643,0.0,0.2,.000,6.5,9.9,.659,1.9,3.9,.500,4.6,7.5,12.1,3.1,1.5,5.8,1.2,5.6,15.0,,131,101
135,Maurice Evans\evansma01,SF,33,WAS,24,0,343,6.8,16.9,.402,2.6,6.8,.378,4.2,10.1,.418,1.5,2.0,.769,1.2,2.4,3.6,1.4,2.1,0.0,1.5,5.4,17.7,,101,110
136,Reggie Evans\evansre01,PF,31,LAC,56,0,771,2.4,5.0,.472,0.0,0.0,,2.4,5.0,.472,2.5,5.0,.507,7.0,11.9,18.9,1.2,2.2,0.4,3.1,8.2,7.3,,101,102
137,Tyreke Evans\evansty01,SG,22,SAC,63,61,2162,9.6,21.1,.453,0.5,2.3,.202,9.1,18.8,.484,4.7,6.0,.779,1.5,5.3,6.8,6.6,2.0,0.7,4.0,3.2,24.3,,103,111
138,Christian Eyenga\eyengch01,SF,22,TOT,7,0,102,3.1,12.9,.240,0.5,1.5,.333,2.6,11.4,.227,2.1,4.1,.500,2.1,5.2,7.2,2.6,1.5,2.6,1.5,3.6,8.8,,73,107
138,Christian Eyenga\eyengch01,SF,22,CLE,6,0,83,1.9,12.0,.158,0.6,1.3,.500,1.3,10.8,.118,1.3,3.8,.333,1.9,5.7,7.6,2.5,1.9,2.5,1.3,4.4,5.7,,59,107
138,Christian Eyenga\eyengch01,SF,22,LAL,1,0,19,8.4,16.7,.500,0.0,2.8,.000,8.4,14.0,.600,5.6,5.6,1.000,2.8,2.8,5.6,2.8,0.0,2.8,2.8,0.0,22.3,,114,109
139,Kenneth Faried\farieke01,PF,22,DEN,46,39,1037,8.9,15.2,.586,0.0,0.0,,8.9,15.2,.586,5.4,8.1,.665,7.0,10.3,17.3,1.8,1.7,2.3,2.7,5.7,23.1,,123,103
140,Jordan Farmar\farmajo01,PG,25,NJN,39,5,831,9.4,20.2,.467,3.5,8.0,.440,5.9,12.2,.484,3.7,4.0,.905,0.4,3.5,3.9,8.3,1.5,0.1,4.4,3.1,26.0,,111,113
141,Derrick Favors\favorde01,PF,20,UTA,65,9,1376,8.5,17.0,.499,0.0,0.0,,8.5,17.0,.499,4.8,7.4,.649,6.0,10.2,16.2,1.6,1.4,2.5,3.9,5.5,21.7,,104,103
142,Raymond Felton\feltora01,PG,27,POR,60,56,1906,7.2,17.7,.407,1.7,5.6,.305,5.5,12.1,.453,2.8,3.4,.806,0.7,3.4,4.1,10.8,2.2,0.3,4.7,3.4,18.9,,99,109
143,Rudy Fernandez\fernaru01,SG,26,DEN,31,1,710,7.1,16.2,.440,2.9,8.8,.328,4.2,7.4,.573,2.2,3.1,.698,0.6,4.0,4.7,5.4,2.2,0.2,2.9,2.7,19.2,,106,108
144,Kyrylo Fesenko\fesenky01,C,25,IND,3,0,17,6.2,15.6,.400,0.0,0.0,,6.2,15.6,.400,12.4,18.7,.667,6.2,21.8,28.0,3.1,6.2,0.0,0.0,6.2,24.9,,129,84
145,Landry Fields\fieldla01,SG,23,NYK,66,62,1894,6.4,14.0,.460,0.8,3.3,.256,5.6,10.7,.523,2.1,3.7,.562,1.6,6.0,7.6,4.6,2.1,0.5,2.8,2.7,15.8,,100,102
146,Derek Fisher\fishede01,PG,37,TOT,63,43,1508,4.5,12.1,.371,1.2,3.8,.321,3.3,8.3,.393,2.0,2.3,.851,0.4,3.8,4.2,5.9,1.8,0.1,2.5,4.1,12.2,,97,107
146,Derek Fisher\fishede01,PG,37,LAL,43,43,1101,4.4,11.6,.383,1.2,3.6,.324,3.3,8.0,.410,2.1,2.6,.830,0.5,3.9,4.4,6.8,1.9,0.1,2.8,4.1,12.1,,99,107
146,Derek Fisher\fishede01,PG,37,OKC,20,0,407,4.7,13.7,.343,1.4,4.4,.314,3.3,9.3,.356,1.6,1.8,.929,0.3,3.4,3.7,3.6,1.4,0.1,1.9,4.1,12.4,,92,108
147,Jonny Flynn\flynnjo01,PG,22,TOT,29,1,416,5.8,16.5,.351,1.3,4.3,.294,4.5,12.2,.371,3.7,4.9,.744,1.0,3.9,4.9,12.1,0.8,0.3,4.5,2.9,16.5,,96,111
147,Jonny Flynn\flynnjo01,PG,22,HOU,11,0,135,4.7,15.9,.293,0.8,3.5,.222,3.9,12.4,.313,4.3,5.4,.786,0.4,2.7,3.1,10.9,1.2,0.4,3.5,3.1,14.3,,92,110
147,Jonny Flynn\flynnjo01,PG,22,POR,18,1,281,6.4,16.9,.378,1.5,4.7,.320,4.9,12.2,.400,3.4,4.7,.720,1.3,4.5,5.8,12.7,0.6,0.2,5.1,2.8,17.6,,98,111
148,Jeff Foote\footeje01,C,24,NOH,4,0,39,2.8,8.4,.333,0.0,0.0,,2.8,8.4,.333,0.0,0.0,,1.4,7.0,8.4,0.0,0.0,1.4,2.8,7.0,5.6,,58,108
149,Gary Forbes\forbega01,SG,26,TOR,48,2,713,8.4,20.4,.413,2.2,6.3,.349,6.3,14.2,.441,5.0,6.9,.725,2.0,5.7,7.7,4.1,1.8,0.3,4.1,4.2,24.1,,97,106
150,T.J. Ford\fordtj01,PG,28,SAS,14,0,191,5.1,11.6,.442,0.5,2.2,.250,4.6,9.5,.486,3.0,3.8,.786,0.8,4.1,4.9,12.2,2.4,0.5,6.2,6.2,13.8,,96,104
151,Courtney Fortson\fortsco01,PG,23,TOT,10,0,95,6.1,17.9,.344,1.7,7.3,.231,4.5,10.6,.421,5.6,8.4,.667,3.4,5.0,8.4,5.6,1.7,0.0,5.6,2.8,19.5,,89,108
151,Courtney Fortson\fortsco01,PG,23,LAC,4,0,46,5.9,14.0,.417,1.2,4.7,.250,4.7,9.4,.500,7.0,10.5,.667,4.7,4.7,9.4,5.9,0.0,0.0,5.9,3.5,19.9,,100,112
151,Courtney Fortson\fortsco01,PG,23,HOU,6,0,49,6.4,21.4,.300,2.1,9.6,.222,4.3,11.8,.364,4.3,6.4,.667,2.1,5.3,7.5,5.3,3.2,0.0,5.3,2.1,19.2,,81,104
152,Jeff Foster\fosteje01,C,35,IND,11,0,141,3.4,6.8,.500,0.4,0.4,1.000,3.0,6.4,.471,2.3,3.4,.667,6.8,9.0,15.8,1.5,3.0,0.4,2.6,9.8,9.4,,112,99
153,Randy Foye\foyera01,SG,28,LAC,65,48,1682,8.2,20.6,.398,4.1,10.5,.386,4.1,10.1,.410,2.3,2.7,.859,0.8,3.6,4.4,4.7,1.5,0.8,2.3,4.2,22.8,,108,109
154,Jimmer Fredette\fredeji01,PG,22,SAC,61,7,1135,7.7,19.9,.386,3.5,9.6,.361,4.2,10.3,.409,1.8,2.1,.833,0.8,2.5,3.3,4.8,1.3,0.1,3.0,3.3,20.6,,100,114
155,Channing Frye\fryech01,PF,28,PHO,64,59,1669,7.9,19.0,.416,2.8,8.2,.346,5.1,10.9,.469,2.3,2.5,.890,2.2,9.6,11.8,2.7,1.3,2.2,2.0,5.5,20.9,,106,104
156,Dan Gadzuric\gadzuda01,C,33,NYK,2,0,13,0.0,7.9,.000,0.0,0.0,,0.0,7.9,.000,0.0,7.9,.000,4.0,15.9,19.8,0.0,4.0,4.0,4.0,15.9,0.0,,17,87
157,Sundiata Gaines\gainesu01,SG,25,NJN,57,12,793,6.8,18.2,.376,1.9,5.5,.341,5.0,12.7,.392,4.0,6.4,.615,1.8,5.4,7.3,8.5,3.7,0.1,3.5,3.9,19.5,,100,107
158,Danilo Gallinari\gallida01,SF,23,DEN,43,40,1351,7.3,17.6,.414,2.3,6.9,.328,5.0,10.7,.470,6.9,7.9,.871,1.1,6.6,7.6,4.4,1.6,0.9,2.6,3.2,23.7,,114,107
159,Francisco Garcia\garcifr01,SF,30,SAC,49,3,798,5.5,14.5,.376,2.4,8.3,.290,3.0,6.2,.490,1.5,1.9,.800,0.7,5.6,6.3,2.0,2.3,2.4,1.4,4.6,14.9,,101,108
160,Kevin Garnett\garneke01,C,35,BOS,60,60,1864,11.1,22.1,.503,0.1,0.3,.333,11.1,21.9,.505,4.6,5.4,.857,1.9,12.2,14.1,5.0,1.6,1.7,3.0,4.0,27.0,,106,94
161,Marc Gasol\gasolma01,C,27,MEM,65,65,2370,8.0,16.5,.482,0.0,0.3,.083,7.9,16.2,.489,5.3,7.1,.748,2.7,10.2,12.9,4.6,1.4,2.7,2.7,4.5,21.2,,111,99
162,Pau Gasol\gasolpa01,PF,31,LAL,65,65,2430,10.0,20.0,.501,0.2,0.6,.259,9.9,19.4,.508,4.5,5.7,.782,4.0,10.8,14.8,5.2,0.8,1.9,3.1,2.8,24.6,,112,103
163,Rudy Gay\gayru01,SF,25,MEM,65,65,2422,10.6,23.3,.455,1.2,3.8,.312,9.4,19.5,.482,4.5,5.7,.791,2.8,6.3,9.1,3.2,2.1,1.2,3.5,3.0,26.9,,104,102
164,Alonzo Gee\geeal01,SG,24,CLE,63,31,1827,6.5,15.9,.412,1.3,3.9,.321,5.3,11.9,.442,4.8,6.1,.788,2.9,6.4,9.3,3.3,2.4,0.5,3.3,4.3,19.1,,102,108
165,Paul George\georgpa01,SG,21,IND,66,66,1958,7.6,17.3,.440,2.4,6.3,.385,5.2,10.9,.472,3.9,4.9,.802,1.5,8.5,10.0,4.3,2.9,1.0,3.2,5.2,21.6,,108,100
166,Daniel Gibson\gibsoda01,SG,25,CLE,35,7,916,5.0,14.2,.351,3.2,8.0,.396,1.8,6.3,.294,2.0,2.5,.791,0.6,5.2,5.8,4.4,1.5,0.9,2.6,4.0,15.1,,98,110
167,Taj Gibson\gibsota01,PF,26,CHI,63,0,1284,8.4,16.9,.495,0.0,0.0,,8.4,16.9,.495,3.5,5.7,.622,5.7,8.3,13.9,2.0,1.1,3.4,2.5,5.5,20.3,,109,96
168,Manu Ginobili\ginobma01,SG,34,SAS,34,7,792,9.8,18.6,.526,3.4,8.2,.413,6.4,10.4,.616,5.7,6.6,.871,1.2,6.4,7.6,9.9,1.6,0.8,4.2,3.7,28.7,,125,104
169,Mickell Gladness\gladnmi01,PF,25,TOT,26,7,252,5.2,12.2,.424,0.0,0.0,,5.2,12.2,.424,1.2,2.5,.500,2.9,9.1,12.0,1.0,0.8,4.1,1.4,6.6,11.6,,92,105
169,Mickell Gladness\gladnmi01,PF,25,MIA,8,0,28,1.9,5.6,.333,0.0,0.0,,1.9,5.6,.333,0.0,0.0,,1.9,18.8,20.7,3.8,1.9,1.9,5.6,15.0,3.8,,56,91
169,Mickell Gladness\gladnmi01,PF,25,GSW,18,7,224,5.6,13.0,.429,0.0,0.0,,5.6,13.0,.429,1.4,2.8,.500,3.0,7.9,10.9,0.7,0.7,4.4,0.9,5.6,12.5,,96,107
170,Ryan Gomes\gomesry01,SF,29,LAC,32,2,425,3.9,12.0,.326,0.5,3.7,.138,3.4,8.4,.409,1.0,1.4,.727,1.8,6.0,7.7,1.5,2.0,0.0,1.9,4.3,9.4,,81,107
171,Drew Gooden\goodedr01,C,30,MIL,56,46,1469,10.0,22.9,.437,0.6,1.9,.291,9.4,21.0,.450,6.1,7.2,.846,4.5,8.1,12.7,5.0,1.6,1.2,3.8,3.9,26.7,,105,104
172,Ben Gordon\gordobe01,SG,28,DET,52,21,1398,9.0,20.4,.442,2.4,5.7,.429,6.6,14.7,.446,4.5,5.2,.860,0.5,4.1,4.7,4.9,1.3,0.4,4.4,4.4,24.9,,101,109
173,Eric Gordon\gordoer01,PG,23,NOH,9,9,310,11.0,24.5,.450,1.8,7.0,.250,9.3,17.5,.530,8.6,11.4,.754,0.4,4.0,4.4,5.4,2.3,0.7,4.2,3.5,32.4,,105,106
174,Marcin Gortat\gortama01,C,27,PHO,66,66,2114,10.5,18.9,.555,0.0,0.0,.000,10.5,18.8,.557,4.0,6.2,.649,4.5,11.6,16.2,1.4,1.2,2.4,2.2,3.5,24.9,,115,103
175,Andrew Goudelock\goudean01,SG,23,LAL,40,0,419,8.6,22.0,.391,3.5,9.5,.373,5.1,12.5,.404,1.4,1.5,.917,0.6,3.3,3.9,2.5,0.5,0.0,2.7,4.0,22.1,,95,110
176,Danny Granger\grangda01,SF,28,IND,62,62,2062,10.0,24.1,.416,3.2,8.3,.381,6.9,15.9,.434,6.5,7.5,.873,2.0,5.8,7.9,2.8,1.6,1.0,2.8,3.7,29.7,,111,104
177,Aaron Gray\grayaa01,C,27,TOR,49,40,813,5.5,10.6,.516,0.0,0.0,,5.5,10.6,.516,1.7,3.1,.532,5.5,13.1,18.6,1.8,1.5,1.1,3.4,8.4,12.6,,98,100
178,Danny Green\greenda02,SG,24,SAS,66,38,1522,7.2,16.2,.442,3.5,7.9,.436,3.7,8.2,.449,2.7,3.4,.790,1.8,5.9,7.7,2.9,2.0,1.6,2.3,3.6,20.5,,112,103
179,Gerald Green\greenge01,SF,26,NJN,31,2,781,10.5,21.8,.481,2.9,7.5,.391,7.6,14.3,.529,3.3,4.4,.754,1.0,6.3,7.4,2.3,1.9,1.2,3.8,5.5,27.3,,103,109
180,Willie Green\greenwi01,SG,30,ATL,53,2,922,8.8,18.8,.471,2.9,6.5,.442,5.9,12.2,.486,2.8,3.2,.857,0.9,3.8,4.6,2.3,1.3,0.3,1.9,4.3,23.3,,110,105
181,Donte Greene\greendo01,PF,23,SAC,53,7,777,7.0,17.4,.406,1.6,6.9,.238,5.4,10.5,.516,2.9,3.6,.800,1.2,7.4,8.7,2.2,1.2,1.9,2.1,4.4,18.6,,100,110
182,Blake Griffin\griffbl01,PF,22,LAC,66,66,2392,12.6,23.0,.549,0.0,0.4,.125,12.6,22.6,.556,5.5,10.5,.521,4.9,11.2,16.1,4.7,1.2,1.1,3.4,4.9,30.8,,113,104
183,Hamed Haddadi\haddaha01,C,26,MEM,35,0,206,6.7,12.3,.542,0.0,0.3,.000,6.7,12.1,.553,4.6,6.7,.692,7.2,11.0,18.2,2.1,0.3,6.7,5.4,11.0,18.0,,102,97
184,Jordan Hamilton\hamiljo02,SF,21,DEN,26,2,258,9.5,21.9,.432,3.4,9.3,.362,6.1,12.6,.484,0.4,1.0,.400,2.2,10.1,12.2,4.0,0.8,0.6,3.2,3.0,22.7,,99,107
185,Richard Hamilton\hamilri01,SG,33,CHI,28,28,697,10.8,23.9,.452,1.3,3.6,.370,9.5,20.4,.466,2.2,2.9,.784,1.5,3.6,5.1,6.5,0.9,0.1,3.8,4.3,25.2,,101,104
186,Tyler Hansbrough\hansbty01,PF,26,IND,66,0,1442,7.1,17.6,.405,0.0,0.0,.000,7.1,17.5,.406,8.3,10.2,.813,4.1,6.5,10.6,1.1,2.0,0.3,2.4,5.8,22.5,,108,104
187,Luke Harangody\haranlu01,PF,24,CLE,21,1,231,5.2,14.8,.354,1.1,4.8,.238,4.1,10.0,.409,2.0,2.7,.750,4.6,7.5,12.1,1.4,1.4,0.7,0.9,3.9,13.7,,101,109
188,James Harden\hardeja01,SG,22,OKC,62,2,1946,8.2,16.7,.491,3.0,7.7,.390,5.2,8.9,.579,8.3,9.8,.846,0.8,5.9,6.7,6.1,1.6,0.4,3.6,4.0,27.7,,125,105
189,Justin Harper\harpeju01,PF,22,ORL,14,0,84,5.8,19.9,.290,1.3,8.3,.154,4.5,11.6,.389,0.0,0.6,.000,1.9,5.8,7.7,1.3,1.3,1.9,3.9,3.2,12.8,,63,104
190,Josh Harrellson\harrejo01,PF,22,NYK,37,4,540,6.0,14.2,.423,1.9,5.6,.339,4.1,8.6,.478,1.5,2.5,.615,4.5,9.3,13.7,1.0,2.2,1.9,1.9,4.6,15.5,,105,98
191,Al Harrington\harrial01,PF,31,DEN,64,1,1761,10.0,22.4,.446,2.9,8.8,.333,7.1,13.6,.519,3.4,5.1,.676,2.1,9.2,11.3,2.5,1.7,0.3,3.2,5.2,26.3,,103,105
192,Devin Harris\harride01,PG,28,UTA,63,63,1741,7.3,16.3,.445,2.3,6.4,.362,4.9,9.9,.498,4.7,6.3,.746,0.4,3.0,3.4,9.5,1.9,0.4,3.7,4.1,21.6,,112,109
193,Manny Harris\harrima01,SG,22,CLE,26,5,456,6.9,17.3,.400,1.4,4.1,.333,5.5,13.1,.421,4.7,6.8,.695,1.3,6.8,8.1,3.6,1.5,0.7,3.1,3.2,19.9,,97,109
194,Terrel Harris\harrite01,SG,24,MIA,22,1,318,4.8,13.7,.349,1.3,6.5,.205,3.5,7.3,.477,2.3,3.5,.667,3.0,5.5,8.4,4.3,1.5,0.3,4.1,5.6,13.2,,87,103
195,Tobias Harris\harrito02,SF,19,MIL,42,9,479,8.4,18.1,.467,0.6,2.5,.261,7.8,15.6,.500,4.7,5.8,.815,3.2,7.6,10.8,2.4,1.4,0.7,3.3,4.8,22.2,,104,106
196,Udonis Haslem\hasleud01,PF,31,MIA,64,10,1589,5.0,11.8,.423,0.0,0.0,,5.0,11.8,.423,2.7,3.4,.814,3.9,11.7,15.6,1.4,1.2,0.8,2.0,4.7,12.8,,102,99
197,Spencer Hawes\hawessp01,C,23,PHI,37,29,920,9.1,18.6,.489,0.2,0.7,.250,8.9,17.9,.498,2.3,3.2,.727,4.5,11.2,15.7,5.7,0.9,2.8,3.2,5.8,20.7,,105,97
198,Chuck Hayes\hayesch01,C,28,SAC,54,9,1039,3.6,8.3,.429,0.0,0.1,.000,3.6,8.2,.435,1.3,1.9,.667,3.5,7.9,11.4,3.8,1.8,0.8,2.4,5.4,8.4,,98,109
199,Gordon Hayward\haywago01,SF,21,UTA,66,58,2015,7.0,15.3,.456,1.4,4.1,.346,5.5,11.1,.496,5.0,6.0,.832,1.5,4.5,6.0,5.4,1.4,1.1,2.8,2.8,20.4,,113,109
200,Lazar Hayward\haywala01,SF,25,OKC,26,0,141,4.8,13.9,.342,1.5,5.1,.286,3.3,8.8,.375,2.6,4.4,.583,0.7,5.1,5.9,1.5,1.1,0.4,3.3,6.6,13.5,,80,107
201,Brendan Haywood\haywobr01,C,32,DAL,54,54,1146,5.4,10.4,.518,0.0,0.0,,5.4,10.4,.518,2.1,4.4,.469,6.4,8.5,14.8,0.9,1.1,2.5,2.1,5.5,12.9,,107,101
202,Gerald Henderson\hendege02,SG,24,CHA,55,55,1831,9.6,20.8,.459,0.3,1.4,.234,9.2,19.5,.475,4.5,5.9,.760,1.8,4.6,6.5,3.6,1.4,0.6,2.9,3.7,23.9,,99,112
203,Xavier Henry\henryxa01,SG,20,NOH,45,0,759,6.4,16.3,.395,0.5,1.2,.412,5.9,15.1,.393,3.7,6.1,.612,1.7,5.9,7.6,2.5,1.9,0.6,2.5,4.2,17.1,,91,106
204,Roy Hibbert\hibbero01,C,25,IND,65,65,1937,9.1,18.2,.497,0.0,0.0,.000,9.1,18.2,.498,4.6,6.5,.711,5.8,9.8,15.6,2.9,0.9,3.5,3.5,5.3,22.8,,109,101
205,J.J. Hickson\hicksjj01,PF,23,TOT,54,19,1244,7.6,16.3,.467,0.0,0.1,.000,7.6,16.2,.469,3.6,5.6,.642,5.5,8.4,13.9,1.9,1.2,1.5,2.9,3.5,18.8,,102,108
205,J.J. Hickson\hicksjj01,PF,23,SAC,35,9,644,5.0,13.6,.370,0.0,0.1,.000,5.0,13.5,.372,2.9,4.6,.638,5.3,8.7,13.9,1.7,1.4,1.3,3.1,3.5,13.0,,89,109
205,J.J. Hickson\hicksjj01,PF,23,POR,19,10,600,10.4,19.2,.543,0.0,0.1,.000,10.4,19.1,.546,4.3,6.7,.645,5.8,8.1,13.9,2.0,1.1,1.6,2.7,3.6,25.2,,113,106
206,Cory Higgins\higgico01,PG,22,CHA,38,0,423,6.5,19.9,.325,0.5,2.5,.200,6.0,17.4,.343,5.2,7.5,.700,0.9,3.5,4.4,4.5,0.6,0.7,4.9,5.0,18.7,,77,114
207,Nene Hilario\hilarne01,C,29,TOT,39,33,1110,9.7,18.1,.537,0.0,0.2,.000,9.7,17.9,.542,5.2,7.7,.673,2.9,10.5,13.4,3.7,1.9,1.8,4.4,4.4,24.7,,105,103
207,Nene Hilario\hilarne01,C,29,DEN,28,27,826,8.8,17.3,.509,0.0,0.1,.000,8.8,17.2,.513,5.6,8.2,.677,2.7,10.2,12.8,3.8,2.2,1.5,4.8,4.3,23.2,,101,102
207,Nene Hilario\hilarne01,C,29,WAS,11,6,284,12.4,20.5,.607,0.0,0.4,.000,12.4,20.1,.618,4.2,6.4,.657,3.7,11.5,15.2,3.5,1.1,2.4,3.5,4.7,29.0,,116,103
208,George Hill\hillge01,PG,25,IND,50,9,1274,7.0,15.8,.442,2.2,6.1,.367,4.7,9.7,.489,3.8,4.9,.778,1.3,5.0,6.3,6.0,1.7,0.7,2.2,4.1,20.0,,117,105
209,Grant Hill\hillgr01,SF,39,PHO,49,46,1378,7.6,17.0,.446,0.5,2.0,.264,7.0,15.0,.470,3.1,4.1,.761,1.1,5.3,6.4,4.0,1.5,1.1,2.4,3.3,18.8,,100,107
210,Jordan Hill\hilljo01,C,24,TOT,39,8,551,7.8,15.7,.497,0.0,0.3,.000,7.8,15.4,.506,2.9,4.5,.638,5.8,11.9,17.7,1.5,1.3,2.6,3.0,6.8,18.5,,105,101
210,Jordan Hill\hilljo01,C,24,HOU,32,7,469,7.6,15.1,.504,0.0,0.3,.000,7.6,14.7,.515,2.8,4.4,.641,5.2,12.1,17.3,1.6,1.0,2.3,2.7,6.7,18.0,,106,102
210,Jordan Hill\hilljo01,C,24,LAL,7,1,82,9.1,19.4,.467,0.0,0.0,,9.1,19.4,.467,3.2,5.2,.625,9.1,11.0,20.0,1.3,3.2,3.9,4.5,7.1,21.3,,98,95
211,Kirk Hinrich\hinriki01,SG,31,ATL,48,31,1237,5.2,12.7,.414,2.0,5.8,.346,3.2,6.8,.472,1.1,1.4,.781,0.5,3.9,4.3,5.7,1.6,0.5,2.5,4.3,13.6,,100,104
212,Darington Hobson\hobsoda01,SG,24,MIL,5,0,39,2.6,17.1,.154,0.0,7.9,.000,2.6,9.2,.286,0.0,0.0,,0.0,3.9,3.9,7.9,0.0,0.0,2.6,1.3,5.3,,50,112
213,Jrue Holiday\holidjr01,PG,21,PHI,65,65,2196,8.8,20.3,.432,1.6,4.2,.380,7.2,16.2,.445,2.3,2.9,.783,1.4,3.8,5.2,7.1,2.5,0.4,3.3,3.3,21.4,,99,101
214,Ryan Hollins\holliry01,C,27,TOT,39,8,522,4.6,8.5,.548,0.0,0.0,,4.6,8.5,.548,3.9,7.6,.520,3.4,4.8,8.3,0.9,0.5,1.7,3.5,7.9,13.2,,95,108
214,Ryan Hollins\holliry01,C,27,CLE,24,7,362,4.1,8.1,.500,0.0,0.0,,4.1,8.1,.500,4.8,8.0,.600,3.6,4.5,8.1,0.9,0.6,1.7,3.5,8.0,12.9,,97,111
214,Ryan Hollins\holliry01,C,27,BOS,15,1,160,6.0,9.3,.643,0.0,0.0,,6.0,9.3,.643,2.0,6.6,.300,3.0,5.6,8.6,1.0,0.3,1.7,3.7,7.6,13.9,,91,102
215,Tyler Honeycutt\honeyty01,SF,21,SAC,15,0,88,4.6,13.8,.333,0.6,1.7,.333,4.0,12.1,.333,1.7,2.9,.600,1.7,6.3,8.1,4.0,2.3,1.7,1.2,1.7,11.5,,92,108
216,Al Horford\horfoal01,C,25,ATL,11,11,348,8.7,15.7,.553,0.0,0.2,.000,8.7,15.6,.559,3.4,4.6,.733,4.0,7.8,11.8,3.7,1.5,2.1,2.4,3.2,20.8,,116,100
217,Dennis Horner\hornede01,PF,23,NJN,8,0,22,2.4,9.7,.250,0.0,2.4,.000,2.4,7.3,.333,7.3,9.7,.750,4.8,7.3,12.1,0.0,0.0,0.0,2.4,2.4,12.1,,94,114
218,Dwight Howard\howardw01,C,26,ORL,54,54,2070,10.8,18.9,.573,0.0,0.2,.000,10.8,18.7,.579,7.3,14.9,.491,5.2,15.2,20.4,2.7,2.1,3.0,4.6,4.1,29.0,,106,96
219,Josh Howard\howarjo01,SF,31,UTA,43,18,991,7.6,19.1,.399,0.5,2.0,.243,7.2,17.2,.417,4.0,5.1,.773,2.1,6.3,8.4,2.6,1.7,0.5,2.8,4.8,19.7,,95,107
220,Juwan Howard\howarju01,PF,38,MIA,28,0,190,4.7,15.2,.309,0.0,0.0,,4.7,15.2,.309,2.2,2.8,.800,5.0,8.0,13.0,2.8,1.1,0.3,5.5,5.0,11.6,,73,102
221,Lester Hudson\hudsole01,PG,27,TOT,16,0,334,9.8,25.5,.383,2.5,10.1,.250,7.2,15.4,.469,5.4,6.5,.829,1.1,6.1,7.2,5.7,2.2,0.5,5.0,4.1,27.4,,94,108
221,Lester Hudson\hudsole01,PG,27,CLE,13,0,314,9.9,25.3,.391,2.5,10.2,.246,7.4,15.1,.489,5.4,6.4,.842,1.2,6.5,7.7,5.9,2.3,0.5,5.0,4.4,27.6,,96,108
221,Lester Hudson\hudsole01,PG,27,MEM,3,0,20,7.9,29.1,.273,2.6,7.9,.333,5.3,21.1,.250,5.3,7.9,.667,0.0,0.0,0.0,2.6,0.0,0.0,5.3,0.0,23.8,,72,112
222,Larry Hughes\hughela01,PG,33,ORL,9,0,114,2.4,10.4,.227,0.5,3.3,.143,1.9,7.1,.267,0.5,0.9,.500,0.5,1.9,2.4,3.3,0.9,0.0,5.7,4.7,5.7,,48,110
223,Kris Humphries\humphkr01,PF,26,NJN,62,62,2162,8.0,16.5,.481,0.0,0.0,,8.0,16.5,.481,5.1,6.8,.752,5.7,11.0,16.8,2.2,1.2,1.8,2.9,4.3,21.1,,110,106
224,Serge Ibaka\ibakase01,PF,22,OKC,66,66,1792,7.5,14.1,.535,0.0,0.1,.333,7.5,14.0,.536,2.2,3.4,.661,5.6,8.8,14.3,0.8,1.0,6.9,2.3,5.2,17.4,,113,98
225,Andre Iguodala\iguodan01,SF,28,PHI,62,62,2209,7.0,15.3,.454,1.8,4.7,.394,5.1,10.6,.481,2.9,4.7,.617,1.4,7.9,9.2,8.2,2.6,0.7,2.8,2.2,18.7,,108,98
226,Ersan Ilyasova\ilyaser01,PF,24,MIL,60,41,1655,9.1,18.5,.492,1.6,3.5,.455,7.5,15.0,.501,4.4,5.7,.781,6.1,10.3,16.4,2.2,1.3,1.4,2.4,4.1,24.2,,118,103
227,Kyrie Irving\irvinky01,PG,19,CLE,51,51,1558,11.8,25.2,.469,2.5,6.2,.399,9.3,19.0,.491,5.8,6.6,.872,1.5,5.0,6.4,9.3,1.8,0.7,5.4,3.7,31.8,,109,110
228,Royal Ivey\iveyro01,SG,30,OKC,34,0,354,3.8,10.6,.356,2.6,7.7,.340,1.2,2.9,.400,0.1,1.2,.125,0.1,3.4,3.5,1.5,2.0,0.0,1.3,5.2,10.3,,92,107
229,Jarrett Jack\jackja01,PG,28,NOH,45,39,1530,9.4,20.7,.456,1.4,4.0,.348,8.1,16.7,.482,4.6,5.3,.872,0.8,5.4,6.3,10.1,1.1,0.3,3.8,3.3,24.9,,109,108
230,Reggie Jackson\jacksre01,PG,21,OKC,45,0,501,5.3,16.4,.321,1.3,6.4,.210,3.9,10.0,.392,2.6,3.0,.862,1.4,4.0,5.5,7.3,2.6,0.1,3.7,3.2,14.4,,90,105
231,Stephen Jackson\jacksst02,SF,33,TOT,47,14,1212,6.7,18.0,.374,2.1,7.2,.288,4.7,10.8,.431,4.0,4.8,.825,0.9,6.0,6.9,5.0,2.3,0.6,4.4,4.2,19.5,,92,104
231,Stephen Jackson\jacksst02,SF,33,MIL,26,13,712,7.0,19.6,.357,2.2,7.8,.278,4.8,11.8,.409,3.6,4.3,.833,1.2,4.7,5.9,5.5,1.9,0.4,4.7,4.4,19.7,,88,107
231,Stephen Jackson\jacksst02,SF,33,SAS,21,1,500,6.4,15.8,.405,2.0,6.4,.306,4.4,9.4,.473,4.5,5.6,.815,0.6,7.8,8.4,4.2,2.9,0.7,3.8,3.9,19.3,,98,100
232,Damion James\jamesda01,SF,24,NJN,7,7,170,4.1,11.0,.371,0.0,0.3,.000,4.1,10.7,.382,2.5,3.8,.667,2.2,8.1,10.3,0.9,2.2,2.2,3.8,5.3,10.7,,76,106
233,LeBron James\jamesle01,SF,27,MIA,62,62,2326,14.1,26.4,.531,1.2,3.4,.362,12.8,23.1,.556,8.8,11.4,.771,2.1,9.0,11.1,8.8,2.6,1.1,4.8,2.2,38.1,,118,97
234,Mike James\jamesmi01,PG,36,CHI,11,0,120,9.0,22.0,.408,2.7,4.5,.600,6.3,17.5,.359,3.1,3.6,.875,0.9,3.6,4.5,13.0,1.8,0.9,6.3,9.0,23.8,,101,101
235,Antawn Jamison\jamisan01,PF,35,CLE,65,65,2151,10.3,25.5,.403,2.2,6.5,.341,8.1,19.0,.425,4.5,6.6,.683,3.0,7.0,10.0,3.2,1.2,1.1,2.2,4.0,27.3,,103,109
236,Al Jefferson\jeffeal01,C,27,UTA,61,61,2075,13.1,26.5,.492,0.0,0.1,.250,13.0,26.4,.493,3.5,4.5,.774,3.4,11.4,14.8,3.4,1.2,2.6,1.6,3.9,29.6,,112,103
237,Richard Jefferson\jefferi01,SF,31,TOT,63,44,1748,6.0,14.5,.416,3.3,8.0,.420,2.7,6.5,.411,1.7,2.5,.694,0.8,5.7,6.5,2.6,1.1,0.6,1.5,3.6,17.1,,109,108
237,Richard Jefferson\jefferi01,SF,31,SAS,41,41,1168,5.8,14.1,.414,3.5,8.4,.421,2.3,5.7,.403,1.5,2.2,.700,0.8,5.5,6.3,2.4,1.1,0.5,1.4,3.7,16.8,,110,106
237,Richard Jefferson\jefferi01,SF,31,GSW,22,3,580,6.4,15.1,.420,3.0,7.1,.418,3.4,8.1,.422,2.2,3.1,.686,0.7,6.1,6.8,3.0,1.1,0.6,1.6,3.4,17.8,,106,111
238,Jared Jeffries\jeffrja01,PF,30,NYK,39,4,729,4.2,10.2,.410,0.2,1.1,.188,4.0,9.0,.438,3.5,5.1,.681,4.9,5.9,10.7,1.8,2.0,1.8,2.0,6.3,12.0,,105,100
239,Charles Jenkins\jenkich01,PG,22,GSW,51,28,893,7.6,16.9,.447,0.2,1.2,.150,7.4,15.8,.469,2.0,2.3,.872,0.5,3.5,4.0,9.9,1.9,0.3,3.5,4.9,17.3,,100,112
240,Brandon Jennings\jennibr01,PG,22,MIL,66,66,2331,10.3,24.6,.418,2.8,8.5,.332,7.5,16.1,.464,4.2,5.2,.808,1.1,3.9,5.0,8.0,2.3,0.5,3.2,2.5,27.7,,106,107
241,Jonas Jerebko\jerebjo01,PF,24,DET,64,13,1468,7.8,16.6,.468,1.2,3.9,.302,6.6,12.7,.519,3.7,4.5,.806,3.5,7.8,11.3,1.6,1.5,0.8,2.4,5.9,20.4,,109,106
242,Yi Jianlian\jianlyi01,PF,24,DAL,30,0,203,8.0,21.2,.378,0.8,2.6,.300,7.2,18.6,.389,3.6,5.4,.667,3.1,9.6,12.7,1.3,1.8,2.1,3.6,5.9,20.4,,84,100
243,Amir Johnson\johnsam01,PF,24,TOR,64,43,1553,6.8,11.8,.576,0.1,0.2,.400,6.7,11.6,.579,2.0,2.9,.690,5.2,9.0,14.1,2.7,1.1,2.4,3.3,7.2,15.7,,109,102
244,Armon Johnson\johnsar02,PG,22,TOT,9,0,124,8.6,18.5,.465,0.4,1.3,.333,8.2,17.2,.475,2.6,2.6,1.000,0.4,5.2,5.6,4.7,2.1,0.0,2.6,3.9,20.2,,102,110
244,Armon Johnson\johnsar02,PG,22,POR,1,0,5,10.5,10.5,1.000,0.0,0.0,,10.5,10.5,1.000,0.0,0.0,,0.0,10.5,10.5,0.0,10.5,0.0,10.5,0.0,21.0,,73,86
244,Armon Johnson\johnsar02,PG,22,NJN,8,0,119,8.5,18.8,.452,0.4,1.3,.333,8.1,17.5,.462,2.7,2.7,1.000,0.4,4.9,5.4,4.9,1.8,0.0,2.2,4.0,20.1,,104,111
245,Carldell Johnson\johnsca01,PG,29,NOH,15,0,119,5.0,16.0,.314,1.8,6.9,.267,3.2,9.1,.350,0.5,1.4,.333,0.5,3.7,4.1,10.0,3.7,0.0,3.2,5.0,12.3,,86,104
246,Chris Johnson\johnsch03,C,26,TOT,27,0,175,6.1,12.5,.488,0.0,0.0,,6.1,12.5,.488,4.6,5.8,.789,4.6,7.6,12.2,0.6,1.8,2.7,4.6,10.1,16.8,,96,103
246,Chris Johnson\johnsch03,C,26,POR,20,0,93,6.2,13.0,.478,0.0,0.0,,6.2,13.0,.478,5.7,6.8,.833,4.5,5.7,10.2,0.6,0.6,4.5,4.0,11.3,18.1,,103,106
246,Chris Johnson\johnsch03,C,26,NOH,7,0,82,6.0,11.9,.500,0.0,0.0,,6.0,11.9,.500,3.3,4.6,.714,4.6,9.9,14.6,0.7,3.3,0.7,5.3,8.6,15.2,,88,100
247,Ivan Johnson\johnsiv01,PF,27,ATL,56,0,934,8.0,15.7,.513,0.1,0.3,.333,7.9,15.3,.517,4.1,5.7,.720,3.7,9.2,12.9,1.8,2.4,1.0,3.9,6.6,20.3,,101,98
248,JaJuan Johnson\johnsja02,PF,22,BOS,36,0,298,9.6,21.6,.446,0.0,0.0,,9.6,21.6,.446,1.1,1.6,.667,3.6,6.8,10.3,1.1,0.9,2.5,2.5,4.5,20.3,,88,99
249,James Johnson\johnsja01,SF,24,TOR,62,40,1561,8.0,17.8,.450,0.7,2.1,.317,7.4,15.8,.467,2.8,4.0,.704,2.5,7.5,10.1,4.2,2.4,2.9,3.5,6.1,19.5,,97,100
250,Joe Johnson\johnsjo02,SG,30,ATL,60,60,2127,10.6,23.3,.454,3.1,8.1,.388,7.5,15.2,.489,4.0,4.7,.849,1.3,4.2,5.5,5.8,1.2,0.3,2.9,1.9,28.2,,110,105
251,Trey Johnson\johnstr01,SG,27,NOH,11,0,61,7.1,12.5,.571,0.0,0.0,,7.1,12.5,.571,4.5,4.5,1.000,2.7,8.0,10.7,3.6,0.9,0.0,4.5,8.9,18.7,,108,107
252,Wesley Johnson\johnswe01,SF,24,MIN,65,64,1469,5.5,13.9,.398,1.9,5.9,.314,3.7,8.0,.461,0.8,1.2,.706,0.8,5.4,6.2,2.1,1.2,1.7,2.1,4.0,13.8,,93,107
253,Dahntay Jones\jonesda02,SF,31,IND,65,3,1052,5.8,14.1,.409,1.7,3.9,.429,4.1,10.3,.402,4.2,5.0,.838,1.2,4.7,5.9,3.2,1.2,0.6,2.3,6.0,17.4,,107,106
254,Dominique Jones\jonesdo02,SG,23,DAL,33,1,268,5.7,14.3,.397,0.2,1.6,.125,5.5,12.7,.431,5.7,7.2,.784,1.8,6.9,8.6,8.2,2.0,1.0,5.5,5.5,17.2,,93,102
255,James Jones\jonesja02,SG,31,MIA,51,10,666,4.5,11.9,.380,3.6,9.0,.404,0.9,2.8,.306,2.0,2.4,.833,0.5,3.4,3.9,1.5,1.3,0.7,0.8,3.6,14.6,,117,104
256,Solomon Jones\jonesso01,C-PF,27,TOT,21,1,292,4.5,11.3,.393,0.0,0.0,,4.5,11.3,.393,3.5,4.3,.826,5.9,4.8,10.8,1.7,1.7,2.0,3.3,8.0,12.4,,96,106
256,Solomon Jones\jonesso01,PF,27,LAC,10,0,96,0.6,4.5,.125,0.0,0.0,,0.6,4.5,.125,2.2,2.8,.800,6.2,3.4,9.5,1.1,2.2,2.8,2.8,6.7,3.4,,82,105
256,Solomon Jones\jonesso01,C,27,NOH,11,1,196,6.4,14.7,.434,0.0,0.0,,6.4,14.7,.434,4.2,5.0,.833,5.8,5.5,11.4,1.9,1.4,1.7,3.6,8.6,16.9,,99,106
257,DeAndre Jordan\jordade01,C,23,LAC,66,66,1798,6.2,9.8,.632,0.0,0.0,.000,6.2,9.7,.634,2.2,4.2,.525,6.0,10.3,16.3,0.5,0.9,4.0,2.2,5.7,14.6,,119,102
258,Jerome Jordan\jordaje01,C,25,NYK,21,0,108,8.1,15.7,.515,0.0,0.0,,8.1,15.7,.515,3.8,4.8,.800,6.7,6.2,12.9,1.9,0.5,2.9,1.0,7.2,20.0,,126,102
259,Cory Joseph\josepco01,PG,20,SAS,29,1,266,4.3,13.6,.314,0.6,2.9,.200,3.7,10.7,.345,2.1,3.3,.647,1.0,3.9,4.9,6.6,1.4,0.6,2.3,3.1,11.3,,88,106
260,Chris Kaman\kamanch01,C,29,NOH,47,33,1372,10.5,23.7,.446,0.0,0.0,,10.5,23.7,.446,3.3,4.2,.785,3.5,10.9,14.4,4.0,1.0,3.1,5.1,4.2,24.4,,91,102
261,Enes Kanter\kanteen01,C,19,UTA,66,0,874,7.0,14.2,.496,0.0,0.1,.000,7.0,14.1,.498,4.2,6.3,.667,6.4,10.3,16.7,0.5,1.1,1.4,3.2,5.2,18.3,,105,105
262,Jason Kapono\kaponja01,SG,30,LAL,27,0,269,4.1,10.8,.382,1.6,5.3,.296,2.6,5.5,.464,0.8,0.8,1.000,0.4,2.4,2.8,2.2,0.6,0.0,1.2,4.1,10.6,,99,111
263,D.J. Kennedy\kennedj01,SF,22,CLE,2,0,59,4.5,10.7,.417,1.8,3.6,.500,2.7,7.1,.375,0.0,1.8,.000,0.9,5.3,6.2,2.7,1.8,0.0,2.7,6.2,10.7,,85,110
264,Jason Kidd\kiddja01,PG,38,DAL,48,48,1379,3.8,10.4,.363,3.0,8.5,.354,0.8,1.9,.400,0.8,1.1,.786,0.6,7.0,7.5,10.1,3.1,0.4,3.5,3.2,11.4,,103,101
265,Linas Kleiza\kleizli01,SF,27,TOR,49,3,1057,8.4,20.9,.402,3.2,9.1,.346,5.2,11.8,.446,4.1,5.1,.810,2.1,8.0,10.1,2.3,1.2,0.2,3.3,6.1,24.1,,100,105
266,Brandon Knight\knighbr03,PG,20,DET,66,60,2129,8.1,19.4,.415,2.7,7.0,.380,5.4,12.5,.434,2.6,3.5,.759,0.8,4.5,5.3,6.3,1.2,0.3,4.3,3.9,21.4,,97,109
267,Kyle Korver\korveky01,SG,30,CHI,65,7,1469,6.5,15.1,.432,4.3,9.9,.435,2.2,5.2,.426,2.0,2.4,.833,1.0,4.9,5.8,4.1,1.3,0.5,1.9,4.0,19.4,,120,101
268,Kosta Koufos\koufoko01,C,22,DEN,48,24,792,7.4,12.4,.599,0.0,0.0,,7.4,12.4,.599,2.1,3.5,.600,6.1,10.5,16.6,1.0,1.5,2.6,2.1,6.2,16.9,,120,102
269,Carl Landry\landrca01,PF,28,NOH,41,8,999,9.9,19.7,.503,0.0,0.2,.000,9.9,19.5,.507,8.0,10.0,.799,4.2,7.4,11.6,2.1,0.7,0.7,3.5,4.8,27.8,,111,107
270,Ty Lawson\lawsoty01,PG,24,DEN,61,61,2124,9.0,18.4,.488,1.8,4.8,.365,7.2,13.6,.531,4.3,5.2,.824,1.3,4.2,5.4,9.6,2.0,0.1,3.6,2.3,24.0,,116,108
271,Courtney Lee\leeco01,SG,26,HOU,58,26,1757,7.5,17.3,.433,2.6,6.5,.401,4.9,10.8,.452,2.1,2.6,.826,0.8,4.0,4.7,2.6,2.0,0.7,1.9,3.2,19.7,,106,107
272,David Lee\leeda02,PF,28,GSW,57,57,2121,11.4,22.6,.503,0.0,0.1,.000,11.4,22.5,.506,5.4,6.9,.782,4.2,9.2,13.4,4.0,1.3,0.5,3.7,4.4,28.1,,108,109
273,Malcolm Lee\leema01,SG,21,MIN,19,0,243,4.9,12.5,.390,0.4,2.1,.200,4.4,10.4,.429,3.0,3.6,.824,1.9,3.6,5.5,6.6,1.7,0.8,3.6,4.7,13.1,,95,108
274,Kawhi Leonard\leonaka01,SF,20,SAS,64,39,1534,6.7,13.6,.493,1.4,3.7,.376,5.3,9.9,.536,2.3,3.0,.773,3.5,7.5,11.0,2.4,2.9,0.8,1.5,3.0,17.1,,119,101
275,Travis Leslie\leslitr01,SG,21,LAC,10,0,45,6.0,16.7,.357,0.0,0.0,,6.0,16.7,.357,4.8,10.8,.444,7.2,3.6,10.8,6.0,2.4,2.4,2.4,4.8,16.7,,98,105
276,Jon Leuer\leuerjo01,PF,22,MIL,46,12,555,8.9,17.6,.508,0.3,0.8,.333,8.7,16.8,.516,1.9,2.6,.750,4.2,6.9,11.1,2.3,1.3,1.6,1.7,6.2,20.1,,111,105
277,Rashard Lewis\lewisra02,SF,32,WAS,28,15,729,6.0,15.7,.385,1.1,4.8,.239,4.9,11.0,.448,2.2,2.6,.838,2.4,5.3,7.8,1.9,1.6,0.7,2.3,3.5,15.4,,94,108
278,DeAndre Liggins\liggide01,SF,23,ORL,17,0,115,5.6,11.7,.480,0.0,1.9,.000,5.6,9.8,.571,4.2,8.9,.474,2.8,4.2,7.0,2.3,2.8,0.0,4.7,2.8,15.5,,87,104
279,Jeremy Lin\linje01,PG,23,NYK,35,25,940,9.4,21.0,.446,1.3,4.1,.320,8.1,16.9,.477,8.0,10.0,.798,1.0,4.9,5.9,11.8,3.0,0.5,6.9,4.3,28.1,,104,101
280,Shaun Livingston\livinsh01,SG,26,MIL,58,27,1092,6.0,12.7,.469,0.1,0.1,.667,5.9,12.6,.466,2.9,3.7,.785,1.8,3.9,5.8,5.7,1.3,0.9,3.1,3.7,14.9,,102,108
281,Brook Lopez\lopezbr01,C,23,NJN,5,5,136,14.9,30.1,.494,0.0,0.0,,14.9,30.1,.494,7.8,12.5,.625,3.1,3.9,7.0,2.3,0.4,1.6,2.3,3.1,37.6,,107,113
282,Robin Lopez\lopezro01,C,23,PHO,64,0,895,7.2,15.6,.461,0.0,0.0,,7.2,15.6,.461,5.8,8.1,.714,5.2,6.9,12.1,1.2,1.0,3.5,2.5,7.4,20.2,,108,105
283,Kevin Love\loveke01,PF,23,MIN,55,55,2145,11.4,25.4,.448,2.5,6.8,.372,8.8,18.6,.475,9.1,11.0,.824,5.4,12.2,17.6,2.7,1.1,0.7,3.1,3.6,34.3,,117,104
284,Kyle Lowry\lowryky01,PG,25,HOU,47,38,1510,7.3,17.8,.409,2.7,7.3,.374,4.5,10.5,.434,5.9,6.9,.864,1.3,6.1,7.4,10.7,2.5,0.5,4.5,4.6,23.2,,111,104
285,John Lucas III\lucasjo02,PG,29,CHI,49,2,726,10.6,26.6,.399,4.1,10.4,.393,6.5,16.2,.404,2.1,2.4,.875,1.6,4.0,5.6,8.0,1.4,0.1,3.1,3.1,27.4,,107,102
286,Shelvin Mack\macksh01,PG,21,WAS,64,0,779,5.9,14.7,.400,0.8,2.8,.286,5.1,11.9,.427,2.8,3.9,.712,0.8,5.3,6.1,8.7,1.9,0.1,3.2,3.3,15.3,,99,108
287,Vernon Macklin\macklve01,C,25,DET,23,0,135,7.6,13.9,.543,0.0,0.0,,7.6,13.9,.543,3.2,5.6,.571,5.6,8.0,13.5,2.0,1.6,1.6,1.2,3.6,18.3,,121,105
288,Corey Maggette\maggeco01,SF,32,CHA,32,28,881,8.3,22.3,.373,1.4,3.9,.364,6.9,18.4,.375,10.6,12.4,.856,1.3,6.2,7.5,2.3,1.4,0.1,3.5,5.0,28.7,,100,112
289,Jamaal Magloire\magloja01,C,33,TOR,34,1,374,2.4,6.5,.378,0.0,0.0,,2.4,6.5,.378,1.0,3.9,.259,3.6,12.7,16.2,0.9,0.6,1.4,3.2,9.5,5.9,,70,102
290,Ian Mahinmi\mahinia01,C,25,DAL,61,12,1139,6.0,11.0,.546,0.0,0.0,.000,6.0,10.9,.549,4.3,6.8,.639,5.0,8.3,13.3,0.6,1.8,1.4,2.3,8.1,16.3,,113,101
291,Shawn Marion\mariosh01,SF,33,DAL,63,63,1919,7.9,17.7,.446,0.5,1.9,.294,7.3,15.8,.464,2.0,2.5,.796,4.0,8.8,12.7,3.6,1.8,1.0,2.7,2.4,18.3,,100,102
292,Cartier Martin\martica01,SF,27,WAS,17,2,391,7.8,17.8,.440,3.8,10.0,.387,4.0,7.8,.508,1.5,2.5,.579,1.6,6.1,7.7,1.3,1.5,0.3,1.7,4.6,21.0,,109,108
293,Kenyon Martin\martike01,PF,34,LAC,42,0,940,5.6,12.6,.441,0.2,0.7,.231,5.4,11.9,.454,1.1,3.1,.370,2.8,7.6,10.4,1.0,2.5,2.5,1.8,5.9,12.4,,92,102
294,Kevin Martin\martike02,SG,28,HOU,40,40,1264,9.2,22.2,.413,3.2,9.3,.347,6.0,12.9,.462,6.6,7.4,.894,0.5,3.9,4.4,4.6,1.2,0.1,2.9,2.9,28.2,,111,109
295,Roger Mason\masonro01,SG,31,WAS,52,0,697,7.7,19.2,.399,4.4,11.5,.383,3.3,7.7,.423,1.6,2.0,.778,0.5,4.6,5.1,3.5,1.0,0.4,2.4,2.5,21.3,,104,110
296,Wesley Matthews\matthwe02,SG,25,POR,66,53,2228,7.4,18.0,.412,3.0,8.0,.383,4.4,10.1,.434,3.5,4.0,.860,1.3,4.0,5.3,2.7,2.3,0.4,1.7,3.5,21.4,,110,108
297,Jason Maxiell\maxieja01,PF,28,DET,65,42,1466,6.7,14.1,.478,0.0,0.1,.000,6.7,14.0,.480,2.1,3.9,.547,4.6,7.6,12.2,1.5,1.2,1.8,2.6,5.5,15.6,,99,106
298,Eric Maynor\maynoer01,PG,24,OKC,9,0,137,5.3,14.7,.359,2.3,6.4,.353,3.0,8.3,.364,1.5,1.5,1.000,1.1,3.8,4.9,8.3,1.9,0.0,4.1,4.9,14.3,,96,107
299,O.J. Mayo\mayooj01,SG,24,MEM,66,0,1771,9.0,22.0,.408,3.0,8.2,.364,6.0,13.8,.434,4.0,5.1,.773,0.9,5.4,6.3,5.0,2.1,0.7,3.7,4.1,24.9,,101,103
300,Luc Mbah a Moute\mbahalu01,PF,25,MIL,43,22,1009,6.7,13.2,.510,0.1,0.2,.250,6.7,13.0,.514,3.3,5.2,.641,3.9,7.6,11.5,1.5,2.0,1.1,2.0,4.7,16.9,,109,104
301,JaVale McGee\mcgeeja01,C,24,TOT,61,45,1535,10.3,18.6,.556,0.0,0.0,,10.3,18.6,.556,2.6,5.6,.461,5.5,10.6,16.0,1.0,1.2,4.4,2.9,5.6,23.2,,106,101
301,JaVale McGee\mcgeeja01,C,24,WAS,41,40,1124,9.9,18.5,.535,0.0,0.0,,9.9,18.5,.535,2.7,5.4,.500,5.9,10.8,16.7,1.2,1.2,4.7,3.1,5.4,22.4,,104,101
301,JaVale McGee\mcgeeja01,C,24,DEN,20,5,411,11.5,18.8,.612,0.0,0.0,,11.5,18.8,.612,2.4,6.3,.373,4.5,9.8,14.3,0.7,1.2,3.8,2.4,6.0,25.4,,111,102
302,Tracy McGrady*\mcgratr01,SF,32,ATL,52,0,837,6.4,14.7,.437,1.0,2.1,.455,5.5,12.6,.434,3.6,5.3,.675,1.5,8.3,9.8,7.0,1.0,1.0,3.4,2.2,17.4,,102,102
303,Dominic McGuire\mcguido01,PF,26,GSW,64,6,1127,4.3,9.7,.448,0.0,0.2,.000,4.3,9.5,.456,1.8,2.4,.736,3.4,8.0,11.3,5.1,2.0,1.7,2.6,4.8,10.5,,103,107
304,Josh McRoberts\mcrobjo01,PF,24,LAL,50,6,718,4.1,8.7,.475,0.2,0.5,.429,3.9,8.2,.477,1.7,2.7,.639,4.5,8.1,12.6,3.8,1.1,1.3,2.3,5.5,10.2,,108,104
305,Jodie Meeks\meeksjo01,SG,24,PHI,66,50,1644,6.2,15.2,.409,3.2,8.7,.365,3.1,6.5,.468,2.5,2.8,.906,0.6,4.7,5.2,1.8,1.3,0.1,0.9,2.7,18.1,,111,103
306,C.J. Miles\milescj01,SG,24,UTA,56,14,1145,8.1,21.3,.381,2.1,6.9,.307,6.0,14.4,.416,5.0,6.2,.794,1.2,4.1,5.3,3.2,2.1,0.8,2.4,5.6,23.3,,101,108
307,Darko Milicic\milicda01,C,26,MIN,29,23,472,6.4,14.2,.454,0.0,0.0,,6.4,14.2,.454,1.7,4.0,.432,3.8,6.8,10.6,1.9,1.0,2.7,3.5,6.4,14.6,,88,106
308,Andre Miller\millean02,SG,35,DEN,66,7,1809,6.8,15.6,.438,0.5,2.3,.217,6.3,13.2,.478,3.9,4.8,.811,1.5,4.7,6.2,12.4,1.8,0.3,5.0,3.7,18.0,,104,108
309,Brad Miller\millebr01,C,35,MIN,15,1,146,3.2,9.5,.333,2.5,5.3,.467,0.7,4.2,.167,3.5,4.2,.833,1.4,5.3,6.7,8.5,1.4,0.7,4.2,3.5,12.3,,103,108
310,Mike Miller\millemi01,SG,31,MIA,39,2,752,6.4,14.6,.435,3.7,8.2,.453,2.7,6.4,.413,0.1,0.3,.400,1.5,7.4,9.0,2.9,1.0,0.4,2.1,4.1,16.6,,108,103
311,Patty Mills\millspa02,PG,23,SAS,16,3,261,12.5,25.7,.485,4.8,11.1,.429,7.7,14.7,.527,3.0,3.0,1.000,0.8,4.8,5.5,7.7,2.0,0.2,5.1,2.8,32.7,,110,105
312,Paul Millsap\millspa01,PF,26,UTA,64,62,2100,10.6,21.5,.495,0.2,0.8,.226,10.5,20.7,.505,5.0,6.4,.792,4.5,9.6,14.1,3.7,2.9,1.3,2.8,5.5,26.5,,113,102
313,Nazr Mohammed\mohamna01,C,34,OKC,63,1,692,5.9,12.6,.467,0.0,0.1,.000,5.9,12.5,.470,1.0,1.7,.565,4.4,8.3,12.7,1.0,1.5,2.8,1.9,7.5,12.8,,102,102
314,Greg Monroe\monrogr01,C,21,DET,66,66,2082,10.5,20.2,.521,0.0,0.0,.000,10.5,20.1,.522,5.2,7.0,.739,6.2,10.3,16.5,3.9,2.1,1.2,4.2,4.6,26.2,,110,102
315,Jamario Moon\moonja01,SF,31,CHA,8,0,123,3.0,10.3,.292,0.9,4.3,.200,2.1,6.0,.357,0.9,0.9,1.000,0.9,8.6,9.4,2.1,0.4,2.1,3.4,2.1,7.7,,64,110
316,E'Twaun Moore\mooreet01,PG,22,BOS,38,0,331,6.9,18.1,.381,2.7,7.2,.378,4.2,10.9,.382,1.1,1.1,1.000,0.6,4.7,5.3,5.5,1.8,0.5,3.4,5.3,17.7,,89,101
317,Mikki Moore\mooremi01,C,36,GSW,7,0,118,4.0,8.8,.450,0.0,0.0,,4.0,8.8,.450,2.6,3.1,.857,3.1,6.6,9.7,2.2,1.3,1.3,3.1,10.6,10.6,,96,109
318,Darius Morris\morrida01,PG,21,LAL,19,0,169,5.6,13.2,.429,1.3,2.8,.444,4.4,10.4,.424,1.9,2.8,.667,0.6,4.4,5.0,6.6,0.6,0.0,6.0,5.0,14.4,,84,109
319,Marcus Morris\morrima03,PF,22,HOU,17,0,126,6.6,22.4,.296,0.8,7.1,.118,5.8,15.4,.378,2.5,3.3,.750,2.1,4.6,6.6,1.2,0.8,0.8,1.7,5.0,16.6,,78,109
320,Markieff Morris\morrima02,PF,22,PHO,63,7,1227,7.3,18.4,.399,1.8,5.2,.347,5.5,13.2,.420,3.2,4.5,.717,2.9,8.9,11.8,2.7,1.7,1.8,3.0,7.6,19.7,,97,104
321,Anthony Morrow\morroan01,SG,26,NJN,62,18,1636,8.9,21.4,.413,3.5,9.3,.371,5.4,12.1,.446,3.2,3.4,.933,1.0,3.1,4.1,2.0,1.5,0.3,2.3,2.8,24.3,,105,113
322,Timofey Mozgov\mozgoti01,C,25,DEN,44,35,687,7.4,14.1,.526,0.0,0.0,,7.4,14.1,.526,2.9,4.2,.684,3.9,9.3,13.3,1.6,1.1,3.1,3.9,6.4,17.7,,100,103
323,Byron Mullens\mulleby01,C,22,CHA,65,25,1465,9.0,21.3,.425,0.4,1.8,.235,8.6,19.4,.443,3.3,4.0,.821,3.5,8.3,11.8,2.1,0.8,1.9,2.7,4.9,21.8,,94,110
324,Troy Murphy\murphtr01,PF,31,LAL,59,0,956,4.3,9.5,.450,1.6,3.7,.418,2.7,5.8,.471,0.3,0.5,.667,2.2,8.4,10.6,2.8,0.8,0.9,1.4,5.4,10.4,,110,105
325,Hamady N'Diaye\ndiayha01,C,25,WAS,3,0,3,0.0,17.3,.000,0.0,0.0,,0.0,17.3,.000,0.0,0.0,,0.0,0.0,0.0,0.0,0.0,0.0,0.0,0.0,0.0,,0,116
326,Eduardo Najera\najered01,PF,35,CHA,22,0,270,4.7,12.5,.375,1.6,5.7,.276,3.1,6.8,.457,0.4,0.8,.500,2.1,7.6,9.8,2.3,3.7,0.8,1.4,7.8,11.3,,92,105
327,Steve Nash\nashst01,PG,37,PHO,62,62,1961,7.8,14.7,.532,1.5,3.7,.390,6.3,10.9,.580,3.4,3.8,.894,0.7,4.2,4.9,17.5,1.0,0.2,6.1,1.4,20.4,,115,110
328,Gary Neal\nealga01,SG,27,SAS,56,7,1206,9.1,20.8,.436,3.6,8.5,.419,5.5,12.3,.448,2.1,2.7,.781,0.5,4.5,5.1,5.0,1.2,0.1,2.6,3.2,23.9,,107,107
329,Jameer Nelson\nelsoja01,PG,29,ORL,57,57,1706,8.2,19.2,.427,2.7,7.3,.377,5.4,11.9,.459,2.2,2.8,.807,0.9,4.8,5.7,10.3,1.2,0.2,4.3,4.1,21.4,,106,107
330,Joakim Noah\noahjo01,C,26,CHI,64,64,1945,6.9,13.6,.508,0.0,0.0,.000,6.9,13.5,.509,4.3,5.7,.748,6.7,10.7,17.4,4.4,1.1,2.5,2.5,4.5,18.1,,120,96
331,Andres Nocioni\nocioan01,SF,32,PHI,11,1,56,4.8,19.1,.250,1.0,5.7,.167,3.8,13.4,.286,5.7,10.5,.545,1.0,12.4,13.4,1.0,1.0,1.0,4.8,3.8,16.2,,64,98
332,Steve Novak\novakst01,PF,28,NYK,54,0,1020,8.1,17.0,.478,6.7,14.2,.472,1.4,2.8,.509,1.1,1.3,.846,0.5,4.8,5.3,0.6,0.8,0.5,1.1,3.0,24.1,,129,105
333,Dirk Nowitzki\nowitdi01,PF,33,DAL,62,62,2079,11.9,26.1,.457,2.0,5.4,.368,10.0,20.8,.481,8.0,9.0,.896,1.2,9.4,10.6,3.4,1.1,0.8,3.0,3.3,33.9,,110,103
334,Jermaine O'Neal\onealje01,C,33,BOS,25,24,570,4.8,11.2,.433,0.0,0.0,,4.8,11.2,.433,2.0,2.9,.677,3.4,9.1,12.6,0.9,0.7,4.0,2.0,7.5,11.6,,94,96
335,Lamar Odom\odomla01,SF,32,DAL,50,4,1027,6.3,17.8,.352,1.4,5.7,.252,4.9,12.2,.399,3.0,5.0,.592,1.8,8.8,10.6,4.2,1.0,0.9,2.7,5.0,17.0,,89,103
336,Emeka Okafor\okafoem01,C,29,NOH,27,27,781,7.9,14.9,.533,0.0,0.0,,7.9,14.9,.533,2.6,5.1,.514,4.9,10.0,14.8,1.7,1.1,1.8,2.6,5.1,18.5,,105,103
337,Mehmet Okur\okurme01,C,32,NJN,17,14,454,6.1,16.3,.374,2.7,8.4,.319,3.4,7.9,.433,0.4,0.6,.600,2.6,6.9,9.5,3.5,1.1,0.6,2.9,5.3,15.2,,93,111
338,Daniel Orton\ortonda01,PF,21,ORL,16,2,187,4.9,8.7,.567,0.0,0.3,.000,4.9,8.4,.586,3.2,7.2,.440,5.5,5.8,11.2,1.4,2.3,2.6,2.0,8.7,13.0,,112,101
339,Travis Outlaw\outlatr01,SF,27,SAC,39,5,500,6.1,17.7,.343,1.6,6.1,.267,4.5,11.7,.383,3.1,4.7,.674,1.9,4.3,6.2,1.6,1.9,2.1,2.0,3.4,16.9,,91,110
340,Larry Owens\owensla01,SF,29,NJN,7,0,75,2.8,7.8,.364,1.4,3.6,.400,1.4,4.3,.333,2.1,2.8,.750,1.4,7.8,9.2,2.8,0.0,0.7,1.4,7.1,9.2,,107,112
341,Zaza Pachulia\pachuza01,C,27,ATL,58,44,1640,5.5,11.0,.499,0.0,0.0,,5.5,11.0,.499,3.8,5.1,.741,5.0,9.8,14.8,2.6,1.8,0.9,2.6,5.6,14.8,,111,99
342,Jannero Pargo\pargoja01,PG,32,ATL,50,0,671,8.3,20.1,.415,4.2,10.9,.384,4.1,9.1,.452,1.5,1.6,.950,0.7,5.1,5.8,7.6,1.6,0.2,3.9,5.1,22.4,,103,104
343,Jeremy Pargo\pargoje01,PG,25,MEM,44,5,424,6.2,18.7,.333,1.2,4.7,.263,5.0,14.0,.357,2.0,3.4,.593,1.5,3.1,4.6,6.9,1.9,0.0,5.7,5.7,15.7,,77,106
344,Anthony Parker\parkean01,SF,36,CLE,51,51,1280,5.8,13.4,.433,2.1,5.7,.362,3.7,7.7,.484,1.4,2.3,.625,0.4,5.3,5.7,4.9,1.6,0.3,2.1,2.7,15.1,,105,110
345,Tony Parker\parketo01,PG,29,SAS,60,60,1923,11.5,23.9,.480,0.4,1.6,.230,11.1,22.3,.498,6.1,7.6,.799,0.6,4.0,4.6,12.4,1.5,0.1,4.1,2.0,29.4,,112,106
346,Chandler Parsons\parsoch01,SF,23,HOU,63,57,1804,7.2,15.9,.452,1.7,5.2,.337,5.5,10.8,.507,1.2,2.3,.551,2.6,6.1,8.7,3.9,2.1,0.8,2.4,4.1,17.4,,105,105
347,Patrick Patterson\pattepa01,PF,22,HOU,64,1,1483,7.9,18.0,.440,0.0,0.1,.000,7.9,17.9,.443,1.4,2.0,.702,4.0,6.1,10.1,1.9,1.0,1.3,1.7,4.0,17.3,,99,107
348,Chris Paul\paulch01,PG,26,LAC,60,60,2181,10.5,22.0,.478,1.9,5.3,.371,8.5,16.7,.511,6.4,7.5,.861,1.0,4.2,5.3,13.4,3.8,0.1,3.1,3.4,29.3,,126,104
349,Sasha Pavlovic\pavloal01,SF,28,BOS,45,7,527,5.0,12.9,.391,1.7,5.8,.293,3.3,7.1,.471,0.3,0.8,.375,0.4,6.9,7.3,1.8,2.0,1.5,2.0,5.4,12.1,,82,97
350,Nikola Pekovic\pekovni01,C,26,MIN,47,35,1264,10.4,18.5,.564,0.0,0.0,,10.4,18.5,.564,5.7,7.6,.743,7.4,6.7,14.1,1.3,1.2,1.3,3.5,4.0,26.5,,117,107
351,Kendrick Perkins\perkike01,C,27,OKC,65,65,1744,3.8,7.8,.489,0.0,0.0,,3.8,7.8,.489,2.2,3.3,.652,3.6,9.1,12.6,2.3,0.7,2.2,3.5,5.6,9.7,,96,103
352,Johan Petro\petrojo01,C,26,NJN,59,10,920,6.3,15.0,.419,0.1,0.1,1.000,6.3,15.0,.417,1.8,2.1,.838,3.9,9.0,13.0,2.6,1.2,1.3,2.2,7.1,14.5,,97,108
353,Paul Pierce\piercpa01,SF,34,BOS,61,61,2075,10.1,22.8,.443,2.6,7.0,.366,7.5,15.8,.476,7.5,8.8,.852,0.9,7.2,8.1,7.0,1.8,0.7,4.4,3.8,30.2,,106,99
354,Mickael Pietrus\pietrmi01,SG,29,BOS,42,6,921,6.0,15.6,.385,3.5,10.5,.335,2.5,5.1,.489,1.2,1.8,.645,1.0,6.5,7.5,1.4,1.2,0.6,1.9,4.7,16.7,,94,100
355,Dexter Pittman\pittmde01,C,23,MIA,35,6,301,7.7,16.4,.468,0.0,0.0,,7.7,16.4,.468,3.1,4.9,.643,4.7,7.7,12.4,1.6,1.4,1.4,3.0,12.8,18.5,,100,100
356,Quincy Pondexter\pondequ01,SF,23,MEM,64,8,1002,5.7,12.6,.452,1.2,3.9,.301,4.5,8.8,.518,1.7,2.8,.623,2.9,3.7,6.6,1.4,1.4,0.3,1.6,4.7,14.3,,107,106
357,A.J. Price\priceaj01,PG,25,IND,44,1,568,5.5,16.2,.339,2.4,8.2,.295,3.1,8.0,.384,2.6,3.3,.800,1.2,4.5,5.7,8.0,1.9,0.2,3.0,2.8,16.0,,100,106
358,Ronnie Price\pricero01,PG,28,PHO,36,8,517,4.9,13.0,.377,1.3,4.4,.295,3.6,8.6,.419,2.0,2.5,.800,1.8,3.8,5.6,6.7,3.4,0.3,4.6,7.2,13.1,,89,105
359,Tayshaun Prince\princta01,SF,31,DET,63,63,2087,8.7,20.6,.421,1.0,2.7,.356,7.7,17.9,.431,2.3,3.0,.774,1.9,5.4,7.2,3.9,0.7,0.8,1.9,2.0,20.6,,101,109
360,Joel Przybilla\przybjo01,C,32,POR,27,19,449,2.6,5.6,.458,0.0,0.0,,2.6,5.6,.458,1.3,2.1,.611,3.4,12.8,16.2,0.7,0.5,1.9,2.6,7.7,6.4,,89,104
361,Vladimir Radmanovic\radmavl01,SF,31,ATL,49,3,755,5.2,13.9,.376,3.5,9.5,.370,1.7,4.4,.387,1.6,2.0,.759,2.4,7.7,10.1,3.8,1.5,1.1,2.5,4.4,15.5,,104,101
362,Anthony Randolph\randoan01,PF,22,MIN,34,5,517,9.4,19.9,.470,0.0,0.1,.000,9.4,19.8,.472,6.4,8.4,.762,4.2,8.1,12.2,1.9,1.3,3.5,4.0,5.6,25.1,,102,103
363,Zach Randolph\randoza01,PF,30,MEM,28,8,735,9.5,20.5,.463,0.1,0.6,.250,9.4,19.9,.469,4.2,6.3,.659,5.6,10.6,16.2,3.5,1.5,0.3,2.9,4.1,23.3,,106,101
364,Michael Redd\reddmi01,SG,32,PHO,51,2,770,9.7,24.2,.400,2.8,8.9,.318,6.9,15.3,.447,5.9,7.5,.793,0.9,4.2,5.2,2.2,0.9,0.0,2.5,2.0,28.1,,102,111
365,J.J. Redick\redicjj01,SG,27,ORL,65,22,1765,7.6,17.8,.425,3.4,8.2,.418,4.2,9.7,.430,4.4,4.8,.911,0.5,4.0,4.6,5.0,0.8,0.2,2.1,2.8,22.9,,117,109
366,Ryan Reid\reidry01,PF,25,OKC,5,0,17,12.1,15.2,.800,0.0,0.0,,12.1,15.2,.800,0.0,0.0,,3.0,3.0,6.1,0.0,0.0,0.0,3.0,3.0,24.3,,128,112
367,Jason Richardson\richaja01,SG,31,ORL,54,54,1591,8.2,20.2,.408,3.5,9.4,.368,4.8,10.8,.442,1.4,2.3,.594,1.2,5.4,6.6,3.6,1.8,0.7,2.0,3.1,21.3,,103,105
368,Quentin Richardson\richaqu01,SF,31,ORL,48,3,866,4.6,12.3,.376,2.6,7.5,.347,2.0,4.7,.421,1.6,1.9,.833,0.9,6.7,7.7,2.4,1.7,0.4,1.8,4.6,13.4,,102,105
369,Luke Ridnour\ridnolu01,SG,30,MIN,53,53,1750,7.1,16.2,.440,1.4,4.5,.322,5.7,11.7,.485,3.1,3.5,.891,0.6,3.6,4.1,7.4,1.6,0.5,2.8,4.0,18.8,,109,109
370,Nate Robinson\robinna01,PG,27,GSW,51,9,1192,8.9,21.1,.424,2.9,7.9,.365,6.1,13.2,.459,4.1,4.9,.832,0.7,3.7,4.4,10.1,2.6,0.1,3.3,5.1,24.9,,110,110
371,Rajon Rondo\rondora01,PG,25,BOS,53,53,1957,6.9,15.5,.448,0.3,1.1,.238,6.7,14.4,.464,2.9,4.9,.597,1.7,5.3,7.0,16.8,2.6,0.1,5.2,2.7,17.1,,101,99
372,Derrick Rose\rosede01,PG,23,CHI,39,39,1375,11.8,27.2,.435,2.1,6.8,.312,9.7,20.4,.475,7.6,9.4,.812,1.0,4.1,5.1,12.0,1.4,1.1,4.7,2.0,33.4,,112,101
373,Ricky Rubio\rubiori01,PG,21,MIN,41,31,1404,5.1,14.3,.357,1.2,3.4,.340,3.9,10.8,.363,4.6,5.8,.803,0.8,5.5,6.3,12.3,3.3,0.3,4.8,3.6,16.0,,99,104
374,Brandon Rush\rushbr01,SF,26,GSW,65,1,1717,7.1,14.2,.501,3.0,6.6,.452,4.1,7.6,.544,2.0,2.5,.793,1.0,6.6,7.6,2.7,1.1,1.8,2.1,1.9,19.2,,115,110
375,Walker Russell\russewa02,PG,29,DET,28,0,357,5.0,14.3,.347,0.6,2.0,.308,4.4,12.4,.354,2.1,3.3,.636,1.1,2.9,3.9,8.7,2.7,0.2,5.0,4.4,12.7,,82,107
376,John Salmons\salmojo01,SF,32,SAC,46,32,1250,5.7,14.0,.409,1.3,4.5,.295,4.4,9.4,.464,1.2,1.8,.644,0.8,4.6,5.4,3.8,1.5,0.3,1.8,3.1,14.0,,99,112
377,Samardo Samuels\samuesa01,C,23,CLE,54,0,825,6.7,14.7,.455,0.0,0.0,,6.7,14.7,.455,5.2,7.5,.701,4.0,7.5,11.5,1.3,1.3,1.3,3.6,7.2,18.6,,98,108
378,Larry Sanders\sandela01,PF,23,MIL,52,0,643,6.7,14.7,.457,0.0,0.2,.000,6.7,14.5,.462,1.4,3.0,.474,4.9,7.8,12.7,2.6,2.5,6.1,3.4,10.6,14.8,,92,97
379,Brian Scalabrine\scalabr01,PF,33,CHI,28,0,122,6.2,13.2,.467,0.4,3.1,.143,5.7,10.2,.565,1.3,2.6,.500,3.5,5.7,9.3,6.6,2.2,2.6,4.0,4.0,14.1,,98,97
380,Luis Scola\scolalu01,PF,31,HOU,66,66,2067,11.0,22.5,.491,0.0,0.1,.000,11.0,22.4,.493,3.9,5.0,.773,3.1,7.8,10.8,3.5,0.9,0.6,3.9,5.4,26.0,,102,107
381,Thabo Sefolosha\sefolth01,SG,27,OKC,42,42,914,3.8,8.8,.432,1.8,4.0,.437,2.0,4.7,.429,2.1,2.4,.884,1.2,6.0,7.2,2.7,2.1,1.0,2.3,4.4,11.5,,109,104
382,Josh Selby\selbyjo01,PG,20,MEM,28,0,237,5.6,16.1,.347,0.4,3.3,.133,5.1,12.7,.404,2.5,3.1,.786,0.4,2.9,3.3,6.7,1.6,0.0,6.5,3.8,14.1,,73,107
383,Kevin Seraphin\serapke01,C,22,WAS,57,21,1176,9.0,16.9,.531,0.0,0.0,.000,9.0,16.8,.533,2.1,3.1,.671,4.5,7.8,12.4,1.5,0.8,3.4,2.9,5.9,20.0,,105,105
384,Ramon Sessions\sessira01,PG,25,TOT,64,23,1707,7.5,17.5,.428,1.3,3.0,.443,6.1,14.5,.425,6.0,7.7,.782,1.0,5.6,6.6,10.9,1.4,0.1,4.4,3.1,22.3,,108,109
384,Ramon Sessions\sessira01,PG,25,CLE,41,4,1006,7.4,18.5,.398,1.4,3.2,.419,6.0,15.3,.394,6.4,7.7,.830,1.0,5.6,6.6,11.1,1.4,0.1,4.3,3.3,22.5,,107,111
384,Ramon Sessions\sessira01,PG,25,LAL,23,19,701,7.6,16.0,.479,1.3,2.6,.486,6.4,13.3,.477,5.4,7.6,.713,1.1,5.5,6.6,10.7,1.3,0.2,4.5,2.8,22.0,,111,107
385,Iman Shumpert\shumpim01,PG,21,NYK,59,35,1705,6.5,16.1,.401,1.5,4.7,.306,5.0,11.4,.440,2.6,3.3,.798,1.3,4.4,5.6,5.0,3.1,0.2,3.4,5.2,17.0,,96,101
386,Xavier Silas\silasxa01,SG,24,PHI,2,0,39,5.5,20.6,.267,1.4,8.2,.167,4.1,12.4,.333,2.7,4.1,.667,2.7,2.7,5.5,4.1,0.0,0.0,4.1,6.9,15.1,,72,107
387,Bobby Simmons\simmobo01,SF,31,LAC,28,0,418,3.6,11.6,.311,2.6,7.7,.333,1.0,3.9,.267,0.5,0.9,.571,2.2,4.9,7.1,1.4,1.9,0.4,1.3,5.3,10.3,,95,108
388,Chris Singleton\singlch01,SF,22,WAS,66,51,1431,4.2,11.3,.372,1.6,4.6,.346,2.6,6.7,.389,1.1,1.6,.682,1.6,6.9,8.4,1.8,2.5,1.1,1.4,6.4,11.1,,97,105
389,James Singleton\singlja01,PF,30,WAS,12,0,262,8.1,14.8,.547,0.4,1.8,.222,7.7,13.1,.591,2.8,3.0,.933,4.9,11.1,16.0,3.0,1.8,1.6,2.0,5.3,19.4,,122,103
390,Brian Skinner\skinnbr01,C,35,MEM,1,0,4,0.0,13.2,.000,0.0,0.0,,0.0,13.2,.000,0.0,0.0,,0.0,0.0,0.0,0.0,0.0,0.0,0.0,13.2,0.0,,0,112
391,Donald Sloan\sloando01,PG,24,TOT,33,11,669,6.2,15.6,.399,0.2,2.0,.080,6.1,13.6,.445,1.8,2.4,.767,1.4,3.9,5.3,8.3,1.0,0.2,3.9,2.9,14.4,,91,112
391,Donald Sloan\sloando01,PG,24,ATL,5,0,20,8.0,21.3,.375,0.0,2.7,.000,8.0,18.6,.429,0.0,0.0,,2.7,10.6,13.3,13.3,2.7,0.0,5.3,8.0,16.0,,86,98
391,Donald Sloan\sloando01,PG,24,NOH,3,0,41,6.6,18.6,.357,0.0,2.7,.000,6.6,15.9,.417,2.7,5.3,.500,2.7,1.3,4.0,10.6,2.7,0.0,6.6,2.7,15.9,,79,108
391,Donald Sloan\sloando01,PG,24,CLE,25,11,608,6.1,15.2,.403,0.2,1.9,.091,6.0,13.3,.448,1.8,2.2,.808,1.3,3.8,5.1,8.0,0.9,0.3,3.6,2.8,14.3,,92,113
392,Craig Smith\smithcr01,PF,28,POR,47,0,464,6.7,13.3,.504,0.0,0.1,.000,6.7,13.2,.509,4.3,6.0,.717,3.7,8.7,12.5,2.2,1.8,0.6,2.7,6.2,17.7,,109,105
393,Greg Smith\smithgr02,C,21,HOU,8,0,69,5.3,8.3,.636,0.0,0.0,,5.3,8.3,.636,0.0,0.0,,3.8,11.4,15.2,0.8,1.5,3.8,0.8,12.9,10.6,,131,99
394,Ish Smith\smithis01,PG,23,TOT,26,1,234,7.1,18.5,.383,0.7,2.1,.333,6.4,16.4,.389,1.6,2.3,.700,1.6,6.4,8.0,9.4,3.4,0.5,3.0,3.4,16.4,,96,103
394,Ish Smith\smithis01,PG,23,GSW,6,1,63,9.9,24.8,.400,1.7,4.1,.400,8.3,20.6,.400,0.8,1.7,.500,1.7,5.8,7.4,7.4,3.3,0.0,0.8,3.3,22.3,,101,107
394,Ish Smith\smithis01,PG,23,ORL,20,0,171,6.0,16.1,.373,0.3,1.3,.250,5.7,14.8,.383,1.9,2.5,.750,1.6,6.6,8.2,10.1,3.5,0.6,3.8,3.5,14.2,,94,101
395,J.R. Smith\smithjr01,SG,26,NYK,35,1,967,8.8,21.6,.407,3.6,10.3,.347,5.2,11.3,.462,2.1,2.9,.709,1.5,5.7,7.2,4.5,2.9,0.3,2.5,4.6,23.2,,104,100
396,Jason Smith\smithja02,PF,25,NOH,40,29,947,10.4,20.0,.520,0.1,0.5,.111,10.3,19.5,.531,1.9,2.7,.702,4.1,7.1,11.2,2.0,1.2,2.4,2.3,5.9,22.7,,107,105
397,Jerry Smith\smithje01,PG,24,NJN,5,0,46,3.5,16.2,.214,1.2,6.9,.167,2.3,9.3,.250,0.0,0.0,,2.3,5.8,8.1,4.6,5.8,0.0,0.0,5.8,8.1,,78,102
398,Josh Smith\smithjo03,PF,26,ATL,66,66,2329,11.5,25.2,.458,0.6,2.5,.257,10.9,22.7,.480,4.6,7.4,.630,3.1,11.3,14.4,5.9,2.1,2.6,3.7,3.9,28.3,,101,96
399,Nolan Smith\smithno01,PG,23,POR,44,4,541,6.5,17.5,.372,1.3,4.4,.289,5.3,13.1,.400,1.9,2.7,.714,1.7,3.8,5.4,6.0,1.8,0.3,4.1,5.3,16.2,,88,109
400,Marreese Speights\speigma01,PF,24,MEM,60,54,1345,8.7,19.2,.453,0.0,0.1,.000,8.7,19.1,.456,3.3,4.3,.771,5.2,9.5,14.7,1.9,0.8,1.1,2.9,5.8,20.7,,102,102
401,Tiago Splitter\splitti01,C,27,SAS,59,2,1121,9.8,15.8,.618,0.0,0.0,,9.8,15.8,.618,5.8,8.3,.691,4.3,9.8,14.1,3.0,1.0,2.2,4.0,6.2,25.3,,117,102
402,Jerry Stackhouse\stackje01,SF,37,ATL,30,0,273,7.2,19.5,.370,2.5,7.4,.342,4.7,12.1,.387,4.1,4.5,.913,1.2,3.3,4.5,2.7,1.9,0.6,2.5,2.3,21.0,,97,104
403,Lance Stephenson\stephla01,SG,21,IND,42,1,442,5.6,15.0,.376,0.5,3.6,.133,5.1,11.4,.453,1.0,2.0,.471,1.4,4.9,6.3,5.5,2.5,0.6,4.3,3.6,12.7,,80,104
404,DeShawn Stevenson\stevede01,SF,30,NJN,51,30,960,2.7,9.5,.285,2.3,8.0,.283,0.4,1.5,.296,0.5,0.9,.563,0.4,5.2,5.6,2.3,1.1,0.2,1.1,3.3,8.2,,90,112
405,Greg Stiemsma\stiemgr01,C,26,BOS,55,3,766,4.6,8.4,.545,0.0,0.0,,4.6,8.4,.545,2.0,2.8,.707,3.3,8.9,12.3,1.9,2.6,5.9,2.3,10.0,11.2,,107,90
406,Julyan Stone\stoneju01,SG,23,DEN,22,2,179,3.7,8.8,.419,0.6,3.1,.182,3.1,5.7,.550,2.3,3.1,.727,1.4,5.7,7.1,10.5,2.3,1.7,3.1,5.1,10.2,,109,105
407,Amar'e Stoudemire\stoudam01,PF,29,NYK,47,47,1543,10.6,21.8,.483,0.2,0.7,.238,10.4,21.1,.491,6.2,8.1,.765,3.5,8.7,12.3,1.7,1.3,1.5,3.7,4.6,27.5,,104,101
408,Rodney Stuckey\stuckro01,SG,25,DET,55,48,1644,8.4,19.5,.429,1.1,3.4,.317,7.3,16.1,.452,8.7,10.5,.834,1.2,3.4,4.6,6.9,1.4,0.3,3.5,4.1,26.6,,112,109
409,DaJuan Summers\summeda01,SF,24,NOH,15,6,209,7.3,16.9,.431,1.3,4.2,.313,6.0,12.7,.469,1.8,2.3,.778,2.1,3.9,6.0,2.6,1.8,0.0,2.1,8.1,17.7,,100,108
410,Jeff Teague\teaguje01,PG,23,ATL,66,66,2183,7.8,16.4,.476,1.2,3.6,.342,6.6,12.7,.514,3.4,4.5,.757,0.5,3.4,3.9,7.8,2.6,0.9,3.3,3.5,20.3,,108,102
411,Sebastian Telfair\telfase01,PG,26,PHO,60,1,895,8.2,19.8,.412,1.9,6.1,.314,6.3,13.7,.456,3.1,3.9,.791,1.2,4.1,5.3,8.0,2.4,0.7,3.9,6.9,21.3,,99,107
412,Jason Terry\terryja01,SG,34,DAL,63,1,2000,9.4,21.8,.430,3.6,9.6,.378,5.7,12.2,.471,2.6,2.9,.883,0.4,3.5,3.9,5.9,1.9,0.3,3.3,1.8,24.9,,103,106
413,Hasheem Thabeet\thabeha01,C,24,TOT,20,3,139,4.2,7.9,.524,0.0,0.0,,4.2,7.9,.524,4.9,7.6,.650,6.1,9.8,15.9,0.0,0.4,3.8,3.0,7.6,13.2,,109,104
413,Hasheem Thabeet\thabeha01,C,24,HOU,5,0,23,6.8,6.8,1.000,0.0,0.0,,6.8,6.8,1.000,0.0,0.0,,2.3,13.7,15.9,0.0,0.0,4.6,0.0,11.4,13.7,,202,100
413,Hasheem Thabeet\thabeha01,C,24,POR,15,3,116,3.6,8.2,.444,0.0,0.0,,3.6,8.2,.444,5.9,9.1,.650,6.8,9.1,15.9,0.0,0.5,3.6,3.6,6.8,13.2,,103,105
414,Isaiah Thomas\thomais02,PG,22,SAC,65,37,1656,7.8,17.5,.448,2.5,6.7,.379,5.3,10.8,.491,4.7,5.7,.832,1.5,3.7,5.1,8.1,1.6,0.2,3.2,3.7,22.9,,116,113
415,Kurt Thomas\thomaku01,C,39,POR,53,3,803,4.8,10.3,.465,0.0,0.0,,4.8,10.3,.465,0.9,1.3,.700,2.6,9.8,12.3,3.0,1.6,2.0,2.0,8.1,10.5,,99,104
416,Lance Thomas\thomala01,PF,23,NOH,42,10,630,4.9,10.9,.452,0.0,0.1,.000,4.9,10.8,.456,4.5,5.3,.839,4.2,6.6,10.9,1.0,0.9,0.6,2.1,6.7,14.3,,110,107
417,Malcolm Thomas\thomama01,PF,23,SAS,3,0,15,0.0,10.3,.000,0.0,0.0,,0.0,10.3,.000,3.4,6.9,.500,3.4,6.9,10.3,3.4,3.4,3.4,0.0,0.0,3.4,,62,97
418,Tyrus Thomas\thomaty01,PF,25,CHA,54,30,1013,6.2,17.0,.367,0.1,0.2,.333,6.2,16.9,.367,3.3,4.3,.759,2.5,7.9,10.4,1.8,1.9,3.1,2.8,7.5,15.8,,84,106
419,Trey Thompkins\thomptr02,C,21,LAC,24,0,119,10.9,27.6,.393,1.8,5.9,.308,9.0,21.7,.417,2.3,3.2,.714,1.8,9.0,10.9,1.4,1.4,1.4,2.7,4.5,25.8,,90,105
420,Jason Thompson\thompja02,PF,25,SAC,64,47,1657,7.3,13.6,.535,0.0,0.1,.000,7.3,13.5,.537,3.3,5.5,.602,5.1,8.5,13.6,2.4,1.3,1.3,2.1,4.6,17.8,,115,109
421,Klay Thompson\thompkl01,SG,21,GSW,66,29,1608,10.3,23.2,.443,3.6,8.7,.414,6.7,14.5,.460,2.6,2.9,.868,0.8,4.4,5.2,4.3,1.6,0.6,3.3,5.0,26.7,,102,111
422,Mychel Thompson\thompmy02,SG,23,CLE,5,3,95,3.9,13.3,.292,2.2,6.1,.364,1.7,7.2,.231,0.0,0.0,,0.0,2.8,2.8,3.9,1.1,0.6,2.8,4.4,10.0,,76,113
423,Tristan Thompson\thomptr01,PF,20,CLE,60,25,1424,7.2,16.3,.439,0.0,0.1,.000,7.2,16.2,.441,3.9,7.1,.552,6.9,7.5,14.4,1.0,1.0,2.3,3.0,4.9,18.2,,98,108
424,Marcus Thornton\thornma01,SG,24,SAC,51,51,1780,10.0,22.9,.438,3.0,8.8,.345,7.0,14.0,.497,4.0,4.6,.865,2.4,3.0,5.4,2.8,2.0,0.3,2.4,3.2,27.1,,111,112
425,Jamaal Tinsley\tinslja01,PG,33,UTA,37,1,507,5.9,14.6,.404,1.0,3.8,.270,4.9,10.8,.452,1.3,1.8,.765,0.6,4.0,4.7,12.7,1.8,0.8,5.4,4.9,14.2,,93,108
426,Anthony Tolliver\tollian01,SF,26,MIN,51,0,882,4.1,10.6,.390,1.5,5.9,.248,2.7,4.7,.568,2.4,3.2,.745,2.9,6.0,8.9,1.3,1.0,1.1,2.0,5.0,12.1,,101,108
427,Ronny Turiaf\turiaro01,C,29,TOT,17,5,279,3.6,6.2,.576,0.0,0.2,.000,3.6,6.0,.594,2.4,4.1,.591,3.8,9.4,13.2,1.9,2.6,3.2,2.6,7.3,9.6,,107,96
427,Ronny Turiaf\turiaro01,C,29,WAS,4,0,58,2.7,2.7,1.000,0.0,0.0,,2.7,2.7,1.000,0.0,0.0,,0.9,9.8,10.7,4.5,5.4,2.7,5.4,6.3,5.4,,76,95
427,Ronny Turiaf\turiaro01,C,29,MIA,13,5,221,3.8,7.1,.533,0.0,0.2,.000,3.8,6.9,.552,3.1,5.2,.591,4.5,9.3,13.8,1.2,1.9,3.3,1.9,7.6,10.7,,114,96
428,Hedo Turkoglu\turkohe01,SF,32,ORL,53,53,1653,6.8,16.4,.415,3.0,8.4,.353,3.8,8.0,.480,2.2,3.1,.705,0.8,5.7,6.5,7.6,1.5,0.6,4.6,4.5,18.8,,99,106
429,Evan Turner\turneev01,SF,23,PHI,65,20,1713,8.2,18.4,.446,0.3,1.5,.224,7.9,16.9,.466,2.3,3.4,.676,0.8,10.9,11.7,5.6,1.2,0.6,3.3,3.7,19.1,,93,99
430,Jeremy Tyler\tylerje01,C,20,GSW,42,23,568,8.1,19.1,.421,0.0,0.1,.000,8.1,19.0,.423,2.7,4.8,.558,4.9,7.9,12.8,1.5,1.5,1.8,3.3,7.7,18.8,,89,108
431,Edwin Ubiles\ubileed01,SF,25,WAS,4,0,52,5.0,18.0,.278,1.0,5.0,.200,4.0,13.0,.308,3.0,3.0,1.000,2.0,8.0,10.0,1.0,1.0,1.0,1.0,1.0,14.0,,84,107
432,Ekpe Udoh\udohek01,C,24,TOT,61,11,1290,5.1,11.8,.431,0.0,0.1,.000,5.1,11.7,.433,3.4,4.6,.754,4.0,6.2,10.2,2.3,1.6,4.1,2.1,7.0,13.6,,104,105
432,Ekpe Udoh\udohek01,C,24,GSW,38,6,827,5.2,11.6,.443,0.0,0.0,,5.2,11.6,.443,2.9,4.0,.719,3.6,5.6,9.2,1.9,1.6,4.1,2.2,7.2,13.2,,101,107
432,Ekpe Udoh\udohek01,C,24,MIL,23,5,463,5.0,12.2,.409,0.0,0.2,.000,5.0,11.9,.417,4.4,5.5,.800,4.6,7.2,11.8,2.9,1.7,4.1,2.0,6.5,14.4,,108,102
433,Beno Udrih\udrihbe01,SG,29,MIL,59,0,1080,6.9,15.7,.440,0.8,2.8,.288,6.1,12.9,.473,1.8,2.6,.709,1.2,3.6,4.8,10.8,1.8,0.0,3.7,3.3,16.5,,102,109
434,Ben Uzoh\uzohbe01,PG,23,TOT,18,8,370,5.1,14.4,.354,0.0,0.1,.000,5.1,14.2,.357,1.6,2.8,.579,2.8,7.0,9.7,8.9,2.5,0.4,2.8,4.5,11.8,,91,103
434,Ben Uzoh\uzohbe01,PG,23,CLE,2,0,13,8.1,20.2,.400,0.0,0.0,,8.1,20.2,.400,0.0,0.0,,8.1,8.1,16.2,8.1,4.0,0.0,0.0,4.0,16.2,,115,104
434,Ben Uzoh\uzohbe01,PG,23,TOR,16,8,357,5.0,14.2,.351,0.0,0.2,.000,5.0,14.0,.355,1.7,2.9,.579,2.6,6.9,9.5,8.9,2.4,0.5,2.9,4.5,11.6,,90,103
435,Anderson Varejao\varejan01,C,29,CLE,25,25,785,7.6,14.9,.514,0.0,0.3,.000,7.6,14.6,.523,2.9,4.3,.672,7.3,11.9,19.2,2.9,2.3,1.1,3.0,4.2,18.1,,110,103
436,Greivis Vasquez\vasqugr01,SG,25,NOH,66,26,1706,7.2,16.7,.430,1.4,4.3,.319,5.8,12.4,.469,3.1,3.7,.821,0.7,4.8,5.5,11.4,1.9,0.3,4.7,4.0,18.8,,101,107
437,Jan Vesely\veselja01,PF,21,WAS,57,20,1078,5.6,10.5,.537,0.0,0.0,.000,5.6,10.4,.539,1.6,3.0,.532,4.9,7.1,12.0,2.3,1.9,1.5,2.9,7.5,12.8,,104,105
438,Charlie Villanueva\villach01,PF,27,DET,13,0,180,10.5,27.2,.385,4.5,13.4,.333,6.0,13.7,.435,1.8,2.1,.857,2.7,11.7,14.3,1.8,2.1,1.5,2.1,7.5,27.2,,100,101
439,Nikola Vucevic\vucevni01,C,21,PHI,51,15,812,8.6,19.2,.450,0.2,0.5,.375,8.4,18.7,.452,1.2,2.2,.529,5.8,10.4,16.2,2.0,1.3,2.2,2.2,7.3,18.7,,99,97
440,Dwyane Wade\wadedw01,SG,30,MIA,49,49,1625,13.5,27.1,.497,0.5,1.8,.268,13.0,25.3,.513,7.6,9.6,.791,2.4,5.3,7.7,7.3,2.7,2.0,4.2,3.6,35.0,,112,99
441,Von Wafer\wafervo01,SG,26,ORL,33,1,469,8.2,18.1,.452,1.6,4.5,.359,6.6,13.6,.483,4.4,6.2,.704,0.7,4.5,5.2,3.3,1.1,0.3,4.0,3.0,22.3,,98,107
442,Henry Walker\walkebi01,SG,24,NYK,32,8,620,5.7,14.2,.398,3.0,9.4,.319,2.7,4.8,.552,1.4,1.7,.850,0.7,5.9,6.6,3.1,1.6,0.6,2.9,7.0,15.7,,98,103
443,Kemba Walker\walkeke02,PG,21,CHA,66,25,1792,8.3,22.6,.366,2.0,6.6,.305,6.2,15.9,.392,4.9,6.3,.789,0.9,6.0,6.9,8.5,1.8,0.6,3.5,2.3,23.5,,96,111
444,John Wall\walljo01,PG,21,WAS,66,66,2386,8.2,19.4,.423,0.1,0.9,.071,8.2,18.5,.440,6.9,8.7,.789,1.0,5.5,6.5,11.5,2.1,1.2,5.5,3.0,23.4,,100,107
445,Ben Wallace\wallabe01,C,37,DET,62,11,980,1.9,4.7,.395,0.1,0.2,.250,1.8,4.5,.402,0.9,2.6,.340,4.4,10.3,14.8,2.4,2.6,2.8,1.9,3.3,4.7,,93,100
446,Gerald Wallace\wallage01,SF,29,TOT,58,58,2076,7.3,16.1,.454,1.2,3.8,.307,6.1,12.3,.500,4.6,5.7,.800,2.2,7.6,9.8,4.2,2.2,0.9,2.8,3.7,20.3,,109,106
446,Gerald Wallace\wallage01,SF,29,POR,42,42,1503,7.1,15.1,.472,0.9,3.4,.265,6.2,11.6,.533,4.4,5.6,.776,2.2,7.5,9.7,4.0,2.2,0.9,2.9,3.7,19.5,,108,105
446,Gerald Wallace\wallage01,SF,29,NJN,16,16,573,7.8,18.8,.416,1.9,4.8,.385,5.9,13.9,.427,5.1,5.9,.859,2.2,7.9,10.1,4.6,2.1,1.0,2.5,3.5,22.6,,110,107
447,Luke Walton\waltolu01,PF-SF,31,TOT,30,0,364,3.5,9.4,.369,1.0,2.9,.350,2.5,6.5,.378,0.0,0.0,,1.9,5.2,7.1,5.1,0.7,0.1,3.9,5.9,8.0,,80,112
447,Luke Walton\waltolu01,SF,31,LAL,9,0,65,4.9,11.4,.429,0.0,3.3,.000,4.9,8.2,.600,0.0,0.0,,4.9,6.5,11.4,4.1,1.6,0.0,1.6,7.3,9.8,,104,105
447,Luke Walton\waltolu01,PF,31,CLE,21,0,299,3.2,9.0,.353,1.2,2.8,.438,1.9,6.2,.314,0.0,0.0,,1.2,4.9,6.2,5.3,0.5,0.2,4.4,5.6,7.6,,76,113
448,Hakim Warrick\warriha01,PF,29,PHO,35,0,503,7.6,18.5,.411,0.1,1.0,.100,7.5,17.5,.429,7.8,10.2,.768,3.2,6.3,9.5,3.1,0.8,0.3,3.7,3.6,23.2,,100,109
449,Darryl Watkins\watkida01,C,27,NOH,5,0,98,3.9,7.8,.500,0.0,0.0,,3.9,7.8,.500,5.0,10.0,.500,4.4,10.5,15.0,1.7,2.8,2.2,4.4,7.8,12.8,,90,99
450,C.J. Watson\watsocj01,PG,27,CHI,49,25,1159,7.5,20.3,.368,3.2,8.0,.393,4.3,12.3,.352,3.9,4.8,.808,1.0,3.9,4.9,9.3,2.1,0.4,4.5,4.8,22.0,,101,101
451,Earl Watson\watsoea01,PG,32,UTA,50,2,1033,2.7,8.1,.338,0.5,2.6,.192,2.2,5.5,.407,1.6,2.3,.674,1.5,4.6,6.1,11.0,2.7,1.1,4.3,5.3,7.6,,90,106
452,Martell Webster\webstma02,SF,25,MIN,47,26,1140,5.2,12.3,.423,1.7,4.9,.339,3.5,7.4,.479,2.6,3.2,.792,1.9,5.7,7.6,1.8,1.4,0.8,2.1,3.9,14.6,,105,108
453,David West\westda01,PF,31,IND,66,66,1925,9.6,19.7,.487,0.1,0.2,.222,9.5,19.4,.491,3.9,4.8,.807,3.2,8.7,11.9,3.8,1.4,1.3,2.6,4.4,23.1,,110,102
454,Delonte West\westde01,PG,28,DAL,44,33,1060,8.2,17.8,.461,1.3,3.8,.355,6.9,14.1,.489,3.1,3.5,.886,0.6,4.4,5.0,6.9,2.9,0.5,3.8,3.3,20.9,,102,103
455,Russell Westbrook\westbru01,PG,23,OKC,66,66,2331,12.8,28.0,.457,1.4,4.3,.316,11.4,23.7,.482,7.5,9.1,.823,2.1,4.5,6.7,8.0,2.5,0.5,5.3,3.3,34.5,,108,105
456,D.J. White\whitedj01,PF,25,CHA,58,11,1098,8.4,16.9,.493,0.0,0.0,1.000,8.3,16.9,.491,2.1,2.9,.705,2.4,7.6,10.0,2.3,0.8,1.1,2.1,4.5,18.8,,100,111
457,Hassan Whiteside\whiteha01,C,22,SAC,18,0,109,5.6,12.6,.444,0.0,0.0,,5.6,12.6,.444,2.3,5.6,.417,7.4,10.7,18.1,0.0,1.4,7.0,2.3,5.6,13.5,,98,102
458,Chris Wilcox\wilcoch01,C,29,BOS,28,4,481,7.1,11.8,.598,0.0,0.0,,7.1,11.8,.598,2.7,4.3,.615,4.2,9.3,13.5,1.3,1.2,1.0,3.3,7.1,16.8,,105,98
459,Damien Wilkins\wilkida02,SF,32,DET,60,2,922,4.4,11.3,.394,0.4,1.3,.304,4.0,9.9,.406,2.0,3.2,.630,1.3,4.6,5.8,2.6,1.7,0.8,1.8,5.0,11.3,,93,108
460,Deron Williams\willide01,PG,27,NJN,55,55,1999,10.4,25.6,.407,3.1,9.1,.336,7.4,16.5,.446,6.8,8.1,.843,0.6,4.3,4.9,12.8,1.8,0.5,5.8,3.2,30.7,,106,111
461,Derrick Williams\willide02,PF,20,MIN,66,15,1418,7.4,18.1,.412,1.3,5.0,.268,6.1,13.1,.467,4.9,7.1,.697,2.8,8.5,11.3,1.4,1.1,1.1,2.8,3.4,21.2,,100,106
462,Elliot Williams\williel01,SG,22,POR,24,0,149,13.1,26.1,.500,2.8,9.5,.296,10.2,16.6,.617,2.1,6.4,.333,2.5,4.2,6.7,2.1,2.1,1.1,1.8,6.4,31.1,,106,107
463,Jordan Williams\willijo03,C,21,NJN,43,5,635,6.5,12.7,.507,0.0,0.0,,6.5,12.7,.507,3.6,5.5,.652,5.5,7.5,13.1,0.9,1.8,1.3,1.9,5.1,16.5,,112,108
464,Lou Williams\willilo02,PG,25,PHI,64,0,1682,10.1,24.9,.407,2.6,7.3,.362,7.5,17.6,.425,7.5,9.3,.812,1.0,4.0,4.9,7.0,1.7,0.6,2.3,2.9,30.4,,110,102
465,Marvin Williams\willima02,SF,25,ATL,57,37,1500,7.2,16.7,.432,2.1,5.3,.389,5.1,11.4,.452,4.1,5.2,.788,2.7,7.7,10.4,2.5,1.7,0.6,1.4,3.0,20.5,,113,101
466,Mo Williams\willima01,SG,29,LAC,52,1,1472,9.5,22.3,.426,3.4,8.7,.389,6.1,13.6,.449,2.6,2.9,.900,0.8,2.8,3.6,5.9,1.9,0.3,3.1,3.8,25.0,,107,109
467,Reggie Williams\willire02,SF,25,CHA,33,13,747,7.5,18.0,.416,2.3,7.5,.308,5.1,10.4,.493,2.0,2.8,.725,1.9,4.7,6.6,4.2,1.4,0.2,2.3,2.4,19.3,,100,113
468,Sean Williams\willise01,C,25,TOT,11,0,107,6.9,10.8,.636,0.0,0.0,,6.9,10.8,.636,5.9,6.4,.923,6.4,5.9,12.3,2.5,2.0,3.9,4.9,8.9,19.7,,117,98
468,Sean Williams\willise01,C,25,DAL,8,0,65,9.7,12.9,.750,0.0,0.0,,9.7,12.9,.750,4.0,4.8,.833,7.3,3.2,10.5,1.6,0.8,4.0,5.7,11.3,23.4,,118,103
468,Sean Williams\willise01,C,25,BOS,3,0,42,2.5,7.6,.333,0.0,0.0,,2.5,7.6,.333,8.9,8.9,1.000,5.1,10.1,15.2,3.8,3.8,3.8,3.8,5.1,13.9,,114,89
469,Shawne Williams\willish03,SF,25,NJN,25,6,514,4.4,15.2,.286,2.2,9.0,.241,2.2,6.2,.350,0.8,1.1,.727,2.1,5.0,7.0,1.7,1.0,1.1,1.3,4.6,11.7,,84,112
470,Shelden Williams\willish02,C,28,NJN,58,35,1276,4.0,8.4,.478,0.0,0.0,,4.0,8.4,.478,3.2,4.3,.731,5.9,8.7,14.6,1.5,2.0,1.6,2.8,6.2,11.2,,107,106
471,Terrence Williams\willite01,SG,24,TOT,30,0,550,7.9,18.4,.429,1.5,4.3,.348,6.4,14.2,.454,2.5,4.3,.587,1.2,8.3,9.5,6.1,1.9,0.7,4.0,3.3,19.8,,96,107
471,Terrence Williams\willite01,SG,24,HOU,12,0,181,5.8,16.5,.351,2.3,5.5,.421,3.5,11.0,.316,1.7,3.5,.500,0.6,7.5,8.1,2.9,1.2,0.3,2.9,4.6,15.6,,85,107
471,Terrence Williams\willite01,SG,24,SAC,18,0,369,8.9,19.4,.461,1.1,3.7,.296,7.8,15.7,.500,2.9,4.7,.618,1.5,8.7,10.2,7.6,2.2,0.8,4.5,2.6,21.8,,99,108
472,Metta World Peace\artesro01,SF,32,LAL,64,45,1720,5.6,14.3,.394,1.7,5.8,.296,3.9,8.5,.460,2.2,3.5,.617,2.2,4.5,6.7,4.3,2.1,0.8,2.1,4.2,15.2,,102,105
473,Brandan Wright\wrighbr03,C,24,DAL,49,0,791,9.6,15.5,.618,0.0,0.1,.000,9.6,15.4,.621,3.5,5.4,.634,4.1,7.4,11.5,0.9,1.5,4.2,1.4,4.0,22.6,,124,100
474,Chris Wright\wrighch01,SF,23,GSW,24,1,186,6.4,12.6,.511,0.0,0.0,,6.4,12.6,.511,6.7,8.7,.774,5.3,7.3,12.6,1.1,2.0,3.6,2.2,6.1,19.6,,120,106
475,Dorell Wright\wrighdo01,SF,26,GSW,61,61,1650,7.0,16.6,.422,3.3,9.2,.360,3.7,7.4,.500,2.5,3.1,.816,1.9,6.9,8.8,3.0,1.8,0.8,1.6,3.1,19.8,,111,109
476,Nick Young\youngni01,SG,26,TOT,62,35,1729,9.6,23.8,.403,3.1,8.6,.365,6.5,15.2,.424,4.4,5.1,.852,0.9,3.1,4.0,1.7,1.3,0.5,2.5,4.3,26.7,,102,110
476,Nick Young\youngni01,SG,26,WAS,40,32,1211,10.3,25.3,.406,3.1,8.4,.371,7.2,16.9,.424,4.8,5.6,.862,0.9,3.3,4.2,2.0,1.3,0.5,2.5,3.9,28.5,,103,111
476,Nick Young\youngni01,SG,26,LAC,22,3,518,7.9,20.1,.394,3.1,8.8,.353,4.8,11.2,.426,3.3,4.1,.821,1.1,2.6,3.7,1.0,1.5,0.6,2.5,5.3,22.2,,100,110
477,Sam Young\youngsa01,SF,26,TOT,35,2,375,6.4,18.0,.354,0.7,2.4,.294,5.7,15.6,.364,2.7,3.7,.731,2.8,5.9,8.8,2.1,2.4,0.8,2.3,3.3,16.1,,89,101
477,Sam Young\youngsa01,SF,26,MEM,21,2,240,7.0,18.3,.386,0.0,2.0,.000,7.0,16.3,.432,2.2,2.6,.833,3.1,5.9,9.0,2.0,2.4,0.4,2.0,2.6,16.3,,92,102
477,Sam Young\youngsa01,SF,26,PHI,14,0,135,5.2,17.4,.295,2.0,3.2,.625,3.2,14.3,.222,3.6,5.6,.643,2.4,5.9,8.3,2.4,2.4,1.6,2.8,4.4,15.9,,83,98
478,Thaddeus Young\youngth01,PF,23,PHI,63,1,1755,10.6,21.0,.507,0.0,0.1,.250,10.6,20.8,.508,3.4,4.4,.771,4.2,5.7,9.9,2.3,2.0,1.3,1.7,3.9,24.6,,111,100