"","Player","Pos","Age","Tm","DRB","TOV","PS.G","VORP","fix"
"1","Alex Abrines\abrinal01","SG",23,"OKC",-0.838798911650518,-0.765335174778544,-0.400589199933767,-0.491251979106834,"alexabrines"
"2","Arron Afflalo\afflaar01","SG",31,"SAC",-0.0894444048295637,-0.509433630270548,-0.00441551602436735,-0.83507176863149,"arronafflalo"
"3","Tony Allen\allento01","SG",35,"MEM",0.99295654946737,0.386221775507439,0.111135141782541,0.471443431562203,"tonyallen"
"4","Kyle Anderson\anderky01","SG",23,"SAS",0.326863654515411,-0.765335174778544,-0.829777357502283,0.196387599942478,"kyleanderson"
"5","D.J. Augustin\augusdj01","PG",29,"ORL",-0.589014076043533,0.130320230999443,-0.0869517001721589,-1.04136364234628,"djaugustin"
"6","Ron Baker\bakerro01","SG",23,"NYK",-0.255967628567554,0.00236945874544459,-0.714226699695375,-0.766307810726558,"ronbaker"
"7","Wade Baldwin\baldwwa01","PG",20,"MEM",-0.755537299781523,0.130320230999443,-0.8627918311614,-0.697543852821627,"wadebaldwin"
"8","Leandro Barbosa\barbole01","SG",34,"PHO",-0.589014076043533,-0.509433630270548,-0.351067489445092,-0.766307810726558,"leandrobarbosa"
"9","J.J. Barea\bareajo01","PG",32,"DAL",0.0770788189084262,0.898024864523431,0.40826540471459,-0.216196147487109,"jjbarea"
"10","Will Barton\bartowi01","SG",26,"DEN",1.15947977320536,0.642123320015435,0.870468035942223,0.26515155784741,"willbarton"
"11","Nicolas Batum\batumni01","SG",28,"CHO",2.99123523432325,1.79368027030142,1.10156935155604,1.02155509480165,"nicolasbatum"
"12","Jerryd Bayless\bayleje01","PG",28,"PHI",0.82643332572938,2.43343413157141,0.424772641544149,-0.491251979106834,"jerrydbayless"
"13","Bradley Beal\bealbr01","SG",23,"WAS",0.326863654515411,1.15392640903143,2.4221482979207,1.50290280013617,"bradleybeal"
"14","Malik Beasley\beaslma01","SG",20,"DEN",-1.25510697099549,-0.893285947032542,-0.76374841018405,-0.491251979106834,"malikbeasley"
"15","Marco Belinelli\belinma01","SG",30,"CHO",0.160340430777421,-0.253532085762552,0.342236457396357,-0.353724063296971,"marcobelinelli"
"16","Patrick Beverley\beverpa01","SG",28,"HOU",1.99209589189531,0.514172547761437,0.177164089100774,1.15908301061152,"patrickbeverley"
"17","Eric Bledsoe\bledser01","PG",27,"PHO",1.74231105628832,2.9452372205874,2.09200356132954,1.5716667580411,"ericbledsoe"
"18","Devin Booker\bookede01","SG",20,"PHO",0.493386878253401,2.56138490382541,2.25707592962512,-0.560015937011765,"devinbooker"
"19","Avery Bradley\bradlav01","SG",26,"BOS",2.40840395124028,0.642123320015435,1.29965619351074,0.058859684132616,"averybradley"
"20","Malcolm Brogdon\brogdma01","SG",24,"MIL",0.160340430777421,0.514172547761437,0.292714746907682,0.127623642037547,"malcolmbrogdon"
"21","Aaron Brooks\brookaa01","PG",32,"IND",-1.00532213538851,-0.125581313508554,-0.56566156822935,-0.83507176863149,"aaronbrooks"
"22","Bobby Brown\brownbo02","PG",32,"HOU",-1.50489180660248,-1.14918749154054,-0.978342488968308,-0.560015937011765,"bobbybrown"
"23","Trey Burke\burketr01","PG",24,"WAS",-1.0885837472575,-0.38148285801655,-0.56566156822935,-0.903835726536421,"treyburke"
"24","Alec Burks\burksal01","SG",25,"UTA",0.410125266384406,-0.38148285801655,-0.285038542126859,-0.697543852821627,"alecburks"
"25","Kentavious Caldwell-Pope\caldwke01","SG",23,"DET",0.410125266384406,0.00236945874544459,0.886975272771782,0.815263221086859,"kentaviouscaldwellpope"
"26","Isaiah Canaan\canaais01","SG",25,"CHI",-0.755537299781523,-0.765335174778544,-0.631690515547583,-0.560015937011765,"isaiahcanaan"
"27","Michael Carter-Williams\cartemi01","PG",25,"CHI",0.743171713860385,0.514172547761437,-0.301545778956417,-0.491251979106834,"michaelcarterwilliams"
"28","Semaj Christon\chrisse01","PG",24,"OKC",-0.755537299781523,-0.509433630270548,-0.912313541650074,-1.17889155815615,"semajchriston"
"29","Ian Clark\clarkia01","SG",25,"GSW",-0.589014076043533,-0.509433630270548,-0.2685313052973,-0.422488021201902,"ianclark"
"30","Jordan Clarkson\clarkjo01","SG",24,"LAL",0.326863654515411,1.15392640903143,1.03554040423781,-0.697543852821627,"jordanclarkson"
"31","Norris Cole\coleno01","PG",28,"OKC",-1.00532213538851,-0.765335174778544,-0.846284594331841,-0.560015937011765,"norriscole"
"32","Darren Collison\collida01","PG",29,"SAC",-0.0894444048295637,0.770074092269433,0.787931851794431,-0.216196147487109,"darrencollison"
"33","Mike Conley\conlemi01","PG",29,"MEM",0.82643332572938,1.53777872579342,1.99296014035219,2.67189008452,"mikeconley"
"34","Pat Connaughton\connapa01","SG",24,"POR",-0.755537299781523,-0.893285947032542,-0.978342488968308,-0.422488021201902,"patconnaughton"
"35","Allen Crabbe\crabbal01","SG",24,"POR",0.493386878253401,-0.38148285801655,0.375250931055474,-0.00990427377231519,"allencrabbe"
"36","Jamal Crawford\crawfja01","SG",36,"LAC",-0.505752464174538,0.642123320015435,0.639366720328407,-0.83507176863149,"jamalcrawford"
"37","Jordan Crawford\crawfjo02","SG",28,"NOP",-0.339229240436548,0.258271003253441,0.936496983260456,-0.28496010539204,"jordancrawford"
"38","Seth Curry\curryse01","PG",26,"DAL",0.160340430777421,0.258271003253441,0.721902904476198,0.746499263181928,"sethcurry"
"39","Stephen Curry\curryst01","PG",28,"GSW",1.40926460881234,2.43343413157141,2.78530750817099,3.84087736890383,"stephencurry"
"40","Troy Daniels\danietr01","SG",25,"MEM",-0.672275687912528,-0.509433630270548,-0.0374299896834841,-0.628779894916696,"troydaniels"
"41","Malcolm Delaney\delanma01","PG",27,"ATL",-0.422490852305543,0.258271003253441,-0.499632620911117,-1.24765551606108,"malcolmdelaney"
"42","Matthew Dellavedova\dellama01","PG",26,"MIL",-0.339229240436548,0.898024864523431,-0.136473410660834,-1.38518343187094,"matthewdellavedova"
"43","DeMar DeRozan\derozde01","SG",27,"TOR",1.90883428002631,1.66572949804742,3.11545224476215,0.884027178991791,"demarderozan"
"44","Spencer Dinwiddie\dinwisp01","PG",23,"BRK",0.243602042646416,0.00236945874544459,-0.185995121149509,-0.147432189582178,"spencerdinwiddie"
"45","Toney Douglas\douglto01","PG",30,"MEM",-0.00618279296056875,-0.253532085762552,-0.582168805058908,-0.353724063296971,"toneydouglas"
"46","Goran Dragic\dragigo01","PG",30,"MIA",0.82643332572938,2.30548335931741,1.95994566669307,1.5716667580411,"gorandragic"
"47","Kris Dunn\dunnkr01","PG",22,"MIN",-0.172706016698559,0.00236945874544459,-0.76374841018405,-0.491251979106834,"krisdunn"
"48","Wayne Ellington\ellinwa01","SG",29,"MIA",-0.172706016698559,-0.765335174778544,0.342236457396357,0.058859684132616,"wayneellington"
"49","Monta Ellis\ellismo01","SG",31,"IND",0.410125266384406,0.898024864523431,0.0120917208051909,-0.560015937011765,"montaellis"
"50","Dante Exum\exumda01","PG",21,"UTA",-0.422490852305543,0.130320230999443,-0.36757472627465,-0.491251979106834,"danteexum"
"51","Jordan Farmar\farmajo01","PG",30,"SAC",-0.838798911650518,0.514172547761437,-0.400589199933767,-0.422488021201902,"jordanfarmar"
"52","Kay Felder\feldeka01","PG",21,"CLE",-0.922060523519513,-0.509433630270548,-0.730733936524933,-0.697543852821627,"kayfelder"
"53","Raymond Felton\feltora01","PG",32,"LAC",0.243602042646416,-0.125581313508554,-0.285038542126859,-0.147432189582178,"raymondfelton"
"54","Bryn Forbes\forbebr01","SG",23,"SAS",-1.1718453591265,-1.02123671928654,-0.96183525213875,-0.628779894916696,"brynforbes"
"55","Evan Fournier\fournev01","SG",24,"ORL",0.326863654515411,1.28187718128543,1.44822132497676,-0.147432189582178,"evanfournier"
"56","Randy Foye\foyera01","SG",33,"BRK",0.0770788189084262,0.130320230999443,-0.532647094570233,-0.83507176863149,"randyfoye"
"57","Tim Frazier\fraziti01","PG",26,"NOP",0.0770788189084262,0.642123320015435,-0.219009594808626,-0.491251979106834,"timfrazier"
"58","Patricio Garino\garinpa01","SG",23,"ORL",-0.672275687912528,-0.637384402524546,-1.39102340970727,-0.560015937011765,"patriciogarino"
"59","Michael Gbinije\gbinimi01","SG",24,"DET",-1.58815341847147,-1.40508903604853,-1.32499446238903,-0.491251979106834,"michaelgbinije"
"60","Marcus Georges-Hunt\georgma01","SG",22,"ORL",-0.339229240436548,-0.893285947032542,-0.928820778479633,-0.422488021201902,"marcusgeorgeshunt"
"61","Jonathan Gibson\gibsojo01","PG",29,"DAL",-0.672275687912528,0.130320230999443,-0.36757472627465,-0.560015937011765,"jonathangibson"
"62","Manu Ginobili\ginobma01","SG",39,"SAS",-0.0894444048295637,0.386221775507439,-0.152980647490392,0.471443431562203,"manuginobili"
"63","Eric Gordon\gordoer01","SG",28,"HOU",0.243602042646416,0.642123320015435,1.28314895668118,-0.147432189582178,"ericgordon"
"64","Treveon Graham\grahatr01","SG",23,"CHO",-1.1718453591265,-1.27713826379454,-1.04437143628654,-0.422488021201902,"treveongraham"
"65","Jerian Grant\grantje02","PG",24,"CHI",-0.422490852305543,-0.509433630270548,-0.417096436763325,-0.147432189582178,"jeriangrant"
"66","Danny Green\greenda02","SG",29,"SAS",0.65991010199139,0.00236945874544459,-0.185995121149509,0.952791136896722,"dannygreen"
"67","Tim Hardaway\hardati02","SG",24,"ATL",0.326863654515411,0.258271003253441,1.00252593057869,0.196387599942478,"timhardaway"
"68","James Harden\hardeja01","PG",27,"HOU",4.15689780048918,5.88810498242936,3.4125825076942,5.76626819024191,"jamesharden"
"69","Devin Harris\harride01","PG",33,"DAL",-0.172706016698559,-0.253532085762552,-0.285038542126859,-0.147432189582178,"devinharris"
"70","Gary Harris\harriga01","SG",22,"DEN",0.243602042646416,0.258271003253441,1.06855487789692,0.677735305276997,"garyharris"
"71","Joe Harris\harrijo01","SG",25,"BRK",0.410125266384406,0.00236945874544459,-0.0374299896834841,-0.628779894916696,"joeharris"
"72","Manny Harris\harrima01","SG",27,"DAL",-0.422490852305543,-0.765335174778544,-1.0608786731161,-0.491251979106834,"mannyharris"
"73","Aaron Harrison\harriaa01","SG",22,"CHO",-1.1718453591265,-1.40508903604853,-1.35800893604815,-0.422488021201902,"aaronharrison"
"74","Andrew Harrison\harrian01","PG",22,"MEM",-0.339229240436548,0.130320230999443,-0.417096436763325,-0.560015937011765,"andrewharrison"
"75","Gerald Henderson\hendege02","SG",29,"PHI",0.0770788189084262,-0.253532085762552,0.127642378612099,-0.766307810726558,"geraldhenderson"
"76","George Hill\hillge01","PG",30,"UTA",0.743171713860385,0.770074092269433,1.39869961448809,1.09031905270658,"georgehill"
"77","Darrun Hilliard\hillida01","SG",23,"DET",-1.00532213538851,-0.509433630270548,-0.846284594331841,-0.697543852821627,"darrunhilliard"
"78","Jrue Holiday\holidjr01","PG",26,"NOP",1.07621816133636,2.30548335931741,1.15109106204471,0.952791136896722,"jrueholiday"
"79","Justin Holiday\holidju01","SG",27,"NYK",0.326863654515411,-0.38148285801655,-0.119966173831276,-0.147432189582178,"justinholiday"
"80","Rodney Hood\hoodro01","SG",24,"UTA",0.99295654946737,0.00236945874544459,0.70539566764664,-0.216196147487109,"rodneyhood"
"81","Danuel House\houseda01","SG",23,"WAS",-0.838798911650518,-1.40508903604853,-1.39102340970727,-0.422488021201902,"danuelhouse"
"82","Marcelo Huertas\huertma01","PG",33,"LAL",-0.838798911650518,-0.38148285801655,-0.945328015309191,-0.628779894916696,"marcelohuertas"
"83","R.J. Hunter\hunterj01","SG",23,"CHI",-1.42163019473348,-1.40508903604853,-1.39102340970727,-0.422488021201902,"rjhunter"
"84","Kyrie Irving\irvinky01","PG",24,"CLE",0.410125266384406,1.79368027030142,2.76880027134143,1.5716667580411,"kyrieirving"
"85","Jarrett Jack\jackja01","PG",33,"NOP",-1.67141503034047,0.514172547761437,-0.895806304820516,-0.491251979106834,"jarrettjack"
"86","Demetrius Jackson\jacksde01","PG",22,"BOS",-1.33836858286449,-1.40508903604853,-1.0608786731161,-0.422488021201902,"demetriusjackson"
"87","Pierre Jackson\jackspi01","PG",25,"DAL",-0.838798911650518,-0.893285947032542,-0.6647049892067,-0.491251979106834,"pierrejackson"
"88","Reggie Jackson\jacksre01","PG",26,"DET",-0.172706016698559,1.40982795353942,1.00252593057869,-0.28496010539204,"reggiejackson"
"89","John Jenkins\jenkijo01","SG",25,"PHO",-1.42163019473348,-1.40508903604853,-1.09389314677522,-0.422488021201902,"johnjenkins"
"90","Tyler Johnson\johnsty01","PG",24,"MIA",1.07621816133636,0.130320230999443,0.870468035942223,0.884027178991791,"tylerjohnson"
"91","Tyus Jones\jonesty01","PG",20,"MIN",-0.838798911650518,-0.637384402524546,-0.813270120672725,-0.422488021201902,"tyusjones"
"92","Cory Joseph\josepco01","PG",25,"TOR",0.243602042646416,0.386221775507439,0.144149615441658,-0.00990427377231519,"coryjoseph"
"93","Sean Kilpatrick\kilpase01","SG",27,"BRK",1.40926460881234,1.02597563677743,0.771424614964873,-0.697543852821627,"seankilpatrick"
"94","Brandon Knight\knighbr03","SG",25,"PHO",-0.255967628567554,0.642123320015435,0.424772641544149,-0.903835726536421,"brandonknight"
"95","Jeremy Lamb\lambje01","SG",24,"CHO",1.49252622068134,-0.637384402524546,0.210178562759891,-0.353724063296971,"jeremylamb"
"96","Nicolas Laprovittola\laproni01","PG",27,"SAS",-1.25510697099549,0.00236945874544459,-0.846284594331841,-0.491251979106834,"nicolaslaprovittola"
"97","Zach LaVine\lavinza01","SG",21,"MIN",0.82643332572938,0.898024864523431,1.72884435107926,0.127623642037547,"zachlavine"
"98","Ty Lawson\lawsoty01","PG",29,"SAC",-0.00618279296056875,1.02597563677743,0.243193036419007,-0.216196147487109,"tylawson"
"99","Courtney Lee\leeco01","SG",31,"NYK",0.576648490122396,-0.253532085762552,0.391758167885032,0.333915515752341,"courtneylee"
"100","Damian Lillard\lillada01","PG",26,"POR",1.90883428002631,1.92163104255542,3.06593053427348,2.53436216871014,"damianlillard"
"101","Jeremy Lin\linje01","PG",28,"BRK",1.15947977320536,1.66572949804742,1.00252593057869,0.196387599942478,"jeremylin"
"102","Shaun Livingston\livinsh01","PG",31,"GSW",-0.339229240436548,-0.38148285801655,-0.549154331399792,-0.422488021201902,"shaunlivingston"
"103","Kyle Lowry\lowryky01","PG",30,"TOR",1.65904944441933,2.30548335931741,2.3065976401138,2.94694591613973,"kylelowry"
"104","John Lucas III\lucasjo02","PG",34,"MIN",-1.67141503034047,-1.40508903604853,-1.32499446238903,-0.422488021201902,"johnlucasiii"
"105","Sheldon Mac\mcclesh01","SG",24,"WAS",-0.838798911650518,-1.14918749154054,-0.895806304820516,-0.491251979106834,"sheldonmac"
"106","Shelvin Mack\macksh01","PG",26,"UTA",-0.0894444048295637,0.642123320015435,-0.103458937001717,-0.353724063296971,"shelvinmack"
"107","Wesley Matthews\matthwe02","SG",30,"DAL",1.07621816133636,0.386221775507439,0.837453562283107,0.471443431562203,"wesleymatthews"
"108","Patrick McCaw\mccawpa01","SG",21,"GSW",-0.755537299781523,-0.765335174778544,-0.730733936524933,-0.353724063296971,"patrickmccaw"
"109","C.J. McCollum\mccolcj01","SG",25,"POR",0.743171713860385,1.40982795353942,2.40564106109115,1.02155509480165,"cjmccollum"
"110","T.J. McConnell\mccontj01","PG",24,"PHI",0.493386878253401,1.15392640903143,-0.252024068467742,-0.422488021201902,"tjmcconnell"
"111","Rodney McGruder\mcgruro01","SG",25,"MIA",0.0770788189084262,-0.509433630270548,-0.334560252615534,0.127623642037547,"rodneymcgruder"
"112","Ben McLemore\mclembe01","SG",23,"SAC",-0.172706016698559,-0.125581313508554,-0.0539372265130424,-1.04136364234628,"benmclemore"
"113","Jordan McRae\mcraejo01","SG",25,"CLE",-0.922060523519513,-0.893285947032542,-0.6647049892067,-0.697543852821627,"jordanmcrae"
"114","Jodie Meeks\meeksjo01","SG",29,"ORL",-0.00618279296056875,-0.125581313508554,0.111135141782541,-0.422488021201902,"jodiemeeks"
"115","Patty Mills\millspa02","PG",28,"SAS",-0.422490852305543,0.258271003253441,0.177164089100774,0.608971347372066,"pattymills"
"116","Elijah Millsap\millsel01","SG",29,"PHO",-0.422490852305543,-0.125581313508554,-1.14341485726389,-0.491251979106834,"elijahmillsap"
"117","E'Twaun Moore\mooreet01","SG",27,"NOP",-0.339229240436548,-0.38148285801655,0.193671325930332,-0.216196147487109,"etwaunmoore"
"118","Emmanuel Mudiay\mudiaem01","PG",20,"DEN",0.576648490122396,1.40982795353942,0.424772641544149,-0.83507176863149,"emmanuelmudiay"
"119","Dejounte Murray\murrade01","PG",20,"SAS",-0.922060523519513,-0.125581313508554,-0.829777357502283,-0.560015937011765,"dejountemurray"
"120","Jamal Murray\murraja01","SG",19,"DEN",0.0770788189084262,0.386221775507439,0.243193036419007,-0.628779894916696,"jamalmurray"
"121","Shabazz Napier\napiesh01","PG",25,"POR",-0.838798911650518,-0.38148285801655,-0.714226699695375,-0.422488021201902,"shabazznapier"
"122","Gary Neal\nealga01","SG",32,"ATL",-1.25510697099549,-1.40508903604853,-1.0608786731161,-0.491251979106834,"garyneal"
"123","Jameer Nelson\nelsoja01","PG",34,"DEN",0.160340430777421,0.770074092269433,0.127642378612099,-0.422488021201902,"jameernelson"
"124","Raul Neto\netora01","PG",24,"UTA",-1.0885837472575,-0.893285947032542,-0.978342488968308,-0.353724063296971,"raulneto"
"125","David Nwaba\nwabada01","SG",24,"LAL",0.243602042646416,-0.637384402524546,-0.400589199933767,-0.422488021201902,"davidnwaba"
"126","Victor Oladipo\oladivi01","SG",24,"OKC",1.49252622068134,0.898024864523431,1.23362724619251,-0.147432189582178,"victoroladipo"
"127","Tony Parker\parketo01","PG",34,"SAS",-0.255967628567554,0.386221775507439,0.276207510078124,-0.697543852821627,"tonyparker"
"128","Lamar Patterson\pattela01","SG",25,"ATL",-0.672275687912528,-0.38148285801655,-1.09389314677522,-0.491251979106834,"lamarpatterson"
"129","Chris Paul\paulch01","PG",31,"LAC",1.90883428002631,1.66572949804742,1.59678645644279,3.22200174775945,"chrispaul"
"130","Elfrid Payton\paytoel01","PG",22,"ORL",1.32600299694335,1.40982795353942,0.721902904476198,0.746499263181928,"elfridpayton"
"131","Gary Payton\paytoga02","PG",24,"MIL",-0.00618279296056875,0.770074092269433,-0.846284594331841,-0.491251979106834,"garypayton"
"132","Norman Powell\powelno01","SG",23,"TOR",-0.0894444048295637,-0.253532085762552,-0.00441551602436735,-0.28496010539204,"normanpowell"
"133","Ronnie Price\pricero01","PG",33,"PHO",-1.1718453591265,-1.14918749154054,-1.22595104141168,-0.422488021201902,"ronnieprice"
"134","Tim Quarterman\quartti01","SG",22,"POR",-1.1718453591265,-0.509433630270548,-1.07738590994566,-0.491251979106834,"timquarterman"
"135","J.J. Redick\redicjj01","SG",32,"LAC",0.0770788189084262,0.258271003253441,1.08506211472648,0.333915515752341,"jjredick"
"136","Josh Richardson\richajo01","SG",23,"MIA",0.410125266384406,0.130320230999443,0.292714746907682,0.196387599942478,"joshrichardson"
"137","Malachi Richardson\richama01","SG",21,"SAC",-0.922060523519513,-0.893285947032542,-0.796762883843167,-0.560015937011765,"malachirichardson"
"138","Austin Rivers\riverau01","SG",24,"LAC",-0.0894444048295637,0.642123320015435,0.589845009839732,-0.28496010539204,"austinrivers"
"139","Brian Roberts\roberbr01","PG",31,"CHO",-1.00532213538851,-0.637384402524546,-0.813270120672725,-0.697543852821627,"brianroberts"
"140","Sergio Rodriguez\rodrise01","PG",30,"PHI",-0.00618279296056875,1.02597563677743,-0.103458937001717,-0.903835726536421,"sergiorodriguez"
"141","Rajon Rondo\rondora01","PG",30,"CHI",1.74231105628832,1.66572949804742,-0.103458937001717,0.333915515752341,"rajonrondo"
"142","Derrick Rose\rosede01","PG",28,"NYK",0.65991010199139,1.53777872579342,1.58027921961323,-0.422488021201902,"derrickrose"
"143","Terry Rozier\roziete01","PG",22,"BOS",0.410125266384406,-0.637384402524546,-0.483125384081558,-0.560015937011765,"terryrozier"
"144","Ricky Rubio\rubiori01","PG",26,"MIN",0.99295654946737,1.92163104255542,0.441279878373707,0.746499263181928,"rickyrubio"
"145","Brandon Rush\rushbr01","SG",31,"MIN",-0.172706016698559,-0.637384402524546,-0.697719462865817,-0.422488021201902,"brandonrush"
"146","D'Angelo Russell\russeda01","PG",20,"LAL",0.82643332572938,2.17753258706341,1.18410553570383,0.058859684132616,"dangelorussell"
"147","Tomas Satoransky\satorto01","SG",25,"WAS",-0.838798911650518,-0.509433630270548,-0.945328015309191,-0.560015937011765,"tomassatoransky"
"148","Dennis Schroder\schrode01","PG",23,"ATL",0.493386878253401,2.8172864483334,1.56377198278367,0.127623642037547,"dennisschroder"
"149","Ramon Sessions\sessira01","PG",30,"CHO",-0.672275687912528,-0.253532085762552,-0.36757472627465,-0.766307810726558,"ramonsessions"
"150","Iman Shumpert\shumpim01","SG",26,"CLE",0.326863654515411,-0.125581313508554,-0.152980647490392,-0.216196147487109,"imanshumpert"
"151","Jonathon Simmons\simmojo02","SG",27,"SAS",-0.172706016698559,-0.125581313508554,-0.36757472627465,-0.422488021201902,"jonathonsimmons"
"152","Marcus Smart\smartma01","SG",22,"BOS",0.743171713860385,1.15392640903143,0.358743694225915,0.26515155784741,"marcussmart"
"153","Ish Smith\smithis01","PG",28,"DET",0.493386878253401,0.386221775507439,0.160656852271216,-0.00990427377231519,"ishsmith"
"154","J.R. Smith\smithjr01","SG",31,"CLE",0.243602042646416,-0.637384402524546,0.0285989576347492,-0.28496010539204,"jrsmith"
"155","Tony Snell\snellto01","SG",25,"MIL",0.65991010199139,-0.509433630270548,0.0120917208051909,0.058859684132616,"tonysnell"
"156","Nik Stauskas\stausni01","SG",23,"PHI",0.493386878253401,0.642123320015435,0.177164089100774,-0.560015937011765,"nikstauskas"
"157","Rodney Stuckey\stuckro01","PG",30,"IND",-0.00618279296056875,0.386221775507439,-0.202502357979067,-0.903835726536421,"rodneystuckey"
"158","Isaiah Taylor\taylois01","PG",22,"HOU",-1.25510697099549,-1.40508903604853,-1.2589655150708,-0.491251979106834,"isaiahtaylor"
"159","Jeff Teague\teaguje01","PG",28,"IND",1.32600299694335,1.92163104255542,1.13458382521516,1.36537488432631,"jeffteague"
"160","Garrett Temple\templga01","SG",30,"SAC",0.243602042646416,0.130320230999443,-0.103458937001717,0.26515155784741,"garretttemple"
"161","Jason Terry\terryja01","SG",39,"MIL",-0.672275687912528,-0.765335174778544,-0.714226699695375,-0.216196147487109,"jasonterry"
"162","Isaiah Thomas\thomais02","PG",27,"BOS",0.0770788189084262,2.17753258706341,3.37956803403509,2.8781819582348,"isaiahthomas"
"163","Klay Thompson\thompkl01","SG",26,"GSW",0.82643332572938,0.642123320015435,2.29009040328424,0.608971347372066,"klaythompson"
"164","Marcus Thornton\thornma01","SG",29,"WAS",-0.339229240436548,-0.38148285801655,-0.301545778956417,-0.560015937011765,"marcusthornton"
"165","Beno Udrih\udrihbe01","PG",34,"DET",-0.589014076043533,-0.253532085762552,-0.433603673592884,-0.491251979106834,"benoudrih"
"166","Tyler Ulis\ulisty01","PG",21,"PHO",-0.672275687912528,0.258271003253441,-0.185995121149509,-0.83507176863149,"tylerulis"
"167","Denzel Valentine\valende01","SG",23,"CHI",0.410125266384406,-0.253532085762552,-0.549154331399792,-0.560015937011765,"denzelvalentine"
"168","Fred VanVleet\vanvlfr01","PG",22,"TOR",-0.838798911650518,-0.893285947032542,-0.912313541650074,-0.491251979106834,"fredvanvleet"
"169","Greivis Vasquez\vasqugr01","PG",30,"BRK",-1.0885837472575,-1.02123671928654,-1.01135696262742,-0.491251979106834,"greivisvasquez"
"170","Rashad Vaughn\vaughra01","SG",20,"MIL",-0.755537299781523,-1.02123671928654,-0.813270120672725,-0.628779894916696,"rashadvaughn"
"171","Sasha Vujacic\vujacsa01","SG",32,"NYK",-0.755537299781523,-0.893285947032542,-0.895806304820516,-0.560015937011765,"sashavujacic"
"172","Dwyane Wade\wadedw01","SG",35,"CHI",1.24274138507435,1.53777872579342,1.62980093010191,0.471443431562203,"dwyanewade"
"173","Dion Waiters\waitedi01","SG",25,"MIA",0.743171713860385,1.40982795353942,1.21712000936295,-0.147432189582178,"dionwaiters"
"174","Kemba Walker\walkeke02","PG",26,"CHO",1.07621816133636,1.28187718128543,2.43865553475026,2.25930633709041,"kembawalker"
"175","John Wall\walljo01","PG",26,"WAS",1.15947977320536,3.84089262636539,2.4221482979207,2.53436216871014,"johnwall"
"176","C.J. Watson\watsocj01","PG",32,"ORL",-0.672275687912528,-0.38148285801655,-0.648197752377142,-0.697543852821627,"cjwatson"
"177","Russell Westbrook\westbru01","PG",28,"OKC",5.82213003786907,5.50425266566736,3.82526342843316,8.10424275900957,"russellwestbrook"
"178","Isaiah Whitehead\whiteis01","PG",21,"BRK",0.0770788189084262,1.02597563677743,-0.16948788431995,-1.24765551606108,"isaiahwhitehead"
"179","C.J. Wilcox\wilcocj01","SG",26,"ORL",-1.33836858286449,-1.02123671928654,-1.22595104141168,-0.560015937011765,"cjwilcox"
"180","Delon Wright\wrighde01","PG",24,"TOR",-0.672275687912528,-0.253532085762552,-0.466618147252,-0.147432189582178,"delonwright"
"181","James Young\youngja01","SG",21,"BOS",-1.0885837472575,-1.27713826379454,-1.01135696262742,-0.491251979106834,"jamesyoung"
"182","Joe Young\youngjo01","PG",24,"IND",-1.25510697099549,-1.14918749154054,-1.04437143628654,-0.560015937011765,"joeyoung"
"183","Nick Young\youngni01","SG",31,"LAL",-0.0894444048295637,-0.637384402524546,0.787931851794431,-0.0786682316772464,"nickyoung"
"184","Jose Calderon\caldejo01","PG",35,"TOT",-0.505752464174538,-0.125581313508554,-0.829777357502283,-0.697543852821627,"josecalderon"
"185","Quinn Cook\cookqu01","PG",23,"TOT",-1.33836858286449,-0.253532085762552,-0.466618147252,-0.560015937011765,"quinncook"
"186","Tyler Ennis\ennisty01","PG",22,"TOT",-1.0885837472575,-0.38148285801655,-0.681212226036258,-0.697543852821627,"tylerennis"
"187","Yogi Ferrell\ferreyo01","PG",23,"TOT",-0.00618279296056875,0.514172547761437,0.259700273248566,-0.147432189582178,"yogiferrell"
"188","Langston Galloway\gallola01","PG",25,"TOT",-0.255967628567554,-0.637384402524546,-0.0869517001721589,-0.560015937011765,"langstongalloway"
"189","Archie Goodwin\goodwar01","SG",22,"TOT",-0.505752464174538,-0.253532085762552,-0.185995121149509,-0.422488021201902,"archiegoodwin"
"190","Buddy Hield\hieldbu01","SG",23,"TOT",0.743171713860385,0.130320230999443,0.358743694225915,-0.697543852821627,"buddyhield"
"191","Brandon Jennings\jennibr01","PG",27,"TOT",0.0770788189084262,0.642123320015435,-0.219009594808626,-0.766307810726558,"brandonjennings"
"192","Kyle Korver\korveky01","SG",35,"TOT",0.576648490122396,-0.125581313508554,0.276207510078124,0.127623642037547,"kylekorver"
"193","DeAndre Liggins\liggide01","SG",28,"TOT",-0.505752464174538,-0.509433630270548,-0.978342488968308,-0.422488021201902,"deandreliggins"
"194","Anthony Morrow\morroan01","SG",31,"TOT",-1.33836858286449,-1.27713826379454,-0.483125384081558,-0.697543852821627,"anthonymorrow"
"195","Cameron Payne\payneca01","PG",22,"TOT",-0.422490852305543,-0.253532085762552,-0.532647094570233,-0.83507176863149,"cameronpayne"
"196","Chasson Randle\randlch01","PG",23,"TOT",-0.838798911650518,-0.509433630270548,-0.516139857740675,-0.422488021201902,"chassonrandle"
"197","Wayne Selden\seldewa01","SG",22,"TOT",-0.755537299781523,-0.253532085762552,-0.549154331399792,-0.560015937011765,"wayneselden"
"198","Lance Stephenson\stephla01","SG",26,"TOT",0.576648490122396,0.386221775507439,-0.2685313052973,-0.628779894916696,"lancestephenson"
"199","Hollis Thompson\thompho01","SG",25,"TOT",0.243602042646416,-1.02123671928654,-0.549154331399792,-0.560015937011765,"hollisthompson"
"200","Briante Weber\weberbr01","PG",24,"TOT",-0.922060523519513,-0.893285947032542,-0.879299067990958,-0.491251979106834,"brianteweber"
"201","Deron Williams\willide01","PG",32,"TOT",0.0770788189084262,1.40982795353942,0.424772641544149,-0.491251979106834,"deronwilliams"
"202","Lou Williams\willilo02","SG",30,"TOT",0.160340430777421,1.15392640903143,1.49774303546544,0.540207389467134,"louwilliams"
"203","LaMarcus Aldridge\aldrila01","PF",31,"SAS",1.17621047036829,0.386221775507439,1.46472856180632,0.815263221086859,"lamarcusaldridge"
"204","Lavoy Allen\allenla01","PF",27,"IND",-0.631608910115575,-0.765335174778544,-0.912313541650074,-0.147432189582178,"lavoyallen"
"205","Al-Farouq Aminu\aminual01","SF",26,"POR",1.89933822256184,0.514172547761437,0.0451061944643074,-0.147432189582178,"alfarouqaminu"
"206","Alan Anderson\anderal01","SF",34,"LAC",-1.35473666230912,-1.14918749154054,-0.912313541650074,-0.560015937011765,"alananderson"
"207","Ryan Anderson\anderry01","PF",28,"HOU",0.0312581960618422,-0.38148285801655,0.853960799112665,-0.00990427377231519,"ryananderson"
"208","Giannis Antetokounmpo\antetgi01","SF",22,"MIL",2.441684036707,2.30548335931741,2.38913382426159,4.32222507423835,"giannisantetokounmpo"
"209","Carmelo Anthony\anthoca01","SF",32,"NYK",1.29673176240055,1.28187718128543,2.3065976401138,0.127623642037547,"carmeloanthony"
"210","Trevor Ariza\arizatr01","SF",31,"HOU",1.29673176240055,-0.253532085762552,0.540323299351057,1.36537488432631,"trevorariza"
"211","Darrell Arthur\arthuda01","PF",28,"DEN",-0.511087618083317,-0.253532085762552,-0.334560252615534,-0.216196147487109,"darrellarthur"
"212","Luke Babbitt\babbilu01","SF",27,"MIA",-0.631608910115575,-0.893285947032542,-0.598676041888467,-0.422488021201902,"lukebabbitt"
"213","Harrison Barnes\barneha02","PF",24,"DAL",0.513343364190873,0.258271003253441,1.77836606156793,-0.353724063296971,"harrisonbarnes"
"214","Brandon Bass\bassbr01","PF",31,"LAC",-0.752130202147833,-0.637384402524546,-0.466618147252,-0.28496010539204,"brandonbass"
"215","Kent Bazemore\bazemke01","SF",27,"ATL",-0.270045034018802,0.770074092269433,0.424772641544149,-0.00990427377231519,"kentbazemore"
"216","Michael Beasley\beaslmi01","PF",28,"MIL",-0.149523741986544,0.130320230999443,0.160656852271216,-0.560015937011765,"michaelbeasley"
"217","DeAndre' Bembry\bembrde01","SF",22,"ATL",-1.05343343222848,-0.893285947032542,-0.945328015309191,-0.560015937011765,"deandrebembry"
"218","Dragan Bender\bendedr01","PF",19,"PHO",-0.631608910115575,-0.509433630270548,-0.829777357502283,-0.628779894916696,"draganbender"
"219","Anthony Bennett\bennean01","PF",23,"BRK",-0.39056632605106,-0.765335174778544,-0.56566156822935,-0.491251979106834,"anthonybennett"
"220","Ben Bentil\bentibe01","PF",21,"DAL",-1.35473666230912,-1.02123671928654,-1.39102340970727,-0.491251979106834,"benbentil"
"221","Davis Bertans\bertada01","PF",24,"SAS",-1.11369407824461,-0.765335174778544,-0.648197752377142,0.127623642037547,"davisbertans"
"222","Nemanja Bjelica\bjeline01","PF",28,"MIN",-0.0290024499542867,-0.253532085762552,-0.36757472627465,-0.216196147487109,"nemanjabjelica"
"223","Joel Bolomboy\bolomjo01","PF",23,"UTA",-1.11369407824461,-1.14918749154054,-1.09389314677522,-0.422488021201902,"joelbolomboy"
"224","Trevor Booker\booketr01","PF",29,"BRK",1.83907757654571,0.898024864523431,0.259700273248566,0.196387599942478,"trevorbooker"
"225","Jaylen Brown\brownja02","SF",20,"BOS",-0.450826972067188,-0.253532085762552,-0.301545778956417,-0.903835726536421,"jaylenbrown"
"226","Nicolas Brussino\brussni01","SF",23,"DAL",-0.993172786212348,-0.765335174778544,-0.928820778479633,-0.353724063296971,"nicolasbrussino"
"227","Reggie Bullock\bullore01","SF",25,"DET",-0.812390848163962,-1.02123671928654,-0.648197752377142,-0.28496010539204,"reggiebullock"
"228","Jimmy Butler\butleji01","SF",27,"CHI",0.935167886303775,1.28187718128543,2.55420619255717,3.90964132680876,"jimmybutler"
"229","Bruno Caboclo\cabocbr01","SF",21,"TOR",-1.41499730832525,-1.14918749154054,-1.12690762043433,-0.422488021201902,"brunocaboclo"
"230","DeMarre Carroll\carrode01","SF",30,"TOR",-0.0290024499542867,-0.38148285801655,0.0781206681234242,0.540207389467134,"demarrecarroll"
"231","Vince Carter\cartevi01","SF",40,"MEM",-0.209784388002673,-0.509433630270548,-0.0704444633426007,0.540207389467134,"vincecarter"
"232","Wilson Chandler\chandwi01","SF",29,"DEN",1.23647111638442,0.642123320015435,1.20061277253339,-0.00990427377231519,"wilsonchandler"
"233","Marquese Chriss\chrisma01","PF",19,"PHO",0.0915188420779711,0.258271003253441,0.127642378612099,-0.28496010539204,"marquesechriss"
"234","Rakeem Christmas\chrisra01","PF",25,"IND",-1.17395472426073,-1.02123671928654,-1.0608786731161,-0.491251979106834,"rakeemchristmas"
"235","Nick Collison\collini01","PF",36,"OKC",-1.11369407824461,-1.14918749154054,-1.11040038360477,-0.422488021201902,"nickcollison"
"236","Robert Covington\covinro01","SF",26,"PHI",1.29673176240055,1.15392640903143,0.738410141305757,0.815263221086859,"robertcovington"
"237","Jae Crowder\crowdja01","SF",26,"BOS",1.29673176240055,0.00236945874544459,0.90348250960134,1.02155509480165,"jaecrowder"
"238","Dante Cunningham\cunnida01","SF",29,"NOP",0.212040134110229,-0.893285947032542,-0.301545778956417,-0.00990427377231519,"dantecunningham"
"239","Ed Davis\davised01","PF",27,"POR",0.1517794880941,-0.38148285801655,-0.681212226036258,-0.422488021201902,"eddavis"
"240","Sam Dekker\dekkesa01","SF",22,"HOU",-0.270045034018802,-0.765335174778544,-0.318053015785975,-0.216196147487109,"samdekker"
"241","Luol Deng\denglu01","SF",31,"LAL",0.694125302239259,-0.38148285801655,-0.136473410660834,-0.560015937011765,"luoldeng"
"242","Cheick Diallo\diallch01","PF",20,"NOP",-0.0290024499542867,-0.893285947032542,-0.549154331399792,-0.560015937011765,"cheickdiallo"
"243","Boris Diaw\diawbo01","PF",34,"UTA",-0.87265149418009,0.130320230999443,-0.631690515547583,-0.628779894916696,"borisdiaw"
"244","Gorgui Dieng\dienggo01","PF",27,"MIN",1.59803499248119,0.258271003253441,0.259700273248566,1.29661092642138,"gorguidieng"
"245","Jared Dudley\dudleja01","PF",31,"PHO",0.0312581960618422,0.00236945874544459,-0.2685313052973,-0.00990427377231519,"jareddudley"
"246","Kevin Durant\duranke01","SF",28,"GSW",2.80324791280377,1.40982795353942,2.75229303451187,3.15323778985452,"kevindurant"
"247","Jarell Eddie\eddieja01","SF",25,"PHO",-1.05343343222848,-1.14918749154054,-0.598676041888467,-0.491251979106834,"jarelleddie"
"248","Henry Ellenson\ellenhe01","PF",20,"DET",-0.752130202147833,-0.509433630270548,-0.8627918311614,-0.560015937011765,"henryellenson"
"249","James Ennis\ennisja01","SF",26,"MEM",0.0312581960618422,-0.253532085762552,-0.285038542126859,0.127623642037547,"jamesennis"
"250","Kenneth Faried\farieke01","PF",27,"DEN",0.995428532319903,-0.125581313508554,0.193671325930332,0.196387599942478,"kennethfaried"
"251","Derrick Favors\favorde01","PF",25,"UTA",0.814646594271517,0.130320230999443,0.177164089100774,-0.00990427377231519,"derrickfavors"
"252","Dorian Finney-Smith\finnedo01","PF",23,"DAL",-0.511087618083317,-0.637384402524546,-0.681212226036258,-0.28496010539204,"dorianfinneysmith"
"253","Danilo Gallinari\gallida01","SF",28,"DEN",0.935167886303775,0.258271003253441,1.61329369327235,0.608971347372066,"danilogallinari"
"254","Rudy Gay\gayru01","SF",30,"SAC",1.35699240841668,1.79368027030142,1.69582987742014,0.058859684132616,"rudygay"
"255","Alonzo Gee\geeal01","SF",29,"DEN",-1.29447601629299,-1.02123671928654,-1.2589655150708,-0.491251979106834,"alonzogee"
"256","Paul George\georgpa01","SF",26,"IND",1.71855628451345,2.30548335931741,2.52119171889805,1.7779586317559,"paulgeorge"
"257","Aaron Gordon\gordoaa01","SF",21,"ORL",0.392822072158615,0.00236945874544459,0.70539566764664,0.127623642037547,"aarongordon"
"258","Draymond Green\greendr01","PF",26,"GSW",2.20064145264248,1.66572949804742,0.292714746907682,2.74065404242493,"draymondgreen"
"259","Gerald Green\greenge01","SF",31,"BOS",-0.932912140196219,-0.765335174778544,-0.466618147252,-0.697543852821627,"geraldgreen"
"260","JaMychal Green\greenja01","PF",26,"MEM",1.17621047036829,0.130320230999443,0.0781206681234242,0.540207389467134,"jamychalgreen"
"261","Jeff Green\greenje02","PF",30,"ORL",-0.270045034018802,0.00236945874544459,0.127642378612099,-1.11012760025121,"jeffgreen"
"262","Blake Griffin\griffbl01","PF",27,"LAC",2.01985951459409,1.53777872579342,2.17453974547733,1.91548654756576,"blakegriffin"
"263","Maurice Harkless\harklma01","SF",23,"POR",-0.0892630959704156,0.00236945874544459,0.259700273248566,0.608971347372066,"mauriceharkless"
"264","Justin Harper\harpeju01","PF",27,"PHI",-1.17395472426073,0.258271003253441,-0.730733936524933,-0.491251979106834,"justinharper"
"265","Tobias Harris\harrito02","PF",24,"DET",0.814646594271517,0.130320230999443,1.26664171985162,0.952791136896722,"tobiasharris"
"266","Gordon Hayward\haywago01","SF",26,"UTA",1.05568917833603,1.02597563677743,2.224061455966,2.32807029499535,"gordonhayward"
"267","Juan Hernangomez\hernaju01","PF",21,"DEN",-0.39056632605106,-0.765335174778544,-0.582168805058908,-0.353724063296971,"juanhernangomez"
"268","Mario Hezonja\hezonma01","SF",21,"ORL",-0.631608910115575,-0.253532085762552,-0.582168805058908,-1.04136364234628,"mariohezonja"
"269","Solomon Hill\hillso01","SF",25,"NOP",0.1517794880941,-0.125581313508554,-0.235516831638184,0.26515155784741,"solomonhill"
"270","Rondae Hollis-Jefferson\holliro01","SF",22,"BRK",0.995428532319903,0.514172547761437,0.0451061944643074,-0.147432189582178,"rondaehollisjefferson"
"271","Josh Huestis\huestjo01","PF",25,"OKC",-0.270045034018802,-1.40508903604853,-0.235516831638184,-0.353724063296971,"joshhuestis"
"272","Kris Humphries\humphkr01","PF",31,"ATL",-0.209784388002673,-0.765335174778544,-0.631690515547583,-0.491251979106834,"krishumphries"
"273","Andre Iguodala\iguodan01","SF",33,"GSW",0.212040134110229,-0.38148285801655,-0.136473410660834,1.29661092642138,"andreiguodala"
"274","Joe Ingles\inglejo01","SF",29,"UTA",-0.0290024499542867,0.258271003253441,-0.219009594808626,1.15908301061152,"joeingles"
"275","Brandon Ingram\ingrabr01","SF",19,"LAL",0.1517794880941,0.514172547761437,0.160656852271216,-1.17889155815615,"brandoningram"
"276","LeBron James\jamesle01","SF",32,"CLE",2.62246597475538,3.84089262636539,2.96688711329613,4.59728090585808,"lebronjames"
"277","Richard Jefferson\jefferi01","SF",36,"CLE",-0.450826972067188,-0.509433630270548,-0.450110910422442,-0.560015937011765,"richardjefferson"
"278","Jonas Jerebko\jerebjo01","PF",29,"BOS",-0.149523741986544,-0.765335174778544,-0.76374841018405,-0.422488021201902,"jonasjerebko"
"279","Amir Johnson\johnsam01","PF",29,"BOS",0.0915188420779711,-0.125581313508554,-0.318053015785975,0.746499263181928,"amirjohnson"
"280","Brice Johnson\johnsbr02","PF",22,"LAC",-1.35473666230912,-1.02123671928654,-1.17642933092301,-0.422488021201902,"bricejohnson"
"281","James Johnson\johnsja01","PF",29,"MIA",0.694125302239259,1.53777872579342,0.721902904476198,1.29661092642138,"jamesjohnson"
"282","Joe Johnson\johnsjo02","SF",35,"UTA",-0.149523741986544,-0.253532085762552,0.127642378612099,0.127623642037547,"joejohnson"
"283","Stanley Johnson\johnsst04","SF",20,"DET",-0.571348264099446,-0.253532085762552,-0.6647049892067,-0.422488021201902,"stanleyjohnson"
"284","Wesley Johnson\johnswe01","SF",29,"LAC",-0.39056632605106,-1.02123671928654,-0.945328015309191,-0.422488021201902,"wesleyjohnson"
"285","Dahntay Jones\jonesda02","SF",36,"CLE",-1.17395472426073,-0.125581313508554,0.0946279049529825,-0.422488021201902,"dahntayjones"
"286","Derrick Jones\jonesde02","SF",19,"PHO",-0.993172786212348,-0.893285947032542,-0.516139857740675,-0.353724063296971,"derrickjones"
"287","James Jones\jonesja02","SF",36,"CLE",-1.35473666230912,-1.14918749154054,-0.928820778479633,-0.422488021201902,"jamesjones"
"288","Ryan Kelly\kellyry01","PF",25,"ATL",-1.11369407824461,-1.02123671928654,-1.12690762043433,-0.491251979106834,"ryankelly"
"289","Michael Kidd-Gilchrist\kiddgmi01","SF",23,"CHO",1.23647111638442,-0.509433630270548,0.127642378612099,0.471443431562203,"michaelkiddgilchrist"
"290","Mindaugas Kuzminskas\kuzmimi01","SF",27,"NYK",-1.05343343222848,-0.38148285801655,-0.351067489445092,-0.560015937011765,"mindaugaskuzminskas"
"291","Skal Labissiere\labissk01","PF",20,"SAC",0.272300780126358,0.00236945874544459,0.061613431293866,-0.491251979106834,"skallabissiere"
"292","Jake Layman\laymaja01","SF",22,"POR",-1.47525795434138,-1.02123671928654,-1.02786419945698,-0.628779894916696,"jakelayman"
"293","David Lee\leeda02","PF",33,"SAS",0.453082718174744,-0.125581313508554,-0.185995121149509,0.884027178991791,"davidlee"
"294","Kawhi Leonard\leonaka01","SF",25,"SAS",1.05568917833603,1.28187718128543,2.8183219818301,3.84087736890383,"kawhileonard"
"295","Meyers Leonard\leoname01","PF",24,"POR",-0.0892630959704156,-0.765335174778544,-0.499632620911117,-0.697543852821627,"meyersleonard"
"296","Jon Leuer\leuerjo01","PF",27,"DET",0.633864656223131,-0.253532085762552,0.292714746907682,0.26515155784741,"jonleuer"
"297","Caris LeVert\leverca01","SF",22,"BRK",-0.0290024499542867,-0.125581313508554,-0.0374299896834841,-0.216196147487109,"carislevert"
"298","Kevin Love\loveke01","PF",28,"CLE",3.40585437296506,1.15392640903143,1.74535158790881,0.471443431562203,"kevinlove"
"299","Timothe Luwawu-Cabarrot\luwawti01","SF",21,"PHI",-0.691869556131704,0.00236945874544459,-0.334560252615534,-0.83507176863149,"timotheluwawucabarrot"
"300","Trey Lyles\lylestr01","PF",21,"UTA",-0.209784388002673,-0.253532085762552,-0.36757472627465,-0.628779894916696,"treylyles"
"301","Jarell Martin\martija01","PF",22,"MEM",-0.0290024499542867,-0.509433630270548,-0.747241173354491,-0.83507176863149,"jarellmartin"
"302","Luc Mbah a Moute\mbahalu01","SF",30,"LAC",-0.812390848163962,-0.637384402524546,-0.384081963104209,0.402679473657272,"lucmbahamoute"
"303","James Michael McAdoo\mcadoja01","PF",24,"GSW",-1.11369407824461,-0.893285947032542,-0.928820778479633,-0.28496010539204,"jamesmichaelmcadoo"
"304","Josh McRoberts\mcrobjo01","PF",29,"MIA",-0.39056632605106,-0.125581313508554,-0.582168805058908,-0.422488021201902,"joshmcroberts"
"305","Jordan Mickey\mickejo01","PF",22,"BOS",-1.29447601629299,-0.893285947032542,-1.14341485726389,-0.491251979106834,"jordanmickey"
"306","Khris Middleton\middlkh01","SF",25,"MIL",0.573604010207002,1.40982795353942,1.03554040423781,-0.216196147487109,"khrismiddleton"
"307","C.J. Miles\milescj01","SF",29,"IND",-0.209784388002673,-0.765335174778544,0.375250931055474,0.058859684132616,"cjmiles"
"308","Mike Miller\millemi01","SF",36,"DEN",-0.691869556131704,-0.509433630270548,-1.15992209409345,-0.491251979106834,"mikemiller"
"309","Paul Millsap\millspa01","PF",31,"ATL",1.89933822256184,1.53777872579342,1.59678645644279,1.43413884223124,"paulmillsap"
"310","Nikola Mirotic\mirotni01","PF",25,"CHI",0.995428532319903,0.00236945874544459,0.358743694225915,0.26515155784741,"nikolamirotic"
"311","Marcus Morris\morrima03","SF",27,"DET",0.453082718174744,0.00236945874544459,0.919989746430898,0.26515155784741,"marcusmorris"
"312","Markieff Morris\morrima02","PF",27,"WAS",1.29673176240055,0.770074092269433,0.919989746430898,-0.00990427377231519,"markieffmorris"
"313","Donatas Motiejunas\motiedo01","PF",26,"NOP",-0.450826972067188,-0.253532085762552,-0.6647049892067,-0.491251979106834,"donatasmotiejunas"
"314","Shabazz Muhammad\muhamsh01","SF",24,"MIN",-0.752130202147833,-0.509433630270548,0.243193036419007,-1.04136364234628,"shabazzmuhammad"
"315","Larry Nance Jr.\nancela02","PF",24,"LAL",0.633864656223131,-0.253532085762552,-0.219009594808626,0.540207389467134,"larrynancejr"
"316","Maurice Ndour\ndourma01","PF",24,"NYK",-0.993172786212348,-0.893285947032542,-0.879299067990958,-0.491251979106834,"mauricendour"
"317","Georges Niang\niangge01","PF",23,"IND",-1.35473666230912,-1.14918749154054,-1.24245827824124,-0.560015937011765,"georgesniang"
"318","Steve Novak\novakst01","PF",33,"MIL",-1.53551860035751,-1.40508903604853,-1.29197998872992,-0.491251979106834,"stevenovak"
"319","Dirk Nowitzki\nowitdi01","PF",38,"DAL",1.89933822256184,-0.253532085762552,0.953004220090015,-0.28496010539204,"dirknowitzki"
"320","Kelly Oubre\oubreke01","SF",21,"WAS",-0.270045034018802,-0.637384402524546,-0.351067489445092,-0.491251979106834,"kellyoubre"
"321","Jabari Parker\parkeja01","PF",21,"MIL",0.995428532319903,0.898024864523431,1.92693119303396,0.26515155784741,"jabariparker"
"322","Chandler Parsons\parsoch01","SF",28,"MEM",-0.39056632605106,-0.509433630270548,-0.36757472627465,-0.628779894916696,"chandlerparsons"
"323","Patrick Patterson\pattepa01","PF",27,"TOR",0.392822072158615,-0.637384402524546,-0.2685313052973,0.402679473657272,"patrickpatterson"
"324","Adreian Payne\paynead01","PF",25,"MIN",-0.993172786212348,-0.893285947032542,-0.813270120672725,-0.422488021201902,"adreianpayne"
"325","Paul Pierce\piercpa01","SF",39,"LAC",-0.631608910115575,-0.637384402524546,-0.8627918311614,-0.560015937011765,"paulpierce"
"326","Otto Porter\porteot01","SF",23,"WAS",1.23647111638442,-0.637384402524546,0.820946325453548,2.25930633709041,"ottoporter"
"327","Bobby Portis\portibo01","PF",21,"CHI",0.332561426142486,-0.637384402524546,-0.2685313052973,-0.628779894916696,"bobbyportis"
"328","Kristaps Porzingis\porzikr01","PF",21,"NYK",1.53777434646506,0.898024864523431,1.59678645644279,0.402679473657272,"kristapsporzingis"
"329","Alex Poythress\poythal01","PF",23,"PHI",0.0312581960618422,-0.765335174778544,0.375250931055474,-0.422488021201902,"alexpoythress"
"330","Julius Randle\randlju01","PF",22,"LAL",2.20064145264248,1.53777872579342,0.787931851794431,0.333915515752341,"juliusrandle"
"331","Zach Randolph\randoza01","PF",35,"MEM",1.65829563849732,0.386221775507439,0.936496983260456,-0.422488021201902,"zachrandolph"
"332","Andre Roberson\roberan03","SF",25,"OKC",0.573604010207002,-0.637384402524546,-0.301545778956417,0.402679473657272,"andreroberson"
"333","Glenn Robinson\robingl02","SF",23,"IND",-0.149523741986544,-0.765335174778544,-0.384081963104209,-0.28496010539204,"glennrobinson"
"334","Thomas Robinson\robinth01","PF",25,"LAL",-0.0290024499542867,-0.125581313508554,-0.56566156822935,-0.422488021201902,"thomasrobinson"
"335","Damjan Rudez\rudezda01","SF",30,"ORL",-1.53551860035751,-1.14918749154054,-1.09389314677522,-0.560015937011765,"damjanrudez"
"336","Domantas Sabonis\sabondo01","PF",20,"OKC",0.0312581960618422,-0.125581313508554,-0.417096436763325,-1.24765551606108,"domantassabonis"
"337","Dario Saric\saricda01","PF",22,"PHI",1.23647111638442,1.53777872579342,0.721902904476198,-0.491251979106834,"dariosaric"
"338","Luis Scola\scolalu01","PF",36,"BRK",-0.330305680034931,-0.253532085762552,-0.549154331399792,-0.353724063296971,"luisscola"
"339","Mike Scott\scottmi01","PF",28,"ATL",-0.87265149418009,-0.893285947032542,-0.978342488968308,-0.560015937011765,"mikescott"
"340","Thabo Sefolosha\sefolth01","SF",32,"ATL",0.332561426142486,-0.253532085762552,-0.202502357979067,0.471443431562203,"thabosefolosha"
"341","Kevin Seraphin\serapke01","PF",27,"IND",-0.511087618083317,-0.637384402524546,-0.615183278718025,-0.560015937011765,"kevinseraphin"
"342","Pascal Siakam\siakapa01","PF",22,"TOR",-0.450826972067188,-0.637384402524546,-0.697719462865817,-0.28496010539204,"pascalsiakam"
"343","Kyle Singler\singlky01","SF",28,"OKC",-0.993172786212348,-1.02123671928654,-0.928820778479633,-0.697543852821627,"kylesingler"
"344","Jared Sullinger\sullija01","PF",24,"TOR",-0.87265149418009,-0.893285947032542,-0.829777357502283,-0.560015937011765,"jaredsullinger"
"345","Mirza Teletovic\teletmi01","PF",31,"MIL",-0.450826972067188,-0.765335174778544,-0.334560252615534,-0.972599684441352,"mirzateletovic"
"346","Lance Thomas\thomala01","PF",28,"NYK",-0.330305680034931,-0.765335174778544,-0.400589199933767,-0.697543852821627,"lancethomas"
"347","Anthony Tolliver\tollian01","PF",31,"SAC",-0.0290024499542867,-0.253532085762552,-0.219009594808626,-0.00990427377231519,"anthonytolliver"
"348","Evan Turner\turneev01","SF",28,"POR",0.1517794880941,0.514172547761437,0.0946279049529825,-0.628779894916696,"evanturner"
"349","Jarrod Uthoff\uthofja01","PF",23,"DAL",-0.812390848163962,-1.02123671928654,-0.6647049892067,-0.422488021201902,"jarroduthoff"
"350","Noah Vonleh\vonleno01","PF",21,"POR",0.332561426142486,-0.253532085762552,-0.6647049892067,-0.83507176863149,"noahvonleh"
"351","Taurean Waller-Prince\princta02","SF",22,"ATL",-0.450826972067188,-0.125581313508554,-0.450110910422442,-0.491251979106834,"taureanwallerprince"
"352","T.J. Warren\warretj01","SF",23,"PHO",0.1517794880941,-0.253532085762552,0.986018693749131,0.196387599942478,"tjwarren"
"353","Okaro White\whiteok01","PF",24,"MIA",-0.812390848163962,-0.765335174778544,-0.928820778479633,-0.422488021201902,"okarowhite"
"354","Andrew Wiggins\wiggian01","SF",21,"MIN",-0.0892630959704156,1.53777872579342,2.5046844820685,-0.83507176863149,"andrewwiggins"
"355","Marvin Williams\willima02","PF",30,"CHO",1.47751370044893,-0.38148285801655,0.457787115203265,0.471443431562203,"marvinwilliams"
"356","Reggie Williams\willire02","SF",30,"NOP",-1.35473666230912,-1.40508903604853,-0.648197752377142,-0.422488021201902,"reggiewilliams"
"357","Kyle Wiltjer\wiltjky01","PF",24,"HOU",-1.53551860035751,-0.893285947032542,-1.24245827824124,-0.422488021201902,"kylewiltjer"
"358","Justise Winslow\winslju01","SF",20,"MIA",0.573604010207002,0.898024864523431,0.40826540471459,-0.491251979106834,"justisewinslow"
"359","Christian Wood\woodch01","PF",21,"CHO",-1.05343343222848,-0.765335174778544,-0.945328015309191,-0.422488021201902,"christianwood"
"360","Metta World Peace\artesro01","SF",37,"LAL",-1.41499730832525,-1.02123671928654,-1.01135696262742,-0.560015937011765,"mettaworldpeace"
"361","Brandan Wright\wrighbr03","PF",29,"MEM",-0.752130202147833,-0.893285947032542,-0.2685313052973,-0.147432189582178,"brandanwright"
"362","Thaddeus Young\youngth01","PF",28,"IND",0.814646594271517,0.258271003253441,0.424772641544149,0.884027178991791,"thaddeusyoung"
"363","Cody Zeller\zelleco01","PF",24,"CHO",0.874907240287646,-0.125581313508554,0.309221983737241,0.815263221086859,"codyzeller"
"364","Paul Zipser\zipsepa01","SF",22,"CHI",-0.270045034018802,-0.253532085762552,-0.483125384081558,-0.697543852821627,"paulzipser"
"365","Quincy Acy\acyqu01","PF",26,"TOT",-0.270045034018802,-0.637384402524546,-0.433603673592884,-0.491251979106834,"quincyacy"
"366","Justin Anderson\anderju01","SF",23,"TOT",-0.39056632605106,-0.253532085762552,-0.219009594808626,-0.353724063296971,"justinanderson"
"367","Matt Barnes\barnema02","SF",36,"TOT",0.754385948255388,0.386221775507439,-0.219009594808626,-0.00990427377231519,"mattbarnes"
"368","Bojan Bogdanovic\bogdabo02","SF",27,"TOT",0.0312581960618422,0.642123320015435,0.870468035942223,-0.766307810726558,"bojanbogdanovic"
"369","Corey Brewer\breweco01","SF",30,"TOT",-0.812390848163962,-0.509433630270548,-0.648197752377142,-0.560015937011765,"coreybrewer"
"370","Anthony Brown\brownan02","SF",24,"TOT",-0.39056632605106,-0.765335174778544,-0.747241173354491,-0.491251979106834,"anthonybrown"
"371","Omri Casspi\casspom01","SF",28,"TOT",-0.330305680034931,-0.38148285801655,-0.532647094570233,-0.560015937011765,"omricasspi"
"372","Mike Dunleavy\dunlemi02","SF",36,"TOT",-0.691869556131704,-0.765335174778544,-0.532647094570233,-0.422488021201902,"mikedunleavy"
"373","Tyreke Evans\evansty01","SF",27,"TOT",0.0915188420779711,0.514172547761437,0.309221983737241,-0.28496010539204,"tyrekeevans"
"374","Taj Gibson\gibsota01","PF",31,"TOT",0.754385948255388,0.258271003253441,0.391758167885032,-0.491251979106834,"tajgibson"
"375","Jerami Grant\grantje01","SF",22,"TOT",-0.511087618083317,-0.637384402524546,-0.483125384081558,-0.422488021201902,"jeramigrant"
"376","Spencer Hawes\hawessp01","PF",28,"TOT",-0.0892630959704156,-0.253532085762552,-0.36757472627465,-0.216196147487109,"spencerhawes"
"377","Serge Ibaka\ibakase01","PF",27,"TOT",1.35699240841668,0.258271003253441,1.05204764106736,0.26515155784741,"sergeibaka"
"378","Ersan Ilyasova\ilyaser01","PF",29,"TOT",0.935167886303775,0.386221775507439,0.771424614964873,0.127623642037547,"ersanilyasova"
"379","Terrence Jones\joneste01","PF",25,"TOT",0.935167886303775,-0.253532085762552,0.391758167885032,-0.28496010539204,"terrencejones"
"380","Chris McCullough\mcculch01","PF",21,"TOT",-1.41499730832525,-1.14918749154054,-1.01135696262742,-0.491251979106834,"chrismccullough"
"381","K.J. McDaniels\mcdankj01","SF",23,"TOT",-0.932912140196219,-0.637384402524546,-0.697719462865817,-0.628779894916696,"kjmcdaniels"
"382","Doug McDermott\mcderdo01","SF",25,"TOT",-0.330305680034931,-0.637384402524546,0.0946279049529825,-0.83507176863149,"dougmcdermott"
"383","Andrew Nicholson\nichoan01","PF",27,"TOT",-1.05343343222848,-0.893285947032542,-0.96183525213875,-0.697543852821627,"andrewnicholson"
"384","Johnny O'Bryant\obryajo01","PF",23,"TOT",-1.23421537027686,-0.765335174778544,-0.813270120672725,-0.422488021201902,"johnnyobryant"
"385","Terrence Ross\rosste01","SF",25,"TOT",-0.330305680034931,-0.253532085762552,0.424772641544149,0.196387599942478,"terrenceross"
"386","Axel Toupane\toupaax01","SF",24,"TOT",-1.59577924637364,-1.40508903604853,-0.928820778479633,-0.422488021201902,"axeltoupane"
"387","P.J. Tucker\tuckepj01","SF",31,"TOT",0.874907240287646,-0.38148285801655,-0.285038542126859,0.677735305276997,"pjtucker"
"388","Derrick Williams\willide02","PF",25,"TOT",-0.450826972067188,-0.637384402524546,-0.384081963104209,-0.697543852821627,"derrickwilliams"
"389","Troy Williams\willitr02","SF",22,"TOT",-0.691869556131704,0.00236945874544459,-0.36757472627465,-0.491251979106834,"troywilliams"
"390","Steven Adams\adamsst01","C",23,"OKC",0.190523639810906,0.898024864523431,0.474294352032824,0.608971347372066,"stevenadams"
"391","Alexis Ajinca\ajincal01","C",28,"NOP",-0.140970406138114,-0.38148285801655,-0.516139857740675,-0.628779894916696,"alexisajinca"
"392","Cole Aldrich\aldrico01","C",28,"MIN",-0.84539525377978,-1.02123671928654,-1.11040038360477,-0.147432189582178,"colealdrich"
"393","Chris Andersen\anderch01","C",38,"CLE",-0.803958498036153,-0.893285947032542,-1.01135696262742,-0.422488021201902,"chrisandersen"
"394","Joel Anthony\anthojo01","C",34,"SAS",-1.05257903249792,-1.14918749154054,-1.17642933092301,-0.422488021201902,"joelanthony"
"395","Omer Asik\asikom01","C",30,"NOP",-0.0166601389072316,-0.765335174778544,-0.945328015309191,-0.491251979106834,"omerasik"
"396","Aron Baynes\baynear01","C",30,"DET",-0.306717429112624,-0.509433630270548,-0.582168805058908,-0.353724063296971,"aronbaynes"
"397","Bismack Biyombo\biyombi01","C",24,"ORL",0.563454441503552,0.130320230999443,-0.400589199933767,-0.491251979106834,"bismackbiyombo"
"398","Tarik Black\blackta01","C",25,"LAL",-0.306717429112624,-0.253532085762552,-0.450110910422442,-0.353724063296971,"tarikblack"
"399","Clint Capela\capelca01","C",22,"HOU",0.687764708734435,0.258271003253441,0.688888430817082,0.333915515752341,"clintcapela"
"400","Willie Cauley-Stein\caulewi01","C",23,"SAC",-0.140970406138114,-0.253532085762552,-0.0539372265130424,-0.216196147487109,"williecauleystein"
"401","Tyson Chandler\chandty01","C",34,"PHO",1.847993869556,0.386221775507439,-0.00441551602436735,-0.0786682316772464,"tysonchandler"
"402","Anthony Davis\davisan02","C",23,"NOP",2.38667169422316,1.66572949804742,3.23100290256906,2.25930633709041,"anthonydavis"
"403","Deyonta Davis\davisde01","C",20,"MEM",-1.09401578824154,-1.14918749154054,-1.12690762043433,-0.491251979106834,"deyontadavis"
"404","Dewayne Dedmon\dedmode01","C",27,"SAS",0.43914417427267,-0.38148285801655,-0.549154331399792,0.402679473657272,"dewaynededmon"
"405","Andre Drummond\drumman01","C",23,"DET",2.38667169422316,1.02597563677743,0.853960799112665,0.815263221086859,"andredrummond"
"406","Joel Embiid\embiijo01","C",22,"PHI",0.894948487452572,3.45704030960339,1.94343842986351,0.26515155784741,"joelembiid"
"407","Cristiano Felicio\feliccr01","C",24,"CHI",-0.389590940599879,-0.765335174778544,-0.598676041888467,-0.0786682316772464,"cristianofelicio"
"408","Channing Frye\fryech01","C",33,"CLE",-0.140970406138114,-0.509433630270548,0.111135141782541,-0.0786682316772464,"channingfrye"
"409","Marc Gasol\gasolma01","C",32,"MEM",0.729201464478062,1.40982795353942,1.82788777205661,2.32807029499535,"marcgasol"
"410","Pau Gasol\gasolpa01","C",36,"SAS",1.01925875468345,0.258271003253441,0.655873957157965,1.22784696851645,"paugasol"
"411","Rudy Gobert\goberru01","C",24,"UTA",2.13805115976139,0.898024864523431,0.919989746430898,3.29076570566438,"rudygobert"
"412","Marcin Gortat\gortama01","C",32,"WAS",1.55793657935061,0.514172547761437,0.391758167885032,0.608971347372066,"marcingortat"
"413","Justin Hamilton\hamilju01","C",26,"BRK",-0.306717429112624,-0.509433630270548,-0.252024068467742,-0.147432189582178,"justinhamilton"
"414","A.J. Hammons\hammoaj01","C",24,"DAL",-1.01114227675429,-0.765335174778544,-1.02786419945698,-0.491251979106834,"ajhammons"
"415","Montrezl Harrell\harremo01","C",23,"HOU",-0.555337963574388,-0.38148285801655,0.111135141782541,0.127623642037547,"montrezlharrell"
"416","Udonis Haslem\hasleud01","C",36,"MIA",-0.803958498036153,-0.765335174778544,-1.07738590994566,-0.422488021201902,"udonishaslem"
"417","John Henson\hensojo01","C",26,"MIL",-0.0995336503944865,-0.253532085762552,-0.2685313052973,-0.00990427377231519,"johnhenson"
"418","Willy Hernangomez\hernawi01","C",22,"NYK",0.356270662785415,0.386221775507439,-0.0374299896834841,0.058859684132616,"willyhernangomez"
"419","Nene Hilario\hilarne01","C",34,"HOU",-0.389590940599879,0.00236945874544459,0.111135141782541,0.058859684132616,"nenehilario"
"420","Jordan Hill\hilljo01","C",29,"MIN",-1.1768892997288,-0.637384402524546,-1.11040038360477,-0.491251979106834,"jordanhill"
"421","Richaun Holmes\holmeri01","C",23,"PHI",0.0247766168363957,-0.125581313508554,0.226685799589449,0.333915515752341,"richaunholmes"
"422","Al Horford\horfoal01","C",30,"BOS",0.687764708734435,0.770074092269433,0.919989746430898,1.50290280013617,"alhorford"
"423","Dwight Howard\howardw01","C",31,"ATL",2.05517764827414,1.53777872579342,0.837453562283107,1.22784696851645,"dwighthoward"
"424","Al Jefferson\jeffeal01","C",32,"IND",-0.265280673368996,-0.765335174778544,-0.0539372265130424,-0.560015937011765,"aljefferson"
"425","Nikola Jokic\jokicni01","C",21,"DEN",1.30931604488885,1.53777872579342,1.36568514082897,3.22200174775945,"nikolajokic"
"426","Damian Jones\jonesda03","C",21,"GSW",-0.969705521010662,-0.637384402524546,-1.07738590994566,-0.560015937011765,"damianjones"
"427","DeAndre Jordan\jordade01","C",28,"LAC",2.63529222868492,0.386221775507439,0.70539566764664,2.25930633709041,"deandrejordan"
"428","Frank Kaminsky\kaminfr01","C",23,"CHO",-0.0166601389072316,-0.125581313508554,0.540323299351057,-0.28496010539204,"frankkaminsky"
"429","Enes Kanter\kanteen01","C",24,"OKC",0.107650128323651,0.770074092269433,0.969511456919573,-0.216196147487109,"eneskanter"
"430","Kosta Koufos\koufoko01","C",27,"SAC",0.107650128323651,-0.253532085762552,-0.301545778956417,-0.422488021201902,"kostakoufos"
"431","Alex Len\lenal01","C",23,"PHO",0.356270662785415,0.258271003253441,-0.0704444633426007,-0.353724063296971,"alexlen"
"432","Shawn Long\longsh01","C",24,"PHI",-0.555337963574388,-0.509433630270548,-0.0374299896834841,-0.216196147487109,"shawnlong"
"433","Kevon Looney\looneke01","C",20,"GSW",-0.928268765267035,-1.02123671928654,-0.978342488968308,-0.216196147487109,"kevonlooney"
"434","Brook Lopez\lopezbr01","C",28,"BRK",0.0247766168363957,1.79368027030142,1.99296014035219,0.952791136896722,"brooklopez"
"435","Robin Lopez\lopezro01","C",28,"CHI",-0.140970406138114,0.00236945874544459,0.325729220566799,-0.00990427377231519,"robinlopez"
"436","Ian Mahinmi\mahinia01","C",30,"WAS",-0.182407161881741,0.00236945874544459,-0.466618147252,-0.147432189582178,"ianmahinmi"
"437","Thon Maker\makerth01","C",19,"MIL",-1.01114227675429,-1.02123671928654,-0.730733936524933,-0.353724063296971,"thonmaker"
"438","Boban Marjanovic\marjabo01","C",28,"DET",-0.555337963574388,-1.02123671928654,-0.483125384081558,-0.28496010539204,"bobanmarjanovic"
"439","JaVale McGee\mcgeeja01","C",29,"GSW",-0.762521742292525,-0.765335174778544,-0.384081963104209,-0.0786682316772464,"javalemcgee"
"440","Salah Mejri\mejrisa01","C",30,"DAL",-0.348154184856251,-0.765335174778544,-0.912313541650074,-0.0786682316772464,"salahmejri"
"441","Greg Monroe\monrogr01","C",26,"MIL",0.314833907041788,0.770074092269433,0.540323299351057,0.884027178991791,"gregmonroe"
"442","Timofey Mozgov\mozgoti01","C",30,"LAL",-0.306717429112624,0.258271003253441,-0.16948788431995,-0.697543852821627,"timofeymozgov"
"443","Mike Muscala\muscami01","C",25,"ATL",-0.596774719318016,-0.38148285801655,-0.36757472627465,0.26515155784741,"mikemuscala"
"444","Joakim Noah\noahjo01","C",31,"NYK",0.60489119724718,0.258271003253441,-0.56566156822935,0.333915515752341,"joakimnoah"
"445","Lucas Nogueira\noguelu01","C",24,"TOR",-0.389590940599879,-0.38148285801655,-0.6647049892067,0.952791136896722,"lucasnogueira"
"446","Kyle O'Quinn\oquinky01","C",26,"NYK",-0.058096894650859,-0.125581313508554,-0.351067489445092,0.746499263181928,"kyleoquinn"
"447","Daniel Ochefu\ochefda01","C",23,"WAS",-1.1768892997288,-1.14918749154054,-1.17642933092301,-0.491251979106834,"danielochefu"
"448","Jahlil Okafor\okafoja01","C",21,"PHI",-0.223843917625369,0.898024864523431,0.556830536180615,-0.697543852821627,"jahlilokafor"
"449","Kelly Olynyk\olynyke01","C",25,"BOS",0.0247766168363957,0.258271003253441,0.0946279049529825,0.26515155784741,"kellyolynyk"
"450","Arinze Onuaku\onuakar01","C",29,"ORL",-1.34263632270331,-1.02123671928654,-1.30848722555947,-0.422488021201902,"arinzeonuaku"
"451","Chinanu Onuaku\onuakch01","C",20,"HOU",-0.886832009523407,-0.38148285801655,-0.928820778479633,-0.422488021201902,"chinanuonuaku"
"452","Zaza Pachulia\pachuza01","C",32,"GSW",0.0662133725800231,0.130320230999443,-0.384081963104209,0.608971347372066,"zazapachulia"
"453","Georgios Papagiannis\papagge01","C",19,"SAC",-0.389590940599879,0.00236945874544459,-0.466618147252,-0.491251979106834,"georgiospapagiannis"
"454","Marshall Plumlee\plumlma02","C",24,"NYK",-1.01114227675429,-0.637384402524546,-1.07738590994566,-0.422488021201902,"marshallplumlee"
"455","Jakob Poeltl\poeltja01","C",21,"TOR",-0.886832009523407,-0.765335174778544,-0.879299067990958,-0.28496010539204,"jakobpoeltl"
"456","Dwight Powell\poweldw01","C",25,"DAL",-0.389590940599879,-0.893285947032542,-0.285038542126859,0.402679473657272,"dwightpowell"
"457","Willie Reed\reedwi02","C",26,"MIA",-0.348154184856251,-0.893285947032542,-0.516139857740675,-0.147432189582178,"williereed"
"458","Larry Sanders\sandela01","C",28,"CLE",-1.46694658993419,-0.893285947032542,-1.2589655150708,-0.422488021201902,"larrysanders"
"459","Jason Smith\smithja02","C",30,"WAS",-0.472464452087133,-0.38148285801655,-0.450110910422442,-0.28496010539204,"jasonsmith"
"460","Marreese Speights\speigma01","C",29,"LAC",-0.0995336503944865,-0.38148285801655,0.0451061944643074,0.196387599942478,"marreesespeights"
"461","Tiago Splitter\splitti01","C",32,"PHI",-0.803958498036153,-0.38148285801655,-0.582168805058908,-0.491251979106834,"tiagosplitter"
"462","Jarnell Stokes\stokeja01","C",23,"DEN",-1.34263632270331,-1.40508903604853,-1.14341485726389,-0.422488021201902,"jarnellstokes"
"463","Diamond Stone\stonedi01","C",19,"LAC",-1.25976281121605,-1.02123671928654,-1.15992209409345,-0.491251979106834,"diamondstone"
"464","Tristan Thompson\thomptr01","C",25,"CLE",0.729201464478062,-0.38148285801655,-0.0539372265130424,0.952791136896722,"tristanthompson"
"465","Mike Tobey\tobeymi01","C",22,"CHO",-1.34263632270331,-0.765335174778544,-1.22595104141168,-0.422488021201902,"miketobey"
"466","Karl-Anthony Towns\townska01","C",21,"MIN",2.05517764827414,1.92163104255542,2.75229303451187,3.22200174775945,"karlanthonytowns"
"467","Myles Turner\turnemy01","C",20,"IND",0.770638220221689,0.258271003253441,1.00252593057869,1.50290280013617,"mylesturner"
"468","Jonas Valanciunas\valanjo01","C",24,"TOR",1.22644253340159,0.258271003253441,0.589845009839732,0.058859684132616,"jonasvalanciunas"
"469","Anderson Varejao\varejan01","C",34,"GSW",-1.09401578824154,-0.637384402524546,-1.17642933092301,-0.422488021201902,"andersonvarejao"
"470","Nikola Vucevic\vucevni01","C",26,"ORL",1.76512035806875,0.642123320015435,1.01903316740825,0.677735305276997,"nikolavucevic"
"471","David West\westda01","C",36,"GSW",-0.596774719318016,0.00236945874544459,-0.631690515547583,0.196387599942478,"davidwest"
"472","Hassan Whiteside\whiteha01","C",27,"MIA",2.71816574017218,1.15392640903143,1.41520685131765,0.196387599942478,"hassanwhiteside"
"473","Alan Williams\willial03","C",24,"PHO",0.190523639810906,-0.38148285801655,-0.16948788431995,-0.353724063296971,"alanwilliams"
"474","Jeff Withey\witheje01","C",26,"UTA",-0.969705521010662,-1.02123671928654,-0.912313541650074,-0.147432189582178,"jeffwithey"
"475","Tyler Zeller\zellety01","C",27,"BOS",-0.886832009523407,-0.893285947032542,-0.813270120672725,-0.491251979106834,"tylerzeller"
"476","Stephen Zimmerman\zimmest01","C",20,"ORL",-1.01114227675429,-1.14918749154054,-1.19293656775257,-0.491251979106834,"stephenzimmerman"
"477","Ivica Zubac\zubaciv01","C",19,"LAL",-0.265280673368996,-0.38148285801655,-0.152980647490392,-0.491251979106834,"ivicazubac"
"478","Andrew Bogut\bogutan01","C",32,"TOT",0.936385243196199,0.642123320015435,-0.912313541650074,-0.216196147487109,"andrewbogut"
"479","DeMarcus Cousins\couside01","C",26,"TOT",2.13805115976139,3.3290895373494,3.06593053427348,3.22200174775945,"demarcuscousins"
"480","Roy Hibbert\hibbero01","C",30,"TOT",-0.721084986548898,-0.509433630270548,-0.631690515547583,-0.28496010539204,"royhibbert"
"481","Joffrey Lauvergne\lauvejo01","PF-C",25,"TOT",-0.472464452087133,-0.38148285801655,-0.499632620911117,-0.628779894916696,"joffreylauvergne"
"482","Nerlens Noel\noelne01","C",22,"TOT",0.0662133725800231,-0.125581313508554,0.0451061944643074,0.540207389467134,"nerlensnoel"
"483","Jusuf Nurkic\nurkiju01","C",22,"TOT",0.43914417427267,1.40982795353942,0.292714746907682,-0.00990427377231519,"jusufnurkic"
"484","Mason Plumlee\plumlma01","C",26,"TOT",0.687764708734435,0.770074092269433,0.325729220566799,1.29661092642138,"masonplumlee"
"485","Miles Plumlee\plumlmi01","C",28,"TOT",-1.01114227675429,-0.509433630270548,-0.978342488968308,-0.560015937011765,"milesplumlee"
"486","Edy Tavares\tavarwa01","C",24,"TOT",-0.0995336503944865,-0.125581313508554,-0.730733936524933,-0.422488021201902,"edytavares"
